"M01","M02","M03","M04","M05","M06","M07","M08","M09","M10","M11","M12","M13","M14","M15","M16","M17","M18","M19","M20","M21","M22","M23","M24","M25","M26","M27","M28","M29","M30","M31","M32","M33","M34","M35","M36","M37","M38","M39","F01","F02","F03","F04","F05","F06","F07","F08","F09","F10","F11","F12","F13","F14","F15","F16","F17","F18","F19","F20","F21","F22","F23","F24","F25","F26","F27","F28","F29","F30","F31","F32","F33","F34","F35","F36","F37","F38","F39","F40","F41","F42","F43","F44","F45","F46","F47","F48","F49","F50","F51","F52","F53","F54"
0,62.3604943052892,72.1692974886135,43.7449854269035,71.3248116015738,62.5812372041333,70.1152533333511,27.7444814332508,73.6779224055619,12.9722299547919,51.1889148156122,23.8154624141544,42.8042930089962,23.2579287555879,33.7469813464849,27.4112431312409,35.7188325677086,35.0658487705631,58.4436266841818,48.5045229849753,68.7399629036851,62.8042892643488,56.9278600511209,69.9176479867565,62.1091478769432,47.6074180144229,48.4077344026758,77.1733438435837,10.1890872996555,50.8902618385875,32.2612770980939,7.58477092600694,58.3688487123054,59.86217503566,19.7248257280007,40.721354962722,23.1433575783636,28.9895239698757,54.0506128549899,77.9487331519891,64.6114444197001,65.4293034503654,57.5243969981433,56.7458919217947,71.4149931737027,88.6172175708536,35.9111925449434,63.9913275374093,41.0447926051527,71.2315677912539,72.5074220338856,111.245707782368,57.6610462097246,50.9049727433382,101.429291873699,72.4428481632245,46.3908261405205,63.0277319915607,52.8581474325387,46.6744576829769,68.0999265785214,72.7468212363949,88.8950926654559,32.4353780616166,95.4042582907073,62.5087593861852,62.1105969219424,107.569791298487,63.0637574205661,66.8524307710647,63.6554200363174,50.0340134308652,69.5517702866002,54.4278536229383,68.6980258086068,80.4786151719822,36.1220846574502,49.1024184740426,51.3349661536852,71.8788825038342,104.613586593712,43.5746342497559,58.8521027661714,69.3829680108887,73.89052713305,76.8266799360743,99.2377700273439,42.2003702590392,57.0324907399282,49.4941284396442,65.151534901336,52.2820236792724,51.1620709119559
62.3604943052892,0,19.8362357820227,21.6637946814495,24.7845213792802,12.3284224457146,11.7099316821235,36.2720967135896,15.4116838794468,54.768124853787,12.1585875001992,39.3765793334058,21.7437634736952,40.20074626173,33.3067185414595,36.3540231611303,30.37826114181,34.046292015431,14.4381872130818,22.0623548153863,9.21567957342267,15.8879671449811,12.9131715701449,20.8567435137895,14.0684043160552,19.355361014458,17.2073385507463,19.5757822321357,66.9320270871875,14.7643150873991,34.0355512662863,58.4748236423164,7.66200039154267,19.9895910413395,54.0604522733578,26.4724857163055,45.3588332080974,38.2151965846049,14.0409223343767,27.7086403491763,19.8191195566302,31.6676885800022,20.6813321621215,18.3876317126486,24.6263578305847,30.9902403991966,69.9990714224125,23.2004040913084,36.4357825495762,15.5213562551731,22.3256578850434,52.7398686953238,15.1005794590804,29.9580540088972,44.2388969121067,28.4804318787479,37.5515978355116,25.254628288692,23.1226079843948,30.7449792649141,25.5191349775027,24.9349904752338,34.9015938031489,33.4671854209463,40.5907470983228,21.2388500159496,20.2711001181485,51.6391203449478,17.5815599421667,18.471024606123,29.3963645711506,18.5988910959767,22.23493872265,23.4029378497658,20.1490694574216,26.9830270725877,41.1152192016533,27.0258441126267,28.1252111103188,24.019106977571,49.5909896049676,33.9833415072738,19.8205385900585,22.1066732006424,27.0933801877876,27.6079245869732,44.6278080349013,25.6935789644028,19.1847921542038,20.7193749905734,18.6762215129292,31.796560348566,30.138741679108
72.1692974886135,19.8362357820227,0,29.3203640836876,10.6770197152576,11.2688175954711,12.8854084141714,45.1365843856178,9.95144461874757,66.0768775745343,25.0878954876649,49.3565725106596,30.1652117512873,50.3155666767254,44.3123430885797,46.6538449648043,37.69751318058,42.9146099830815,16.1452779474371,25.2248637260937,11.8112234759994,10.144395004139,19.0934871094832,5.64402338761986,10.9768506412358,28.9068547234043,34.3988916972626,8.2126426928243,78.3258577993245,24.3511550034079,41.5999699519122,69.563990325455,19.317090878287,13.418364281834,67.1749116114044,33.8617594049689,56.6259437007455,49.0076524636714,19.0892312574393,26.6634112596269,20.8775896597284,41.5551290456425,28.8444318716802,23.1465170166053,16.7750186289017,19.0297464512799,83.9016313905755,27.1592065421654,48.3672668237518,13.8333383534127,19.1174331435996,40.01843325269,22.0841855181485,37.9366083091254,31.4187245126215,30.708569650832,50.1813585906161,28.8585775810243,31.2429792113364,39.6218058649527,25.9276396920352,21.5766656367475,24.833948538241,41.9482866157844,26.313684652667,28.5702205101746,23.8604536838678,36.5783064124079,17.4054589138006,21.0540969884723,37.0039187114014,28.5374315592697,21.5637137339559,31.2814841399829,16.1322270626222,14.6104414717694,53.1142871551525,35.488096595901,37.6339441196375,21.941598619973,35.2620901252322,45.1256994405627,25.8075085973055,20.2570049612474,23.6475685853747,21.6966299226401,34.1724669873277,32.4867857751425,24.8893049320386,27.9151168724045,22.7630182532985,43.8689810686321,41.1741423711533
43.7449854269035,21.6637946814495,29.3203640836876,0,29.6716615645299,20.0550492395307,27.7949186003485,17.3355126835061,30.714654482836,38.448439500193,11.0764953843714,20.8532971014178,4.49708238750415,22.4239826971036,20.5306478222193,19.2517531669196,11.6097480592819,20.5655050995593,16.2423443504933,11.0386819865417,25.9925229633447,20.1560784876424,14.4544110914281,28.0386563515444,19.4544339419064,10.259385946537,17.868757651275,34.0893495097809,49.8034511856357,9.77701385904714,16.2671832226726,41.153553917007,17.2332164728468,18.6933477472603,39.7484905373776,10.0290827097995,30.7161398941989,24.1444351766613,11.7365880902416,40.9950759238229,27.3785043419103,39.1739390411534,25.0595790068389,20.6128600635623,32.5274115170574,45.8313757157692,59.1290114918218,30.2101183380668,29.4812440375232,29.8084300156852,33.606175027813,68.3659363279696,20.2306079987726,26.9344574847907,59.3781104448432,38.3109644879896,34.1429714582665,30.1759631163614,22.7487362286348,25.2601712187388,33.0078589126893,35.0718726332085,48.7590376238088,16.301610349901,53.7405456801473,29.1876900422079,26.4446119275742,65.192148683718,24.3102601796032,29.4891717415054,35.0860192954402,16.1402060085985,32.1540432916297,24.1916824549265,29.3563451403611,38.8876747826352,31.7203995876471,23.0262621803887,26.8953992348134,34.2052262088705,62.9861393482725,27.9691347738896,24.7517928643563,31.7320815579438,36.7166685580269,38.3642085803943,58.9018144881802,12.3501012141602,21.9061349854327,16.1932856456002,28.1525087692021,32.371264263232,29.3161431637929
71.3248116015738,24.7845213792802,10.6770197152576,29.6716615645299,0,15.3900129954461,17.5289760111651,44.3594691131443,18.4147359470615,66.1096437745659,27.5472094775496,49.0390405697338,30.3496087289441,50.3310291967093,46.3610828173804,46.9273108115093,36.2281140828501,43.1931996962485,16.6196795997997,24.5310007949125,17.9916994750357,13.7389955964765,19.3911706712101,9.80363453011177,16.0044525054748,27.6472873895433,37.9811137277463,16.6539409750365,77.9582821129353,24.7818986358995,40.9686007815742,69.4840089517005,24.6865094737996,14.8956789036284,67.722559018395,32.5793646346886,58.1192846652469,49.4953406898063,20.4249847001167,31.6472155173248,24.2739572381596,45.4415008554955,32.9178522993223,25.8266819394207,18.3698121928342,22.3541383193359,85.0200711596973,30.691550140063,49.4728081879329,20.0294782757814,23.0601929740408,42.905375537338,26.0414093320619,38.0876292252484,35.284238690951,33.313248115427,52.8615171935123,30.2435736975642,33.3191011283318,39.8921828181913,27.3971485742586,24.3424783043962,28.1986480172366,41.2937646624766,28.5509413154803,32.7904139955567,28.0877197365681,37.9852109379427,21.3202661803271,26.6503517800422,38.7151617586702,31.4778692099704,25.4298053472692,33.0336192385878,19.7599974696355,16.6730696034054,53.6255885748585,36.6240870193374,39.6330039234979,24.7021254146278,36.6533593276251,46.9934037924473,29.7888611732641,23.607361140119,24.6358224948955,23.5366735117773,36.1334851626576,32.3943282072649,27.3783445445483,30.4235106455517,27.0800433899209,47.2186800959112,43.378926335261
62.5812372041333,12.3284224457146,11.2688175954711,20.0550492395307,15.3900129954461,0,10.1684561266694,35.4170156845548,13.6852109958159,55.8265393876425,15.1278303136967,39.7550625706966,20.5096623570453,40.366570327438,34.0256153507912,36.5408675321208,28.1987366738299,33.0590380985291,6.84552773714343,16.3190839203676,9.57933974760264,6.2571958575707,11.2977873939989,10.4586686533229,5.89321643926303,19.889947209583,24.4467277973965,15.2077693959371,68.2310871230995,14.4953440800831,31.9931047258624,59.5973153757785,10.6977217200673,9.70328552604735,56.615258543965,24.0555087246144,46.6147374764677,38.6187939998131,9.17946076847654,25.8863622396041,15.4647179088401,34.3253914762818,20.4016543446849,14.5607348715647,17.1338116016256,26.6461066574462,73.3469835780586,21.1314635082381,38.0373664966438,11.8495780515595,17.7025421903183,49.0135057917713,12.7423506465644,29.0004310312795,39.9714898396344,27.0676005586014,40.3151646406163,22.7976150068379,22.1489277392834,30.0459439858361,21.9965054042682,20.2823507020266,30.0514766692088,32.1055680529094,34.8060160029843,21.3256594270845,17.4903544846867,46.2030166764033,11.4636926860414,16.1570031255799,29.7597253011516,18.2474313260798,18.5072283176061,22.3366850718722,13.7182360382084,20.216670101676,42.6270014192882,26.12539473386,28.5682078541864,19.9388439985873,44.0761415053541,35.3543844522854,17.8149866685328,17.3762769314948,22.3675266849064,22.5554317183245,40.4731546830736,22.6889841112378,16.3279285275261,18.361576729682,16.6690206670938,34.4790697380309,31.6714974385487
70.1152533333511,11.7099316821235,12.8854084141714,27.7949186003485,17.5289760111651,10.1684561266694,0,43.0202568565089,11.0481898969922,62.7374290196849,20.6686658979238,47.2562429738125,28.1247888880966,47.6726074386539,40.8236451091766,43.667522256249,35.7506818116802,39.993343196087,13.6416183057583,24.640718333685,6.42271360096338,14.1037229127631,16.2876486946397,13.9047204214972,13.9745304035592,25.2436625710296,27.7658963478581,11.825977760845,75.1253868542452,20.5277251540447,39.8194205131114,66.7180822566117,15.3110662594086,18.9605181891213,62.6194857851771,31.006289684514,53.6964733478838,45.2513950061211,17.3615955487968,23.1392793751232,17.7077666575997,34.1458635855062,23.7420513014356,19.820759319461,18.2323887628582,20.462465638334,78.3398844778316,22.8963152057269,42.4736241684177,8.15505977905742,15.8569385443723,42.817475988199,17.476269624837,32.883164385442,34.6699077010597,25.4781769363508,43.9869298769532,24.6085097070099,26.6436202495081,34.6852454222253,22.3783098110648,19.3511304579345,25.6122773294371,39.5004430354901,30.418600395153,22.4446263056439,20.5980581609044,41.3015284220814,15.6575461040356,16.9259047025558,29.7003998289585,23.9634356885652,18.5807696288394,25.9062733715214,14.6106981352706,16.3831086793685,47.4879326776814,30.8856560558457,32.4492680965226,18.9006613640899,39.2773948983382,40.1591832586272,21.5883359710747,17.7632345027588,20.6738663534424,20.5665991354915,35.1121595747114,30.2296625849512,20.5618274966016,25.3784357279955,17.0980627557627,37.3547018459524,34.7667405719892
27.7444814332508,36.2720967135896,45.1365843856178,17.3355126835061,44.3594691131443,35.4170156845548,43.0202568565089,0,46.9291487244335,22.330976243774,25.1919878135887,8.57904423581089,16.4301932429293,7.67333043730035,14.1552993610167,6.49807663851388,9.49624925957611,13.633598204436,31.0209002125986,21.2495294065539,41.8537184727952,35.8079251004579,29.9978332550869,42.7400134534373,35.2831404497956,21.388197680029,25.5054405960768,50.0774525110853,33.7908456538158,24.3685247809546,6.77412355954626,25.4198741145585,32.2610639936131,33.1577856618924,25.6664664494355,13.8844337299005,17.9628435944869,12.4399055462652,26.7201702838885,52.0522213743083,38.2301909490392,43.9349803687221,32.7321325305883,30.4725286118497,44.4455003346795,61.0813392125615,45.8013646084917,38.7087038016,23.7960343334766,44.153057651764,45.7014770002021,83.8141321615872,31.3672201509793,28.3519840575576,74.0993252330951,47.2274284711755,30.6934439253727,37.6913285783348,27.9803502479865,24.3620350135205,42.329850578522,46.177903265523,61.8900335272166,7.95471558259627,68.0975311593599,37.5580717023651,36.0604700468532,80.222869245621,36.1613917044131,40.7720952368161,40.220221903913,24.2880371788253,43.0979987934475,29.7360471482004,41.714865455854,53.0505301575771,22.8357450064586,25.1882164910499,29.0535281850587,45.3274475345789,77.2950273303529,24.5538693488419,33.4571927991575,42.7545903968217,47.3483500240505,50.0537461135528,72.1830052713241,15.4231968151872,30.843658181221,23.5533967826299,38.8929460185263,32.9624217860278,30.1415618374364
73.6779224055619,15.4116838794468,9.95144461874757,30.714654482836,18.4147359470615,13.6852109958159,11.0481898969922,46.9291487244335,0,66.9220255222449,23.6934853915586,50.3387524676566,31.5805517684539,51.4221742052978,44.6453525016882,47.7867136346495,40.1477116408893,44.3916658844878,19.0328991485795,28.7628666860589,7.53284474816786,13.7708932172172,19.7520884971691,13.7843661442955,12.9903810567666,29.6119908145332,31.0800981336932,6.2474994997999,79.10869895277,24.6991902701283,43.8633531549972,70.3950637473964,16.5047341693224,18.8048863330784,66.8013285796024,36.3974930455382,56.7970839920501,49.8564564524997,20.8851023459307,25.2833690397463,21.5151690674277,39.0556974076766,28.1430719716238,24.2842541577871,20.5473234266656,19.7038067388005,82.861571310228,27.0364337515139,48.3048781180535,12.6418946364855,20.3430577839223,40.0301605042998,22.0748159675228,38.6550772861729,31.8414823775527,29.8218041037091,48.750410254684,29.5859975326167,31.5272897661692,40.5905623267281,26.8631950817471,22.839083825758,26.0030046340803,43.7488571279296,28.509976324087,27.4900663876972,24.1053417316577,38.5047237361859,19.1349483929275,20.3363897976017,36.4256949144419,28.497697275394,21.8621247823719,31.8004323869975,18.3435274688376,18.2957303762381,53.2210602111608,36.1895185101985,37.353614282958,22.6396223466735,37.2748071758929,44.7604457082367,25.8887765257457,21.6112239357238,25.4411330329449,23.1428714726587,34.7893841566648,34.9512517658524,25.9157529313736,28.8718288301936,22.3526564416849,42.162320263477,40.392434316342
12.9722299547919,54.768124853787,66.0768775745343,38.448439500193,66.1096437745659,55.8265393876425,62.7374290196849,22.330976243774,66.9220255222449,0,44.3599340621692,20.1374650837686,37.173024493576,17.0011029054,24.1217743957612,20.0665766886133,30.6997760578151,26.5243755817173,51.9349954269758,42.3086870512428,61.7132988099,56.7855615451674,51.067430912471,63.6395808439999,55.8817277828809,42.0668218433482,39.9811830740412,70.3013780092539,13.921521109419,44.8333859974908,25.8432051030827,7.70373286141205,51.0243936759664,54.3293774122251,10.3918237090513,34.7577329525388,13.2942186682783,19.171039356279,47.4905253708569,68.4975638252924,56.0645609989055,54.2056270141763,47.7645265861602,48.3798770151393,63.7518627178846,81.4147867404933,28.1649161191721,54.4662854433823,29.6523818604847,63.2056563924464,63.9831813838606,104.014668436716,49.0913943578709,41.606279574122,93.841608575301,62.8365140662656,34.6331488605931,53.7857206886735,43.2831664738152,36.9076042300228,59.3420066226278,64.1539651931196,80.6620651235759,25.8413428443647,88.2640144679586,52.573294075985,52.9956130259855,100.943653837178,54.9453250968633,57.8062820980557,53.2681307162172,41.2108753850243,60.6953457853236,44.9279979522792,60.684821001631,73.2571583532968,24.8572675489483,39.4363252598413,41.162665122657,63.2022547066163,97.5183764733601,32.5246060698666,49.5496342065206,60.6977141249981,65.3978879628387,68.59318479266,91.1625128547914,34.9738116309904,48.2179297564713,41.0657399787219,56.0534008780912,40.8990678377882,40.2784837102888
51.1889148156122,12.1585875001992,25.0878954876649,11.0764953843714,27.5472094775496,15.1278303136967,20.6686658979238,25.1919878135887,23.6934853915586,44.3599340621692,0,27.8647851238799,10.9085975267218,29.3598577993832,24.2819634708563,26.003389202179,19.8280104902131,25.2810947152215,13.6774449368294,15.1209705376341,18.2905030001911,16.9641902252951,10.8885834707734,24.7705974897659,15.3335009048814,11.4033438078486,11.987024234563,27.7759788306371,56.2271064523153,6.51603790658096,23.6819551557721,47.6658551795727,9.14726735150994,18.0486841625643,44.1934808540807,17.1948756901584,35.4736521942695,28.7272953826148,9.49335293771383,34.8049565435729,22.7032761952983,33.8475072937432,20.8603990853483,17.5167419915919,28.877521534924,40.0561012830754,61.9043920089682,25.7156567094834,30.4444576236792,23.3110756937555,28.7591941820351,62.4117176498131,15.2933400537619,26.0412413298598,53.5187000028962,33.0934472365754,32.9948291403365,26.7532241047691,20.5008231542053,25.7020427203754,28.8278511165851,30.3205375941786,43.0744994167082,23.0943445457974,48.8335693964715,24.0893129831467,22.3928839143153,60.2075991881423,20.1180888754374,23.6121261219738,31.1686140211592,13.755635208888,27.1568361559295,21.8415029244784,24.9910734063185,34.2254656652031,33.8936572237344,22.8149621958924,25.102265833984,29.3179765672872,58.0707973081135,28.4180180519332,20.5276642606995,26.9043909055752,32.3627872718034,33.5593317871497,53.30051594497,17.3439110352884,18.9603533722344,15.4176441131581,22.976346532902,29.3346211838503,27.2806249928406
23.8154624141544,39.3765793334058,49.3565725106596,20.8532971014178,49.0390405697338,39.7550625706966,47.2562429738125,8.57904423581089,50.3387524676566,20.1374650837686,27.8647851238799,0,19.8232502380412,7.7746382552502,17.5113534599699,10.3135832764369,14.8078948537596,18.5759252797808,36.0007812415231,27.139408615517,45.4617284097294,39.9915928665013,34.0077197118537,47.6201506717482,39.1327867650644,25.063220064469,27.0249421831019,54.0159351488059,30.059378736095,27.7805687486776,13.8323443421569,21.4458620717377,35.2968305942616,37.5721805329422,22.8747131129551,20.2280127545936,16.3608908681648,15.4869703299257,31.2327952639529,57.16116470122,43.4247913063494,48.2126280138306,37.6413668720996,35.6843102777677,50.092140102016,65.9800727492779,44.0286838322474,43.9856084418529,28.1244777729294,48.8946571723333,51.3466162468375,88.5503740816491,36.1069591630201,33.2977476715768,79.0599456109097,52.6285093841731,33.552011862182,43.3895868844127,33.477753807566,30.036040850951,47.741085555316,51.7669658179809,67.1594092439771,13.3094890961299,73.2855630393872,42.6214587971834,41.6229203684701,85.176485898398,41.5354216302182,45.6596512251243,45.8431701565239,29.0665400417731,48.5850028300915,35.215373063479,47.2034426710595,58.4387606815887,26.0579402486075,31.0610890021583,33.7254725689648,50.8960951350887,82.5590167698235,28.9651083201841,38.4738710035785,48.3232863120877,53.2555278820894,55.5865316421163,77.5201344813075,21.9350176658238,36.5763072220256,28.6768634965542,44.3240482131314,36.5046743582243,34.7615987837153
42.8042930089962,21.7437634736952,30.1652117512873,4.49708238750415,30.3496087289441,20.5096623570453,28.1247888880966,16.4301932429293,31.5805517684539,37.173024493576,10.9085975267218,19.8232502380412,0,21.6339143476163,19.5979271863123,18.4643237081676,10.2001225482834,19.2317120922709,16.8844603111855,11.2273661203329,26.5371437799926,21.1094469373312,15.4120488579553,28.6764711915535,20.2595964915395,10.0698187669888,17.0805078964298,34.8892175320686,48.8846090298368,9.5325101625962,15.3196768895431,40.2103065146238,17.7155299102228,19.4658033484365,38.6685757431018,9.6446228542126,29.5010593030149,22.4724275502225,12.1855960051201,40.82006246933,27.174965501358,38.0076801449391,24.4417931011618,20.0828596071376,32.6526606879133,46.6007644787079,57.7088273143719,29.6788224159922,28.0020088565088,30.2194680628233,33.8275220789227,69.1475596098662,19.7468035388009,25.3518490449908,60.0290034066867,37.9250741594529,32.7174838580231,29.6386150148754,21.7262226353317,23.7245126398837,32.5253362780464,35.0154608708782,48.9282638155085,14.8960984824886,54.4229730904147,28.6854056969742,26.6129902491246,65.9655781449689,24.4076832165611,29.1864694678887,34.2634645066724,15.6741825943173,32.1634691847754,23.0796717914272,29.5018431627585,39.4032359077272,30.0098733752743,22.0808740769019,25.4610241349401,34.2034903189718,63.6372925256881,26.8734767010151,24.0105705888053,31.5731887841567,36.5494528002814,38.4898525588239,59.2345971540282,11.4129860247001,21.4274940205335,15.6175782373581,28.2802934921121,31.0349399870533,28.0467466919071
23.2579287555879,40.20074626173,50.3155666767254,22.4239826971036,50.3310291967093,40.366570327438,47.6726074386539,7.67333043730035,51.4221742052978,17.0011029054,29.3598577993832,7.7746382552502,21.6339143476163,0,13.2688545097156,5.45068802996465,15.0999586092148,14.0652052953379,36.3015323368036,26.6876844255923,46.4642739101775,40.9149422582997,35.5164046603819,48.0572445111036,40.1884311711716,26.5842058373012,27.158009868177,54.8503076563842,28.2390022840751,29.4905069471517,11.1170477196061,19.8066907887209,36.1349034867952,38.5846310076953,19.7253010116449,19.5042943989266,12.5209324732625,10.1457503418919,31.8548661902699,55.4548352265156,41.9526816782908,45.1695970759094,35.2263750618766,34.1377357187028,49.1423697027321,66.1158453020152,40.0437261003518,41.7395945116864,23.0143705106179,48.4745551810432,49.8242912644024,88.7402882010195,34.9403420132087,30.1763980620617,78.8358103909638,50.3395470778194,28.934451783298,41.046391437007,30.9148831471186,26.1585311131952,45.8707559344731,50.2007843564222,66.2773056935781,10.9017200477723,73.0077649979781,40.1400516940375,39.5147124499217,85.4259255144479,40.3993966539106,44.2236220814171,42.502485221455,27.2053992802899,46.9463257348219,32.4421408048236,46.0632717031693,58.0901777411638,20.7517770323411,27.5974862985744,30.485529354105,49.3148811212194,82.3081177648961,24.3430174793512,36.4999828767083,46.8453306104248,51.6214708236796,54.3250172572453,76.6372053900715,20.0214884561563,34.5066116852988,26.9355248695844,42.3012558915217,32.6604692250433,30.7816300737956
33.7469813464849,33.3067185414595,44.3123430885797,20.5306478222193,46.3610828173804,34.0256153507912,40.8236451091766,14.1552993610167,44.6453525016882,24.1217743957612,24.2819634708563,17.5113534599699,19.5979271863123,13.2688545097156,0,9.79553469699332,17.74348471975,11.1077675524833,31.0952367734996,22.9280396021989,39.8768259770007,35.4237914402171,31.5898322249423,42.0073356689043,34.2540873473517,25.6561396160841,20.428778720227,47.7947565115673,37.1500841183435,25.9682017090133,12.8006347498864,28.9915073771613,28.92202880159,33.7785619883381,24.9981999351953,18.6260570169856,14.0922407728508,9.35808473994545,26.5931382127044,45.7555051332624,33.6474367522996,34.5335344266989,24.8758919438078,26.1384295626191,41.9857118553443,58.923573381118,41.6208181082496,32.2598240850752,16.0063659210953,40.2221332104601,41.2785961486095,81.1011790913055,26.1318770852765,24.4895385828316,70.7872340185715,41.5218918162455,20.1297044190917,32.9934652620788,21.7766503392969,19.6018175177712,38.2562249836546,42.0251264126594,58.0587525701336,13.1009541637241,65.7986037085894,29.9949370727795,29.9743223443,78.5851528598119,32.2369159505062,34.6135269800695,33.6928590357067,18.2683127299704,38.1114812097352,23.9663305493352,38.1633004337937,51.1159588582666,17.1670833282768,19.4244369287761,21.6702561129305,41.0503349560025,75.1521373614883,15.4350251052598,26.7449294259678,38.312236948526,43.9811749501989,46.7500802138349,68.825894472938,15.8147873839644,25.9090476474918,18.535911091716,33.0860809102559,22.3687002304559,21.4835111189954
27.4112431312409,36.3540231611303,46.6538449648043,19.2517531669196,46.9273108115093,36.5408675321208,43.667522256249,6.49807663851388,47.7867136346495,20.0665766886133,26.003389202179,10.3135832764369,18.4643237081676,5.45068802996465,9.79553469699332,0,12.8331114699437,11.4124931544339,32.4845540218732,23.0580246335197,42.6581615872039,37.4033086771745,31.8985109370328,44.3345660856177,36.6491473297811,23.5786980132492,23.8539828959442,51.0538073996446,32.1746989107901,26.1797631769273,8.65325083422409,23.7750920082342,32.3902184308782,35.2937494466088,22.5103864915732,15.8882818454357,14.0898456343567,8.86093956643424,28.0801976488771,51.3489897661093,38.1458713362272,41.4379355180733,31.0979500932135,30.2511983233723,45.3155326571365,62.0715715927992,41.9494338460008,37.7578965250979,20.1626201174351,44.3538329798001,45.5389393815886,84.7325424497578,30.9052180060261,27.4989999818175,74.8113961906874,46.5274650072406,26.67859628991,37.186707974759,26.9246169889193,22.887305433362,42.1905943309643,46.2463376928379,62.3073530973673,8.95195509372116,69.1233589316954,35.9701091185445,35.3432808324298,81.5987668411723,36.4090819713983,40.0659924374774,38.6135500828401,23.1968478462053,42.8941429568187,28.4876727726222,42.0320710886342,54.0834887003418,19.1946932770493,23.7510262936152,26.9820773848123,45.3133258545431,78.4338654536419,21.1939260166681,32.4286717273465,42.7714273785666,47.6391252018758,50.4904693976992,72.6984267367596,16.1100900059559,30.2335285734232,23.0451187890191,38.1290079860465,29.554547027488,27.3281677029398
35.7188325677086,30.37826114181,37.69751318058,11.6097480592819,36.2281140828501,28.1987366738299,35.7506818116802,9.49624925957611,40.1477116408893,30.6997760578151,19.8280104902131,14.8078948537596,10.2001225482834,15.0999586092148,17.74348471975,12.8331114699437,0,14.1469519685337,23.4071036226185,14.0207435608815,35.0445787533536,28.624923580684,23.2658279457233,35.2389344333792,28.4503734597632,14.6754471822838,23.1392793751232,42.9902896012576,41.9951485293242,17.7205036610137,8.20639994150906,33.7537590499192,26.7316759669124,26.0908029772945,33.2562212225021,7.19487664939435,25.287052022725,16.9931603888152,19.7270436203705,46.2447834896002,31.9668773889475,41.0656334420888,28.5544873881497,24.398232517951,37.4008522630167,53.5336693119386,52.5661131338432,33.6092993083759,25.0525447809199,37.3605239524287,39.0874500319476,76.1851855677992,25.5696841982845,24.1401895187258,66.7968842836251,41.643772043368,31.6827437258833,32.3255317048305,24.0784395258497,21.716468405337,35.9285401874332,39.596401351638,54.649039332819,7.72180354580456,60.4695584571278,32.8892839690985,31.2038258872209,72.3862556014607,29.8793825237403,35.0379437182036,35.9768328233601,19.8920210134617,37.1195534725298,24.9574387708354,34.8573700958635,45.3622364968924,25.4381603108401,22.1066166565578,26.2371158857066,38.8835601507887,69.5652032269007,25.4651968380376,28.460147575162,36.4664057729851,40.540411936733,43.1352668938074,64.7481273860488,10.1367524385278,25.2942681254074,19.1850527755334,33.2177287001986,31.9886698691896,28.265482483057
35.0658487705631,34.046292015431,42.9146099830815,20.5655050995593,43.1931996962485,33.0590380985291,39.993343196087,13.633598204436,44.3916658844878,26.5243755817173,25.2810947152215,18.5759252797808,19.2317120922709,14.0652052953379,11.1077675524833,11.4124931544339,14.1469519685337,0,29.3173796578071,19.6349815380611,39.6290455348094,33.9717161768434,30.8328558521588,39.8820918458398,33.545193396372,23.3065441453683,23.5433111520024,47.0533606663754,39.1986447469807,25.5236165149063,9.20468630644196,31.4718127854116,30.0429484238814,32.032112793258,27.9383696732648,16.2982361008791,18.5501010778917,8.65007225403349,25.2625711280543,43.6722022572712,30.7938711434597,33.8866861761371,24.0490644308672,23.3819374731864,38.2030430725093,57.1684353467891,43.4403038663405,29.530175244993,14.0245766424516,39.514965519408,38.835421975305,79.3544658478652,25.1904247681535,17.9379486006622,68.8517247423766,38.1812781347089,20.3099113735142,28.540388049219,19.0303704640766,13.3688537279753,33.5717701350405,38.4791664410756,55.2100873935189,8.0322786306253,62.9411332119148,28.6077131207652,28.4462211901687,76.0173088842271,30.1379951224364,33.3445085433869,30.3525740259372,18.157126700004,35.4569809769529,20.1077721292042,35.4220976228117,48.4684562370208,14.8114398354785,15.2104815834345,17.970044518587,37.7450327857852,72.1000953536124,13.9655826946103,25.1613046164145,35.3576017286241,39.8441181355542,42.8749635568358,65.4168842883854,11.8745526231517,23.3836214047354,16.9147125308118,31.6286065137243,22.2250703036008,19.2025063468288
58.4436266841818,14.4381872130818,16.1452779474371,16.2423443504933,16.6196795997997,6.84552773714343,13.6416183057583,31.0209002125986,19.0328991485795,51.9349954269758,13.6774449368294,36.0007812415231,16.8844603111855,36.3015323368036,31.0952367734996,32.4845540218732,23.4071036226185,29.3173796578071,0,11.8610180844648,14.1989436226784,9.02378800726169,8.83211469581324,14.1733905611889,9.86794051461601,15.3672134754483,23.161795051334,20.6954705189324,64.1085407726615,11.1473651595343,27.6659989879274,55.6838284423763,12.8013671144921,10.7574392863729,52.7767823005533,18.6769577287095,43.6530354041961,34.8450857367291,6.31100229757525,28.7160669312495,16.3944731540846,34.300929287703,20.2856168257216,13.6241054752229,18.8940797606023,30.4188469538212,69.944397559776,21.7290703896876,34.6774782820204,15.56907993428,19.7665437039458,53.1971333814145,12.9141879342063,25.9815559580253,44.3311543950753,27.499659088796,38.1709804694614,21.9217357889379,20.2432396122755,26.5535779133434,22.0996040688516,21.9458993891797,33.6617735718129,27.6699972894831,38.4844124289302,21.7428723953391,18.1697894869478,50.0271176463326,12.9427585931284,18.8948405656147,28.2036345175582,16.1568870764142,20.2087542911482,20.2451537410808,15.6904031178297,23.0808362066889,38.8545685859462,23.0765032013085,26.6122856966477,21.2821227794598,47.6179062958463,32.633092865985,18.2515067871121,19.2294370692436,23.0985389148318,24.405301678119,43.6204367240861,18.4944924234216,14.931259156548,16.5949917143697,17.3528095707871,33.2083197406915,29.4445241089069
48.5045229849753,22.0623548153863,25.2248637260937,11.0386819865417,24.5310007949125,16.3190839203676,24.640718333685,21.2495294065539,28.7628666860589,42.3086870512428,15.1209705376341,27.139408615517,11.2273661203329,26.6876844255923,22.9280396021989,23.0580246335197,14.0207435608815,19.6349815380611,11.8610180844648,0,24.258735540007,16.6015059557861,14.7308350068827,22.1008201205295,16.922839596238,12.9860502078192,22.390511383173,30.7371721210654,54.4981995115435,12.849805445998,16.9554194875857,46.0855997031611,18.1493457182346,14.1623179599951,44.3421357176219,10.4467698356956,34.4926260235431,25.6732107458339,8.97217922246319,34.6001625718724,20.3794013651039,35.3605005620678,20.2205341175746,13.8732656573714,24.3148103015426,40.6717039229979,61.9216642218214,23.5626027849217,28.0969526817411,25.2735039122002,26.4342107882948,63.1712058615316,15.5037092335995,21.752873373419,53.4340013474567,31.6383864948894,33.2002259028459,22.8351428723361,17.3378920287329,20.5505778507564,25.384222461994,27.3545471539925,41.611521841913,17.9092155048735,47.1184279236903,23.7364961609754,19.9913731394319,59.2505379722412,17.1954572489364,23.6657188777354,29.0888939287832,13.4536705028776,25.0948201826592,18.2686890607947,22.0200476838721,32.2264060981053,31.4030054294171,17.9576933373972,22.8406435986379,26.7839504181142,56.2915069082362,26.2854522502467,18.8939474435598,24.1345706404734,28.630730867374,30.6302138418915,51.8733915413288,8.42362748464105,15.0722841666418,11.4675629494675,21.9593658833765,30.1287860691399,25.9934847606088
68.7399629036851,9.21567957342267,11.8112234759994,25.9925229633447,17.9916994750357,9.57933974760264,6.42271360096338,41.8537184727952,7.53284474816786,61.7132988099,18.2905030001911,45.4617284097294,26.5371437799926,46.4642739101775,39.8768259770007,42.6581615872039,35.0445787533536,39.6290455348094,14.1989436226784,24.258735540007,0,12.1967721139652,14.3851920390379,14.1140001417033,11.040097372759,23.9021704035428,25.8050624878143,10.9170737837573,73.9456557209414,19.1937815450734,39.0206676006447,65.3412293272785,12.1607976712056,17.1696680224167,61.6222869585347,30.9166015273348,52.2256402545723,44.7491899368022,16.1065592228756,25.4425332858189,19.3653362996876,35.927722582986,24.4880327915494,20.5636511835812,20.1608221558546,22.8721173047009,77.8727888931686,24.492805065978,43.0622514506615,11.2846688032924,19.1462463684138,44.6686691093433,18.0526660080997,34.1943526039023,36.3496733135251,28.3029812917297,44.3313799694979,26.4748465529075,27.3288537996016,35.7624453861869,24.8409440239295,22.013348223294,28.4403762281725,38.8633020985093,32.5194557150024,24.080438118938,21.3208524688859,43.0887746402703,16.5264938810384,18.2920747866392,32.5432020551144,23.7988445097656,20.5424256114024,27.3894824704666,16.9733983044056,19.713447187136,47.9529196191431,31.6694647886572,33.1918099837897,21.5743192244854,41.4551564946992,40.1923033676847,22.4796018648018,19.9395022505578,24.1718327811525,23.3192249013555,37.9390629826305,29.9783046552002,21.8188565236586,24.7568424884919,19.303497092496,37.9973354328958,35.8892045049761
62.8042892643488,15.8879671449811,10.144395004139,20.1560784876424,13.7389955964765,6.2571958575707,14.1037229127631,35.8079251004579,13.7708932172172,56.7855615451674,16.9641902252951,39.9915928665013,21.1094469373312,40.9149422582997,35.4237914402171,37.4033086771745,28.624923580684,33.9717161768434,9.02378800726169,16.6015059557861,12.1967721139652,0,12.2373403973249,9.40006648912655,3.79637985454564,20.6157100290046,26.748644825486,15.6228598534327,68.93684609844,15.9102954089482,32.3689859278909,60.2209473522295,12.7997558570466,6.5928939017703,57.7575536185528,25.1871991297167,47.4350740486404,39.8687063998821,10.3198837202751,27.7681697272255,17.1011695506477,37.2274764119192,23.0715192390965,16.4507598608697,17.3363779377354,27.3272300096442,74.8552436373031,23.3132204982495,40.320946789479,14.873970552613,19.931821291593,49.1219528317025,15.7397585750227,30.9594492845076,40.056678594212,28.8870645791503,42.5556694225341,24.6115572445142,24.1727635987282,31.909579282717,23.4307223533548,21.7113161738297,31.0503421881305,32.5772927051957,34.4955250721017,24.4455773096076,19.5982142043606,45.6592953296478,13.3601553134685,19.0030589642826,32.6378423000051,20.5610371820101,20.1611011604029,24.8045358755208,15.301388825855,20.8659111950569,44.5459734431744,27.8608820750528,30.5221231240555,21.3553272042364,43.6940356341686,37.0960240457114,20.4536365959699,19.356588025786,23.8976724808087,23.3370949348885,40.8367940710336,23.8037286995126,18.7304231132134,19.706597879898,19.6231687043658,37.1135251626681,34.1687905843915
56.9278600511209,12.9131715701449,19.0934871094832,14.4544110914281,19.3911706712101,11.2977873939989,16.2876486946397,29.9978332550869,19.7520884971691,51.067430912471,10.8885834707734,34.0077197118537,15.4120488579553,35.5164046603819,31.5898322249423,31.8985109370328,23.2658279457233,30.8328558521588,8.83211469581324,14.7308350068827,14.3851920390379,12.2373403973249,0,18.6641032466068,11.8353284703045,11.7673276490459,20.8654618928027,22.9018831103471,62.730783910294,8.42970936628304,28.0978424438603,54.2604367840879,12.2729886335806,13.9699230491796,51.7729900623868,19.222707925784,43.1179052134957,35.433123627476,8.30857990272706,33.836795799839,22.4662524689811,38.1364327120406,24.6568955872389,19.1637678967368,24.8714193402789,33.7494444398719,69.9116227819094,27.0833666666461,36.608417747835,20.5120086778453,25.6768378115375,56.3226308867049,17.9845072214948,30.0234908030362,48.0105196805867,33.0107558229132,40.4344222167202,27.1795189434986,24.1243652766244,29.9502712842472,28.0649469979902,27.9278311008929,38.8804095914639,28.2427424305785,42.6559931310947,26.5952768363106,23.1168228785878,53.40579322508,18.7973734867401,24.0268339570573,33.0698692165542,19.3896557473308,25.7536890561333,24.9109915499163,21.9051363839625,28.1549063219894,40.3580382327982,26.5956998403877,30.0257805893535,27.0529573244775,51.6372079996585,34.552966587545,23.3261387717727,25.099203174603,29.0034696200299,29.9688588371329,48.2691024362376,20.4682681240988,20.1772458477365,19.7606300506841,22.9734901571354,36.1079804198462,32.757804413605
69.9176479867565,20.8567435137895,5.64402338761986,28.0386563515444,9.80363453011177,10.4586686533229,13.9047204214972,42.7400134534373,13.7843661442955,63.6395808439999,24.7705974897659,47.6201506717482,28.6764711915535,48.0572445111036,42.0073356689043,44.3345660856177,35.2389344333792,39.8820918458398,14.1733905611889,22.1008201205295,14.1140001417033,9.40006648912655,18.6641032466068,0,10.9349782807283,27.5773231115712,33.9992095496351,12.0667932774205,76.0728269489178,23.5346818546587,38.6950578239651,67.4184414681918,19.7700531107026,11.2841703283848,65.0836865120592,31.2993011104082,54.416748340929,46.2787748325299,17.364079301823,25.0485029492782,17.7989114835711,39.4400335953204,26.2956032446491,20.0413011054672,12.8916154922492,20.6330741771555,81.4873072938356,24.1870316492123,45.4109293012156,13.5570553587422,16.5319009796212,41.9799952358263,19.823691634002,34.5695494619181,32.6268102946028,28.1335875778401,47.6592724451391,25.5130848781561,28.0660159267396,36.1322224613986,22.7357097975849,18.6062489502855,24.0560803124699,39.2554614034786,26.6620516839946,26.1396729130263,20.9698295176666,37.905903234193,14.0881155588673,18.9755105333164,33.9962497931757,26.276224995231,18.7578316977203,28.0776378992251,12.8590921141424,13.5849181079607,50.1554334045674,32.1312931579169,34.681857649209,19.0896896255544,35.7617113684455,42.2551328243091,23.0127681950694,17.1044950232388,20.3928296221981,19.0851054490144,33.9171416838153,29.3973425669736,21.6513856369517,25.0914577097466,20.2757244013623,41.475685648341,38.3306013519225
62.1091478769432,14.0684043160552,10.9768506412358,19.4544339419064,16.0044525054748,5.89321643926303,13.9745304035592,35.2831404497956,12.9903810567666,55.8817277828809,15.3335009048814,39.1327867650644,20.2595964915395,40.1884311711716,34.2540873473517,36.6491473297811,28.4503734597632,33.545193396372,9.86794051461601,16.922839596238,11.040097372759,3.79637985454564,11.8353284703045,10.9349782807283,0,20.4477382612356,24.8567395287475,15.5489951443815,68.0832303140796,15.3717272939641,32.02926396282,59.3026559270325,10.3651459227548,7.18670647793549,56.7441406666803,25.1731503789256,46.1775784336944,39.1221324827776,9.79706588729503,27.8415831087243,17.4759119933696,36.5439803524466,22.2085006247608,16.3314114515556,18.6912412642927,28.3205755591231,73.8460560896789,23.1766854834767,39.6831985857995,14.8785920032777,20.6012135564874,50.0116361460011,14.9197017396461,30.9275766913607,40.868019281585,29.4136022955367,41.5881293159478,25.0170192069319,23.747420912596,31.8798329669401,24.2882945057902,22.5726327662504,31.9156113837727,32.2520929553417,35.8153423828392,23.8367101337412,19.1776562697322,46.9750332623618,13.3692277263872,18.3410400468458,32.8395531333787,19.5821027982186,20.5140805302114,24.6564900178432,16.0815111230257,22.4192718436616,43.9941047187007,27.6638075831943,30.029610387083,22.1943123344698,45.0542034664913,36.3300495457961,19.7669863661611,19.8099722362249,25.1290917066256,24.5977133083545,42.060863638304,23.5431518705546,18.6454082819337,18.8982142013472,19.5184848284901,36.1517807306916,33.6397644165354
47.6074180144229,19.355361014458,28.9068547234043,10.259385946537,27.6472873895433,19.889947209583,25.2436625710296,21.388197680029,29.6119908145332,42.0668218433482,11.4033438078486,25.063220064469,10.0698187669888,26.5842058373012,25.6561396160841,23.5786980132492,14.6754471822838,23.3065441453683,15.3672134754483,12.9860502078192,23.9021704035428,20.6157100290046,11.7673276490459,27.5773231115712,20.4477382612356,0,17.793889400578,33.096317771015,53.2575464136304,8.54224794770089,20.2187722179167,45.0390941294338,18.170752598613,20.6512408828138,42.7767752407776,12.3787115646177,35.449453451358,27.2299697025171,12.4449789071738,39.6177832544932,26.501273554303,38.5153540811973,25.845744330547,20.6998792267008,30.9010113103115,43.4874119717419,61.2576933943811,29.6239556777956,30.2238523355313,28.8686248373559,32.1008566863877,66.2170578476574,20.9759981884057,25.5083319721224,57.499391301126,36.1758897609997,35.3669690530585,28.3584423055992,22.9196422310646,24.7684022496406,30.6718315397043,33.1255754666994,46.6760243594075,19.7236533127106,51.6184438936317,28.7450647938042,26.7095956539967,62.9807807985897,24.1114340096146,29.2260799629372,32.8879347177654,18.2806933675941,30.914438374326,23.4894125086176,28.2163073416774,36.7511734506532,32.6647554713027,23.2145697784818,26.9404435746704,32.2310021563091,60.6186130656253,29.4400662363385,25.3287139428752,30.2962869012029,33.9560929731322,35.8111365359995,56.0744705726233,15.1469468870793,21.6797428490284,18.6322972282003,27.3212600368285,33.0196343105129,29.2870065045918
48.4077344026758,17.2073385507463,34.3988916972626,17.868757651275,37.9811137277463,24.4467277973965,27.7658963478581,25.5054405960768,31.0800981336932,39.9811830740412,11.987024234563,27.0249421831019,17.0805078964298,27.158009868177,20.428778720227,23.8539828959442,23.1392793751232,23.5433111520024,23.161795051334,22.390511383173,25.8050624878143,26.748644825486,20.8654618928027,33.9992095496351,24.8567395287475,17.793889400578,0,35.5609863474004,51.7872933256798,16.5232412074629,24.6685275198987,43.689615470956,15.7438480048557,28.2728889574447,38.0944877902302,21.5060456616273,30.4351975515192,25.0548149065205,19.1436673602526,37.1637087761703,26.8520017875763,29.7676838198742,20.4887774159416,21.2504705830248,35.3206738327569,47.2281430928636,53.8559885249542,27.0931956402341,24.9257647826501,29.2947094199618,33.313248115427,69.0823874080796,19.0698715255242,25.2595031621764,59.8553046939033,34.4888025306765,25.7755698288127,28.5698923694158,20.387312230895,23.9776197734471,31.9934172916867,34.6977845114065,48.6811950346332,23.3826859021799,55.8612678875086,23.8921796829004,24.9269934007293,67.8338134708642,25.7110627940581,26.5546841442334,29.7664030410125,14.8191177200264,30.8386121607312,21.7646502384026,30.6578293426002,41.6606078928284,28.247898151898,21.6476037934918,22.1232908944397,33.4013472782162,65.0824381073727,23.1599870466285,22.0592667602529,31.3484050630969,36.8340705054437,38.6270630516999,58.6982857500967,20.4612438527085,21.6128144858554,17.7323151336762,25.6348151934045,23.1670833295864,22.7383211781345
77.1733438435837,19.5757822321357,8.2126426928243,34.0893495097809,16.6539409750365,15.2077693959371,11.825977760845,50.0774525110853,6.2474994997999,70.3013780092539,27.7759788306371,54.0159351488059,34.8892175320686,54.8503076563842,47.7947565115673,51.0538073996446,42.9902896012576,47.0533606663754,20.6954705189324,30.7371721210654,10.9170737837573,15.6228598534327,22.9018831103471,12.0667932774205,15.5489951443815,33.096317771015,35.5609863474004,0,82.7127710816171,28.1278998505043,46.6345901665277,74.0292425329342,20.6378899115195,20.0273562908338,70.4864791999147,38.9095585942581,60.3111100876116,52.889058414761,23.532610352445,23.6555490318868,21.8871823220807,40.1894731241901,29.7503991569861,25.8443659237366,18.5433613457755,14.6627504241189,86.2879409303525,27.420612684621,50.7179455419874,12.0137941550536,18.5501010778917,35.2772235302043,23.9190562104779,40.3251937379103,26.9254758546623,29.2994240557728,51.3977504371544,29.8073816360981,33.3023835483288,42.4450232653959,26.409657324547,21.2124963170297,21.4603704534661,46.6637305623972,23.4183154816908,28.4415189467792,24.827127300596,33.4612462409875,19.609500248604,20.5537709435519,36.9506089259704,31.0974677425671,21.1744834647743,33.2660675463752,17.2857961922499,13.8337449737951,55.8781263107488,38.0550587964334,39.3097157201626,21.3914410454275,32.1932058049521,47.2410705848206,27.1260022856299,20.5005182861312,23.4774359758471,20.731347037759,30.2962043827275,37.2455534258789,27.1871293078177,31.2118366969969,22.81715363493,44.4334896221307,42.4039208092837
10.1890872996555,66.9320270871875,78.3258577993245,49.8034511856357,77.9582821129353,68.2310871230995,75.1253868542452,33.7908456538158,79.10869895277,13.921521109419,56.2271064523153,30.059378736095,48.8846090298368,28.2390022840751,37.1500841183435,32.1746989107901,41.9951485293242,39.1986447469807,64.1085407726615,54.4981995115435,73.9456557209414,68.93684609844,62.730783910294,76.0728269489178,68.0832303140796,53.2575464136304,51.7872933256798,82.7127710816171,0,56.5375870549849,37.9498682474656,9.27974945782482,63.2910341201659,66.3886850299055,17.1379330725733,46.3969691898081,25.5237634372363,32.3181837360951,59.755491379454,81.7543118128946,69.0626074659797,67.0789739784383,60.9932475770884,61.3889749873705,76.6583736456755,94.0033842475897,28.9520940520716,67.7019755989439,42.2753769941795,75.9850725471786,77.031105730088,116.71435215945,62.1028280354446,54.017231047139,106.74292131097,75.7989528291783,46.746537304917,66.7906243420437,56.5705643422443,49.7579893082508,72.2370230560479,77.2103458093538,93.7097913774222,37.8123491732529,100.98943013999,65.7518630914744,66.1394832909965,113.510032596242,67.9324296636003,71.0322461984696,66.0686763905559,54.0884923065896,73.8369741389773,58.0360340650531,73.6383986110507,85.9469022129361,36.9491204225486,52.5015237874102,54.2190810508625,76.2357773620759,110.250011337868,45.3765771075783,62.854057148286,73.8738197875269,78.3698762280508,81.4914949549951,104.070925334601,47.529477695426,61.3584346280118,54.103731387031,69.0286172540056,53.5596163167736,53.0943028958852
50.8902618385875,14.7643150873991,24.3511550034079,9.77701385904714,24.7818986358995,14.4953440800831,20.5277251540447,24.3685247809546,24.6991902701283,44.8333859974908,6.51603790658096,27.7805687486776,9.5325101625962,29.4905069471517,25.9682017090133,26.1797631769273,17.7205036610137,25.5236165149063,11.1473651595343,12.849805445998,19.1937815450734,15.9102954089482,8.42970936628304,23.5346818546587,15.3717272939641,8.54224794770089,16.5232412074629,28.1278998505043,56.5375870549849,0,22.8645194570102,48.0804014126338,12.62690579675,16.6664708321828,45.3288815216083,14.6672253681465,37.0376328887255,29.2377965996071,8.34910174809242,36.1188489572965,23.2755773290374,36.139417538195,23.1121721177392,18.0187402445343,28.2779507744108,39.4811980567966,63.6056208208048,27.039253872842,31.6546007714518,23.8032035659068,28.8721318921897,62.072548280218,16.7655152023432,26.2215560179025,53.5581459723915,33.8310508261272,35.4128154768863,27.2521329440468,21.6059019714521,25.8501692450939,28.9239304037332,30.4533454648254,43.1388311153652,22.2928800292829,48.163744144325,26.0672447719355,23.9776458394063,59.2925901778629,20.6150127334426,25.2877687825557,31.8722253694341,15.8267574063672,27.8701004662703,22.4531178235897,24.7980846034527,33.160989882692,34.6451114877698,23.4632425295397,26.511648383305,29.5294344680016,57.2759875515036,30.2856814352922,22.1710678588109,27.3594590589799,31.7159068922836,33.2763053838613,53.0225305884206,16.3468651428951,19.5231593242487,16.8669054660302,24.1461953524774,31.9655087555321,28.923195708635
32.2612770980939,34.0355512662863,41.5999699519122,16.2671832226726,40.9686007815742,31.9931047258624,39.8194205131114,6.77412355954626,43.8633531549972,25.8432051030827,23.6819551557721,13.8323443421569,15.3196768895431,11.1170477196061,12.8006347498864,8.65325083422409,8.20639994150906,9.20468630644196,27.6659989879274,16.9554194875857,39.0206676006447,32.3689859278909,28.0978424438603,38.6950578239651,32.02926396282,20.2187722179167,24.6685275198987,46.6345901665277,37.9498682474656,22.8645194570102,0,29.7417425515049,29.7429403388434,29.5936648626019,28.9634467907395,11.6288971962091,19.7278990265056,11.572488928489,23.5658916657104,47.1325789661461,33.1649099199742,39.8876704007642,28.0110469279533,25.4596494477045,39.3453142063957,57.1553475188455,47.468265715107,33.575288531895,21.0054754766466,40.2287055471587,40.8184241489061,79.7048147855573,27.0277403790994,23.4872039630093,69.6301209965917,42.2521449159685,27.8137780605225,32.5622480796397,23.0733883510853,19.5472504460346,37.1070747971327,41.0268204958659,56.926026560792,5.32177132165597,63.4611889267764,32.7918434980408,31.1003818304535,75.9368487626396,31.2927707306336,36.081470313722,35.5331183545717,20.1146091187475,38.0777658220647,24.7332519091202,36.8532393420172,48.6345299144548,21.1287718526184,20.1384582329433,24.4700071516132,40.2708486376933,72.6464899358531,21.1345984111362,28.5209572069382,37.6901678160233,42.2594959742778,44.9720051810012,67.3052003934317,10.5301353267658,25.9597765783914,18.6930802705172,34.109346226511,29.2536322531066,26.0150437247374
7.58477092600694,58.4748236423164,69.563990325455,41.153553917007,69.4840089517005,59.5973153757785,66.7180822566117,25.4198741145585,70.3950637473964,7.70373286141205,47.6658551795727,21.4458620717377,40.2103065146238,19.8066907887209,28.9915073771613,23.7750920082342,33.7537590499192,31.4718127854116,55.6838284423763,46.0855997031611,65.3412293272785,60.2209473522295,54.2604367840879,67.4184414681918,59.3026559270325,45.0390941294338,43.689615470956,74.0292425329342,9.27974945782482,48.0804014126338,29.7417425515049,0,54.6469463922734,57.6391902267893,13.665741838627,38.2679043063505,17.8510854011738,24.7588115627548,51.1429613925514,73.9060298622514,61.0114128667744,60.4583120836167,53.1480714607783,53.2307242107413,68.4776788450076,85.579378357172,31.2591586579038,59.9625820824954,36.1096074473263,67.6297456745181,68.959988399071,108.222415654059,53.8343059767654,47.1572369843696,98.2548472086746,68.4709427421589,40.8407578284243,59.3112025674746,48.8598505933041,42.8064977544298,64.5875278207798,69.2641050617129,85.5354824035032,29.7437808625602,92.5998177643995,58.0541665171415,58.1045824354672,105.013457470936,59.6210847771156,62.8598938115552,59.3428491901088,45.9036082459756,65.8565296686669,50.4795750774509,65.42400171191,77.6188202048962,31.4100103470215,45.1606438173771,47.0691246997435,68.3506949489177,101.906568728419,38.6878857008237,54.8253248964381,65.8090039432295,70.6448423453545,73.583099282376,96.0427443901933,39.2792566121102,53.3470125686528,45.7977346601336,61.0869769263466,46.9785456352152,46.3820142943361
58.3688487123054,7.66200039154267,19.317090878287,17.2332164728468,24.6865094737996,10.6977217200673,15.3110662594086,32.2610639936131,16.5047341693224,51.0243936759664,9.14726735150994,35.2968305942616,17.7155299102228,36.1349034867952,28.92202880159,32.3902184308782,26.7316759669124,30.0429484238814,12.8013671144921,18.1493457182346,12.1607976712056,12.7997558570466,12.2729886335806,19.7700531107026,10.3651459227548,18.170752598613,15.7438480048557,20.6378899115195,63.2910341201659,12.62690579675,29.7429403388434,54.6469463922734,0,15.8387973028257,50.6672848098258,23.4681433010794,40.8896380517118,34.4505442627544,10.189884690221,28.2364569307128,18.2453761265697,31.2459397362281,18.0848348070974,15.3093517171695,23.9118432999215,33.5151644781881,67.0829244293956,21.6721595601361,34.057414758023,16.5833123952967,22.8417654746738,55.2860741959492,12.0397778218703,28.0303630015738,46.1961713781564,28.7425860005672,35.0381042580788,24.1822765677676,20.2856784456424,28.3827852755856,25.1627204411606,25.0230393837359,36.3977334459167,29.3610073056086,42.1324696641438,20.2712234460577,18.0236303224406,53.6321498730006,15.4170360316113,17.5129951750122,29.5564713726115,14.7069711361653,21.6384784585238,21.4774591141504,19.5214945636854,28.4225262775848,38.5000974024742,24.1659884962316,25.5546228694536,24.0793220419513,51.4203753389646,30.8478321766701,17.162386197729,21.7260500321619,27.8087666033573,28.165825924336,46.6723954816978,21.8036980808302,16.9249076806936,16.0332077264657,18.2558209894817,29.7466384655477,28.2233059721926
59.86217503566,19.9895910413395,13.418364281834,18.6933477472603,14.8956789036284,9.70328552604735,18.9605181891213,33.1577856618924,18.8048863330784,54.3293774122251,18.0486841625643,37.5721805329422,19.4658033484365,38.5846310076953,33.7785619883381,35.2937494466088,26.0908029772945,32.032112793258,10.7574392863729,14.1623179599951,17.1696680224167,6.5928939017703,13.9699230491796,11.2841703283848,7.18670647793549,20.6512408828138,28.2728889574447,20.0273562908338,66.3886850299055,16.6664708321828,29.5936648626019,57.6391902267893,15.8387973028257,0,56.164368152771,23.2427676923382,45.2551102086825,37.9924005559006,10.4453937216363,31.0129005415488,19.3565557370106,39.4539129871804,24.3086147281164,17.3533498207118,19.1188061865797,31.2977435288872,73.7326674547992,25.0195923228177,39.778260394341,19.3310307536872,23.0436271016522,52.6694645881273,17.3100765451803,30.7015268349963,43.3585487533889,31.7095214407282,42.7110202406826,25.9540940893725,24.4423045149184,31.4,25.5379129922553,24.2855924366691,34.0480175634353,30.2855782510422,37.5007666588298,26.4648823915769,20.9583813783412,48.550386198258,14.980236980769,21.5263210976702,34.5923040574056,20.8115953256832,22.7864268809307,25.5084054774108,17.933383674031,24.1911657428905,43.6975971879462,27.7041061938479,30.9157120247941,24.260796565653,46.5395262115978,36.624257671658,21.5558576725678,21.5337816000813,26.4559067128685,26.243784978543,44.1783317928597,21.5598875228977,19.695304008824,18.9000330687541,22.3126085431533,37.9269692962673,34.8196424450338
19.7248257280007,54.0604522733578,67.1749116114044,39.7484905373776,67.722559018395,56.615258543965,62.6194857851771,25.6664664494355,66.8013285796024,10.3918237090513,44.1934808540807,22.8747131129551,38.6685757431018,19.7253010116449,24.9981999351953,22.5103864915732,33.2562212225021,27.9383696732648,52.7767823005533,44.3421357176219,61.6222869585347,57.7575536185528,51.7729900623868,65.0836865120592,56.7441406666803,42.7767752407776,38.0944877902302,70.4864791999147,17.1379330725733,45.3288815216083,28.9634467907395,13.665741838627,50.6672848098258,56.164368152771,0,36.7980977769232,14.845748549669,20.4303389594984,48.4193659603263,67.566606026942,55.8356069188829,51.376064465858,47.029458852936,48.627075791168,64.4612286572324,81.5767276862709,22.3025222788814,53.8448813723273,27.97371534137,62.9182008642968,64.0374304606298,104.058547222225,48.9482890405783,40.7134191637106,94.0758071982378,61.33418704116,31.2190646881036,53.161769628183,42.9455760236139,36.5506668885808,58.7990539889886,64.0436277079929,80.716378449482,27.7006317617487,88.8076925159077,51.5738911659766,52.9109156979919,101.622690625667,55.445998503048,57.5271783594502,51.5063952339901,40.9287337942429,60.3993791358818,44.4899426837122,61.0146908539247,73.8390225422845,22.8047966445658,39.044509857341,39.9025061869552,62.8169961077414,98.0514597035659,30.8930412876428,49.4099812790898,60.8301939829226,65.2997607193166,68.4245204586777,90.8453011993466,36.9727264344949,48.3765826614489,41.6605328818535,55.5014301617535,38.1805415100415,38.2391324430877
40.721354962722,26.4724857163055,33.8617594049689,10.0290827097995,32.5793646346886,24.0555087246144,31.006289684514,13.8844337299005,36.3974930455382,34.7577329525388,17.1948756901584,20.2280127545936,9.6446228542126,19.5042943989266,18.6260570169856,15.8882818454357,7.19487664939435,16.2982361008791,18.6769577287095,10.4467698356956,30.9166015273348,25.1871991297167,19.222707925784,31.2993011104082,25.1731503789256,12.3787115646177,21.5060456616273,38.9095585942581,46.3969691898081,14.6672253681465,11.6288971962091,38.2679043063505,23.4681433010794,23.2427676923382,36.7980977769232,0,29.0529903796494,19.9049930921867,15.9491379077366,42.2248297805924,28.2668533798865,38.2262998470948,25.1783637276134,21.0587867646738,33.529837458598,48.6986909474988,55.5418985991657,30.1755074522368,24.6795208624479,32.5812829704418,34.3497088779512,71.5330081151352,21.8299106732025,23.2037173745932,62.284970097127,37.8926444049501,31.5188832289471,28.9545117382421,21.2817410002095,20.4614576704594,32.5579291417621,35.5600372609479,50.3203115053951,12.1179618748369,56.1156506689533,29.0352587382995,27.129227781122,68.0044943367716,25.8143128903328,31.128383350248,32.2702455831994,16.5602309766501,33.062592154881,21.9880649444193,30.5886008179518,40.6339913126929,26.5495527269293,19.7831683508987,24.8306262506607,34.7234070908948,65.197996518298,24.940128307609,25.1578268139361,32.3581906169056,36.3236665274859,39.1110598168856,60.4100881475934,8.07047086606476,21.2636720723397,16.7469400190005,28.5287355135134,30.5933612079484,26.3841098011663
23.1433575783636,45.3588332080974,56.6259437007455,30.7161398941989,58.1192846652469,46.6147374764677,53.6964733478838,17.9628435944869,56.7970839920501,13.2942186682783,35.4736521942695,16.3608908681648,29.5010593030149,12.5209324732625,14.0922407728508,14.0898456343567,25.287052022725,18.5501010778917,43.6530354041961,34.4926260235431,52.2256402545723,47.4350740486404,43.1179052134957,54.416748340929,46.1775784336944,35.449453451358,30.4351975515192,60.3111100876116,25.5237634372363,37.0376328887255,19.7278990265056,17.8510854011738,40.8896380517118,45.2551102086825,14.845748549669,29.0529903796494,0,12.1306430167572,38.6747495143795,58.0528207755661,46.1077677837477,44.5586271108076,37.3557057221517,38.6151362809974,54.321853337308,72.020543944072,31.9168646643119,44.3100440081027,22.7509340467595,53.4286323051601,54.3591643607589,94.1207867582927,39.0415003553911,33.6678444513456,83.7002314811614,53.2759678466755,25.7750121241485,44.5659623479624,33.6559244413224,29.2604682122484,49.9828970748995,54.4737551486952,70.781724336159,19.4511246461484,78.5665800452075,42.4592157252109,42.7812312819535,91.4013402527556,45.0680319073287,47.3045188116315,44.925410404358,31.3579734676844,50.6639048041108,35.7915318196916,50.9742214261287,64.1484411346059,19.7861062364478,30.6309892102753,31.6143361467547,53.5389227571867,87.9077499427667,23.4163671392469,39.225183237303,50.9318539815703,56.3549465442032,59.0724660903877,81.4067871863274,27.1964841477717,38.7355779613523,30.9503836809821,46.2639978817222,31.1578240575301,31.350239233537
28.9895239698757,38.2151965846049,49.0076524636714,24.1444351766613,49.4953406898063,38.6187939998131,45.2513950061211,12.4399055462652,49.8564564524997,19.171039356279,28.7272953826148,15.4869703299257,22.4724275502225,10.1457503418919,9.35808473994545,8.86093956643424,16.9931603888152,8.65007225403349,34.8450857367291,25.6732107458339,44.7491899368022,39.8687063998821,35.433123627476,46.2787748325299,39.1221324827776,27.2299697025171,25.0548149065205,52.889058414761,32.3181837360951,29.2377965996071,11.572488928489,24.7588115627548,34.4505442627544,37.9924005559006,20.4303389594984,19.9049930921867,12.1306430167572,0,30.6682857362455,49.7400995173914,37.1797491922686,37.1056431018248,29.285683362353,29.6158952253684,45.2242882752178,63.4036769438492,36.9546174381497,35.6486675767833,14.1330286916853,45.0929733994111,45.3183323832641,85.7800967590968,30.6656363051543,23.2662040307395,75.4772233856016,44.0435721757443,20.1802812170693,35.0680410060214,24.5246559608896,18.5359785282569,40.3478933774739,45.2534805291262,61.8975362999207,10.4018628139387,69.8564957609527,34.0021690484592,34.6179324917015,82.8130273568114,36.5273869856578,39.2369723602624,35.1590671093532,23.0269407433988,41.9023119887197,25.9556593058238,42.0339000093972,55.0131347952468,11.9164801850211,20.810454103647,22.7498076914949,44.3285884052267,79.0666491006164,16.157622040387,30.8645022639277,41.9611278447088,46.5431788772533,49.7513190779903,72.294000442637,17.7998946626097,29.5389996445377,22.8401784143645,37.4548394736915,24.3403471626844,22.5998893802603
54.0506128549899,14.0409223343767,19.0892312574393,11.7365880902416,20.4249847001167,9.17946076847654,17.3615955487968,26.7201702838885,20.8851023459307,47.4905253708569,9.49335293771383,31.2327952639529,12.1855960051201,31.8548661902699,26.5931382127044,28.0801976488771,19.7270436203705,25.2625711280543,6.31100229757525,8.97217922246319,16.1065592228756,10.3198837202751,8.30857990272706,17.364079301823,9.79706588729503,12.4449789071738,19.1436673602526,23.532610352445,59.755491379454,8.34910174809242,23.5658916657104,51.1429613925514,10.189884690221,10.4453937216363,48.4193659603263,15.9491379077366,38.6747495143795,30.6682857362455,0,30.5360647431852,17.4811326864137,33.5908469675893,18.724983311074,12.6652082493736,21.5691909908554,34.8443323942359,65.817379923543,21.6842396684781,31.6324003199251,18.9292102318084,22.7738336693671,57.4457679033016,11.8857057005463,24.4273924109799,48.1328110544148,29.1616614753001,35.0638702940791,22.1627784810479,18.0630146985491,24.3181259557557,23.5904376813996,24.3715253933766,37.2718895415835,23.6182133109175,42.5794698182117,21.5010755544926,17.890220792377,54.34097211129,13.8904193601201,19.5055440836702,28.7709706127548,13.1074883177518,21.8352925329614,19.0364124771449,18.3870198781641,27.6612770854854,35.5964008012046,20.7896308288531,24.1615396860382,23.6545978617266,51.8549780638272,29.1466121530445,17.1128971831189,21.0463179677586,26.1848954552047,27.4289992526158,47.5393915611044,14.8575738261669,14.2596896880682,12.7651870334907,18.8517572125253,30.6728503729275,27.3482403455871
77.9487331519891,27.7086403491763,26.6634112596269,40.9950759238229,31.6472155173248,25.8863622396041,23.1392793751232,52.0522213743083,25.2833690397463,68.4975638252924,34.8049565435729,57.16116470122,40.82006246933,55.4548352265156,45.7555051332624,51.3489897661093,46.2447834896002,43.6722022572712,28.7160669312495,34.6001625718724,25.4425332858189,27.7681697272255,33.836795799839,25.0485029492782,27.8415831087243,39.6177832544932,37.1637087761703,23.6555490318868,81.7543118128946,36.1188489572965,47.1325789661461,73.9060298622514,28.2364569307128,31.0129005415488,67.566606026942,42.2248297805924,58.0528207755661,49.7400995173914,30.5360647431852,0,15.1464929934292,23.3407636978742,21.1413989603337,22.3345864076325,15.8942992925137,25.2479454609677,78.183190328868,14.3763694999816,42.2097737496898,16.8739073720345,11.3017144717074,41.8233487420603,21.9657403699488,31.6605235269412,30.9936888737046,10.9276598592745,40.6547198981865,17.4754112970196,25.5559435357022,34.1290199097484,13.9681781202847,9.92572415494205,17.1965839631015,46.6336922192528,28.0597131132875,16.6953586364594,17.3063210995289,41.1218311849071,18.2576696212852,12.6163584286434,21.5063362756189,29.098668354411,10.0202919119156,24.5809631625777,14.5052145795917,20.295873964922,48.1774843677002,30.1093424039782,28.9689704684167,9.76146761506691,35.7966828072099,38.3737051898823,19.5407267009188,11.4973366481112,12.4271879361342,11.8155088760493,26.0544621898054,37.631286850173,21.7008064366281,29.1694403443056,15.1971214379566,32.7211705169604,31.2575190954113
64.6114444197001,19.8191195566302,20.8775896597284,27.3785043419103,24.2739572381596,15.4647179088401,17.7077666575997,38.2301909490392,21.5151690674277,56.0645609989055,22.7032761952983,43.4247913063494,27.174965501358,41.9526816782908,33.6474367522996,38.1458713362272,31.9668773889475,30.7938711434597,16.3944731540846,20.3794013651039,19.3653362996876,17.1011695506477,22.4662524689811,17.7989114835711,17.4759119933696,26.501273554303,26.8520017875763,21.8871823220807,69.0626074659797,23.2755773290374,33.1649099199742,61.0114128667744,18.2453761265697,19.3565557370106,55.8356069188829,28.2668533798865,46.1077677837477,37.1797491922686,17.4811326864137,15.1464929934292,0,22.9491829919934,11.7343512816005,8.40312441892896,11.0240645861678,29.0129712370174,68.9966122356743,7.61355698737456,32.3775192070053,13.0698125464752,10.5528432187729,49.8925971462701,9.48920439236083,20.797896528255,39.223749183371,13.3827314102914,32.7226985439771,10.3575455586736,14.2689347885538,22.9894812903641,8.77232865321403,9.55830790464504,25.2742705137062,32.7834561936352,33.9447529082184,10.5489928429211,8.32616358234691,47.3349897010657,6.15335274464255,7.39873299964257,17.8205990359471,16.3751717548244,6.64868408032747,13.7018246960031,7.34659785206731,20.6877077028848,37.6817429267809,18.8406143742713,19.7318270821533,8.59883713068226,42.9774795677922,28.8799238226142,8.94378275675343,7.03295812585287,12.5039493760971,13.8441323310636,35.646651315376,23.7654686467572,9.45826358270904,15.9141446518498,7.21725363278858,25.8147002694201,22.9198876524297
65.4293034503654,31.6676885800022,41.5551290456425,39.1739390411534,45.4415008554955,34.3253914762818,34.1458635855062,43.9349803687221,39.0556974076766,54.2056270141763,33.8475072937432,48.2126280138306,38.0076801449391,45.1695970759094,34.5335344266989,41.4379355180733,41.0656334420888,33.8866861761371,34.300929287703,35.3605005620678,35.927722582986,37.2274764119192,38.1364327120406,39.4400335953204,36.5439803524466,38.5153540811973,29.7676838198742,40.1894731241901,67.0789739784383,36.139417538195,39.8876704007642,60.4583120836167,31.2459397362281,39.4539129871804,51.376064465858,38.2262998470948,44.5586271108076,37.1056431018248,33.5908469675893,23.3407636978742,22.9491829919934,0,16.6793285236547,23.6422820387542,31.7336572112324,45.7193339846503,58.0160107211794,16.9009245309243,26.1808852027581,29.9002508350683,27.2295335986498,63.8685074978271,23.0095632292314,22.7479119920928,53.8044375493323,18.1158080139971,21.8291090060955,19.0636761932215,18.9896682435476,23.2387876189787,22.3917116362283,26.3035406361957,39.7376867721311,38.3700403961216,50.7465392908718,14.9695106800456,21.801146758829,63.6976942282843,26.7702960387068,21.6523959413271,12.6514327251897,24.3916225372565,23.2163735324878,18.4226762442377,28.0590003385723,39.5301941558601,31.5199738261313,21.1164331741892,16.7278211372551,24.7744828402128,58.5703743372023,23.4994680790864,19.0542974155438,24.9715337935017,27.4170339387761,30.4127440393004,48.0360151344801,33.4075216081648,21.7424412152821,26.079781440802,21.4134011777672,14.698086610168,15.5504421159014
57.5243969981433,20.6813321621215,28.8444318716802,25.0595790068389,32.9178522993223,20.4016543446849,23.7420513014356,32.7321325305883,28.1430719716238,47.7645265861602,20.8603990853483,37.6413668720996,24.4417931011618,35.2263750618766,24.8758919438078,31.0979500932135,28.5544873881497,24.0490644308672,20.2856168257216,20.2205341175746,24.4880327915494,23.0715192390965,24.6568955872389,26.2956032446491,22.2085006247608,25.845744330547,20.4887774159416,29.7503991569861,60.9932475770884,23.1121721177392,28.0110469279533,53.1480714607783,18.0848348070974,24.3086147281164,47.029458852936,25.1783637276134,37.3557057221517,29.285683362353,18.724983311074,21.1413989603337,11.7343512816005,16.6793285236547,0,8.88158206627626,21.5829794050775,38.3539763257996,59.2046239748214,8.47193897522874,23.1170121339242,20.0744862947972,18.7443991634835,59.255453335537,8.20121942152507,16.9345061929777,48.5615846117072,18.162530110092,22.7669716914657,12.2723775202688,7.37648290176287,16.7234491059709,16.315215291255,19.1318778482406,34.8425207182259,27.5460523487486,44.1997030533012,5.85395165678705,8.5869086404829,57.5354130079901,12.8946209715524,11.2957403475823,14.9496237410846,9.96286856281864,14.8991610502068,8.26649865420663,17.1270984115816,30.776269267083,28.9510146627022,11.9434605537926,11.7541482039321,17.9150774488976,53.2308298826911,19.3247250950693,4.43889062717251,15.7069252242442,21.7041758654873,24.1316182631833,45.3154085273431,19.7249207856458,7.41021254755894,10.8076361892876,10.6090173908803,15.7921262026366,13.8734909089241
56.7458919217947,18.3876317126486,23.1465170166053,20.6128600635623,25.8266819394207,14.5607348715647,19.820759319461,30.4725286118497,24.2842541577871,48.3798770151393,17.5167419915919,35.6843102777677,20.0828596071376,34.1377357187028,26.1384295626191,30.2511983233723,24.398232517951,23.3819374731864,13.6241054752229,13.8732656573714,20.5636511835812,16.4507598608697,19.1637678967368,20.0413011054672,16.3314114515556,20.6998792267008,21.2504705830248,25.8443659237366,61.3889749873705,18.0187402445343,25.4596494477045,53.2307242107413,15.3093517171695,17.3533498207118,48.627075791168,21.0587867646738,38.6151362809974,29.6158952253684,12.6652082493736,22.3345864076325,8.40312441892896,23.6422820387542,8.88158206627626,0,16.8070669660117,34.8667463351544,62.8302872824882,10.6980722562525,26.4523392160315,17.3057071511106,16.6782792877443,56.5957043422909,5.28795801798766,16.5396493312283,46.1383788185064,19.3844009450898,28.0031694634732,12.2658570837916,9.20950595851916,17.4969640223669,14.2986450407023,16.8256872073624,32.6782228708968,25.1360796465956,40.6390052781807,11.2724775448878,9.32188285701982,53.8250290292537,8.11457022891539,11.5945569126207,18.6179013317828,9.47938552860891,13.6646441592893,9.12838978133603,12.9371557925226,26.3949569046816,31.3636931817667,13.2335274964765,15.2184920409349,16.0057021089361,49.870745432568,23.3318987654241,6.28201798787619,13.5878622306822,19.0455047189619,21.203596393065,43.223214248827,16.0923895056017,4.79804647747393,8.55087714798896,10.676200166726,22.1806503511507,18.8582541609768
71.4149931737027,24.6263578305847,16.7750186289017,32.5274115170574,18.3698121928342,17.1338116016256,18.2323887628582,44.4455003346795,20.5473234266656,63.7518627178846,28.877521534924,50.092140102016,32.6526606879133,49.1423697027321,41.9857118553443,45.3155326571365,37.4008522630167,38.2030430725093,18.8940797606023,24.3148103015426,20.1608221558546,17.3363779377354,24.8714193402789,12.8916154922492,18.6912412642927,30.9010113103115,35.3206738327569,18.5433613457755,76.6583736456755,28.2779507744108,39.3453142063957,68.4776788450076,23.9118432999215,19.1188061865797,64.4612286572324,33.529837458598,54.321853337308,45.2242882752178,21.5691909908554,15.8942992925137,11.0240645861678,31.7336572112324,21.5829794050775,16.8070669660117,0,22.3098072604852,78.2499361022103,15.9566208828812,41.1816858567009,14.2251537777277,9.16610604346251,42.5798514558236,18.3342575524617,28.6142010197734,31.7282602737686,17.5384577429146,42.632557980961,16.2108374243899,23.1777371630623,31.0036086609285,12.0919911511711,7.36130083612945,18.3839943973011,39.508163713339,25.3615604803805,19.714049558627,15.4095749454682,38.7690437075768,10.9316627280574,13.8202297375984,25.2179747402523,25.2671476427396,9.46863242501261,22.4797686820839,6.56067831858872,13.1016697409147,46.4321144252553,27.1435305367596,28.839296107915,8.47614299077122,34.2456019073983,37.7402305239383,18.3316324968618,7.70989623795289,9.21771392482975,8.22131376362684,28.4114633554838,29.7121608100118,17.5173128647062,23.7558413869094,14.7789123415764,35.9437233741859,32.5082105013487
88.6172175708536,30.9902403991966,19.0297464512799,45.8313757157692,22.3541383193359,26.6461066574462,20.462465638334,61.0813392125615,19.7038067388005,81.4147867404933,40.0561012830754,65.9800727492779,46.6007644787079,66.1158453020152,58.923573381118,62.0715715927992,53.5336693119386,57.1684353467891,30.4188469538212,40.6717039229979,22.8721173047009,27.3272300096442,33.7494444398719,20.6330741771555,28.3205755591231,43.4874119717419,47.2281430928636,14.6627504241189,94.0033842475897,39.4811980567966,57.1553475188455,85.579378357172,33.5151644781881,31.2977435288872,81.5767276862709,48.6986909474988,72.020543944072,63.4036769438492,34.8443323942359,25.2479454609677,29.0129712370174,45.7193339846503,38.3539763257996,34.8667463351544,22.3098072604852,0,96.3805997076175,33.8485413275077,59.3648991408223,19.5691721848421,21.4230016570974,23.0426506721775,33.8203710801641,47.8147466792411,15.6953814862844,31.5623193064135,60.2546056330966,35.1823997191778,41.8311486813355,50.3502110223979,30.3992804191152,23.8150950029598,14.5659277081825,57.2322679962973,12.190929004797,35.3602707851623,32.5375552246938,21.4164364449364,28.1370085474629,28.1134976479271,41.0008079188691,41.4168896707611,26.0778162429296,40.9152477690164,23.0610060491731,10.4208325003332,64.8523804497568,46.2361465738658,47.5647716277499,24.3594437539119,19.7828524232478,56.3161388946366,35.7485489215996,25.3523174483123,24.010961038659,20.8466424155066,19.316476127907,47.2594435007438,35.301150831099,41.6964327011316,29.1767244563196,52.8170072041194,50.2070089728516
35.9111925449434,69.9990714224125,83.9016313905755,59.1290114918218,85.0200711596973,73.3469835780586,78.3398844778316,45.8013646084917,82.861571310228,28.1649161191721,61.9043920089682,44.0286838322474,57.7088273143719,40.0437261003518,41.6208181082496,41.9494338460008,52.5661131338432,43.4403038663405,69.944397559776,61.9216642218214,77.8727888931686,74.8552436373031,69.9116227819094,81.4873072938356,73.8460560896789,61.2576933943811,53.8559885249542,86.2879409303525,28.9520940520716,63.6056208208048,47.468265715107,31.2591586579038,67.0829244293956,73.7326674547992,22.3025222788814,55.5418985991657,31.9168646643119,36.9546174381497,65.817379923543,78.183190328868,68.9966122356743,58.0160107211794,59.2046239748214,62.8302872824882,78.2499361022103,96.3805997076175,0,65.1385542516872,38.0796369467987,77.4954353494449,77.0413525322602,117.954276098834,63.3804977891465,52.1222601198375,107.508557798903,71.2187475318121,37.9401172902773,64.4358886801447,55.5205817692863,48.2506606172392,70.3392049286882,76.3253971493107,93.1706163444248,45.9283953562499,102.722861379539,62.881724292516,65.8445707708692,116.109565712735,69.8896898691073,70.2094455896071,60.4000724337314,56.0354463710248,72.774085360106,56.6785894319892,74.9166536892833,88.4946396681742,32.8494862973533,51.4577375134197,50.3568515695729,75.0691514538429,111.640690386615,41.1512758003929,62.1090271216673,73.5535859085062,77.4252784948172,80.8785045608535,102.672580322109,54.0871981156354,62.0051106764596,56.7707451069651,68.4336083368399,46.0870236617641,47.6168693847044
63.9913275374093,23.2004040913084,27.1592065421654,30.2101183380668,30.691550140063,21.1314635082381,22.8963152057269,38.7087038016,27.0364337515139,54.4662854433823,25.7156567094834,43.9856084418529,29.6788224159922,41.7395945116864,32.2598240850752,37.7578965250979,33.6092993083759,29.530175244993,21.7290703896876,23.5626027849217,24.492805065978,23.3132204982495,27.0833666666461,24.1870316492123,23.1766854834767,29.6239556777956,27.0931956402341,27.420612684621,67.7019755989439,27.039253872842,33.575288531895,59.9625820824954,21.6721595601361,25.0195923228177,53.8448813723273,30.1755074522368,44.3100440081027,35.6486675767833,21.6842396684781,14.3763694999816,7.61355698737456,16.9009245309243,8.47193897522874,10.6980722562525,15.9566208828812,33.8485413275077,65.1385542516872,0,28.6160793960319,18.038257953583,13.555395604703,53.8156343454205,11.6624933011771,18.6019824212367,42.8599317544954,11.1579007882307,28.1209219265656,6.9108610172684,11.6129776543314,20.2227594556233,9.12140340079311,11.9983332175765,28.3192072629161,33.0204671378223,38.2520260901302,5.85363135156289,7.55604062985369,51.8475168161408,11.3281728447266,8.23908368691566,12.9469108284564,16.6996257443094,8.42058489654964,10.9207943850253,12.7071338231719,26.0258045024549,34.4455367210325,16.1298636076069,15.4266409175815,11.0732222049411,46.9333303740529,24.7877237760953,7.10703876449255,9.57150719583911,14.6145475468795,17.0583190848337,38.2860940812719,24.6494168288014,9.54698905414686,16.2641092593477,8.8140512819021,20.7675227217885,18.2932364550399
41.0447926051527,36.4357825495762,48.3672668237518,29.4812440375232,49.4728081879329,38.0373664966438,42.4736241684177,23.7960343334766,48.3048781180535,29.6523818604847,30.4444576236792,28.1244777729294,28.0020088565088,23.0143705106179,16.0063659210953,20.1626201174351,25.0525447809199,14.0245766424516,34.6774782820204,28.0969526817411,43.0622514506615,40.320946789479,36.608417747835,45.4109293012156,39.6831985857995,30.2238523355313,24.9257647826501,50.7179455419874,42.2753769941795,31.6546007714518,21.0054754766466,36.1096074473263,34.057414758023,39.778260394341,27.97371534137,24.6795208624479,22.7509340467595,14.1330286916853,31.6324003199251,42.2097737496898,32.3775192070053,26.1808852027581,23.1170121339242,26.4523392160315,41.1816858567009,59.3648991408223,38.0796369467987,28.6160793960319,0,41.1644415727943,39.6027934620779,81.05478085838,27.4341256467196,17.0184091500939,70.5733040887275,35.4978344409909,10.2192832429677,27.6145794825849,18.8338458632325,11.5915917802518,33.6991097805268,39.1797141388244,56.1181120494979,19.5545071530837,65.4838338828752,26.40785867881,29.1805800147975,78.8843457220759,33.1787959395756,33.8107601215944,24.5127007895907,20.961571983036,35.8629857931545,19.3761773835811,37.7525330275996,51.1620709119558,7.08731260775197,14.4608955462654,14.6766396017617,38.0651907915881,74.3471418414992,7.03304699259147,25.7516989730775,36.323632114644,40.0790468948552,43.8689383277052,65.8599650774277,20.8603990853483,24.8810168602491,21.82816414635,31.4878944993151,14.0575602435131,11.7994703270952
71.2315677912539,15.5213562551731,13.8333383534127,29.8084300156852,20.0294782757814,11.8495780515595,8.15505977905742,44.153057651764,12.6418946364855,63.2056563924464,23.3110756937555,48.8946571723333,30.2194680628233,48.4745551810432,40.2221332104601,44.3538329798001,37.3605239524287,39.514965519408,15.56907993428,25.2735039122002,11.2846688032924,14.873970552613,20.5120086778453,13.5570553587422,14.8785920032777,28.8686248373559,29.2947094199618,12.0137941550536,75.9850725471786,23.8032035659068,40.2287055471587,67.6297456745181,16.5833123952967,19.3310307536872,62.9182008642968,32.5812829704418,53.4286323051601,45.0929733994111,18.9292102318084,16.8739073720345,13.0698125464752,29.9002508350683,20.0744862947972,17.3057071511106,14.2251537777277,19.5691721848421,77.4954353494449,18.038257953583,41.1644415727943,0,10.4082899652152,41.3679072470436,14.9751460760822,31.2618377578798,32.0980918435972,20.1277793111908,41.6887274931725,20.8192519077896,24.0368987184287,33.101642708482,18.2643436783258,14.1574626964015,21.4918880045472,39.9765556295187,28.0213980736151,18.1805871742362,16.0307516979086,40.0071712321679,11.939064033667,11.6182507289178,26.1328576699909,22.5969854184137,12.8846808264699,23.5175466407532,9.74589657240419,14.1072233270761,46.5734500547254,28.7369318125648,29.9149628112756,13.5552572826929,37.0905816886174,38.134433259195,17.8299957936058,12.7079699401596,16.4163409443152,16.0090599349244,31.745806809719,30.407523740022,17.8084600681811,23.7524735554005,12.2843905017709,34.5627870693323,32.2552127570103
72.5074220338856,22.3256578850434,19.1174331435996,33.606175027813,23.0601929740408,17.7025421903183,15.8569385443723,45.7014770002021,20.3430577839223,63.9831813838606,28.7591941820351,51.3466162468375,33.8275220789227,49.8242912644024,41.2785961486095,45.5389393815886,39.0874500319476,38.835421975305,19.7665437039458,26.4342107882948,19.1462463684138,19.931821291593,25.6768378115375,16.5319009796212,20.6012135564874,32.1008566863877,33.313248115427,18.5501010778917,77.031105730088,28.8721318921897,40.8184241489061,68.959988399071,22.8417654746738,23.0436271016522,64.0374304606298,34.3497088779512,54.3591643607589,45.3183323832641,22.7738336693671,11.3017144717074,10.5528432187729,27.2295335986498,18.7443991634835,16.6782792877443,9.16610604346251,21.4230016570974,77.0413525322602,13.555395604703,39.6027934620779,10.4082899652152,0,41.8911536007305,16.7322293792549,28.8781058935658,31.3340868703717,14.5113748487178,40.4010829062786,15.514549622854,22.2700471485805,30.6884139375107,12.2342245361118,6.46171416885644,17.9022694092118,40.8067090072209,26.3523006585763,15.3500407165584,13.1754506564292,39.769884963374,11.1349113153181,9.82083244944135,21.4537001470609,24.0528324735363,6.86130454068322,20.9638379119855,5.93717104351896,13.6707260231489,45.408823481786,26.4496928148514,27.5353863237835,6.436808215257,35.2318925123247,36.4248884692871,16.3129932875607,6.36356818145293,8.51770215492418,9.38362936181945,28.1018905058005,30.744836964928,16.0218990759523,24.032426011537,9.99906245605058,33.028415796099,30.0775456113028
111.245707782368,52.7398686953238,40.01843325269,68.3659363279696,42.905375537338,49.0135057917713,42.817475988199,83.8141321615872,40.0301605042998,104.014668436716,62.4117176498131,88.5503740816491,69.1475596098662,88.7402882010195,81.1011790913055,84.7325424497578,76.1851855677992,79.3544658478652,53.1971333814145,63.1712058615316,44.6686691093433,49.1219528317025,56.3226308867049,41.9799952358263,50.0116361460011,66.2170578476574,69.0823874080796,35.2772235302043,116.71435215945,62.072548280218,79.7048147855573,108.222415654059,55.2860741959492,52.6694645881273,104.058547222225,71.5330081151352,94.1207867582927,85.7800967590968,57.4457679033016,41.8233487420603,49.8925971462701,63.8685074978271,59.255453335537,56.5957043422909,42.5798514558236,23.0426506721775,117.954276098834,53.8156343454205,81.05478085838,41.3679072470436,41.8911536007305,0,55.6160835550293,68.9136688183121,12.5143417725424,49.4875615685396,80.9135727180552,55.4484670662769,63.2966922516493,71.9461083033683,49.9252691530051,43.2478034124278,27.1824391841498,79.7582362518129,18.4012227854564,55.6771721623863,53.4327497888701,9.66061592239336,49.769970865975,48.4185914706324,60.5360223338138,63.5425054589446,46.1249525745014,62.2649480044752,44.3010298977349,31.6404804009042,86.7081166904229,67.8793046517125,68.4601800318988,44.1107271533807,13.0870164667123,77.7041906849303,56.6890421510189,45.683736165073,43.1871798106799,39.4137190582163,21.366972176703,69.7936512155654,57.0554773882403,63.6540356144055,50.2140418608182,73.0633800203631,71.0483286221428
57.6610462097246,15.1005794590804,22.0841855181485,20.2306079987726,26.0414093320619,12.7423506465644,17.476269624837,31.3672201509793,22.0748159675228,49.0913943578709,15.2933400537619,36.1069591630201,19.7468035388009,34.9403420132087,26.1318770852765,30.9052180060261,25.5696841982845,25.1904247681535,12.9141879342063,15.5037092335995,18.0526660080997,15.7397585750227,17.9845072214948,19.823691634002,14.9197017396461,20.9759981884057,19.0698715255242,23.9190562104779,62.1028280354446,16.7655152023432,27.0277403790994,53.8343059767654,12.0397778218703,17.3100765451803,48.9482890405783,21.8299106732025,39.0415003553911,30.6656363051543,11.8857057005463,21.9657403699488,9.48920439236083,23.0095632292314,8.20121942152507,5.28795801798766,18.3342575524617,33.8203710801641,63.3804977891465,11.6624933011771,27.4341256467196,14.9751460760822,16.7322293792549,55.6160835550293,0,19.1623980753976,45.4544552271832,20.2256643895819,28.3805391069303,14.5823952079211,10.901949366971,19.8438592516678,16.3983611986076,17.9183913898542,32.6047734235342,26.5495762678051,40.6475552770397,10.6781903897617,9.54725091322104,53.468062897397,8.4909510656934,10.2163471945701,19.7148738266315,8.59934590535815,14.2583308981101,11.3024333663154,13.4232075153445,26.2072270566727,32.552899256441,15.5353226551623,16.8607532453328,16.9499262535269,49.9165428490395,24.3281729688031,6.3563944182217,14.2628012676332,20.4935660635234,22.3578845153114,43.3945993183484,17.6751944826641,6.57770856757884,9.66436754267965,9.95671883704667,22.1613684144278,19.6645302511908
50.9049727433382,29.9580540088972,37.9366083091254,26.9344574847907,38.0876292252484,29.0004310312795,32.883164385442,28.3519840575576,38.6550772861729,41.606279574122,26.0412413298598,33.2977476715768,25.3518490449908,30.1763980620617,24.4895385828316,27.4989999818175,24.1401895187258,17.9379486006622,25.9815559580253,21.752873373419,34.1943526039023,30.9594492845076,30.0234908030362,34.5695494619181,30.9275766913607,25.5083319721224,25.2595031621764,40.3251937379103,54.017231047139,26.2215560179025,23.4872039630093,47.1572369843696,28.0303630015738,30.7015268349963,40.7134191637106,23.2037173745932,33.6678444513456,23.2662040307395,24.4273924109799,31.6605235269412,20.797896528255,22.7479119920928,16.9345061929777,16.5396493312283,28.6142010197734,47.8147466792411,52.1222601198375,18.6019824212367,17.0184091500939,31.2618377578798,28.8781058935658,68.9136688183121,19.1623980753976,0,58.5641528582118,24.0425664187499,19.3033028262005,16.2018903218112,12.1975407357385,7.79543135432543,20.4166904761766,26.8134061618437,43.4619517509281,21.503778737701,52.7334689736983,18.7348271942924,20.9960115260018,66.0931066753561,22.9671776672712,24.3492042991142,16.7466787752079,16.5984562535195,24.7974293022482,10.3253329244146,26.293440246571,39.1417136824641,20.7516565603809,10.0901560939363,10.0425345406426,26.1689224080779,61.3016007131951,16.3602414407612,17.3942159926799,24.9581649966499,27.3773857407898,30.8887115302662,52.8491840050535,18.1338082045664,16.4979165351265,16.5008333122906,22.3532156523396,16.743394219811,12.0001562489828
101.429291873699,44.2388969121067,31.4187245126215,59.3781104448432,35.284238690951,39.9714898396344,34.6699077010597,74.0993252330951,31.8414823775527,93.841608575301,53.5187000028962,79.0599456109097,60.0290034066867,78.8358103909638,70.7872340185715,74.8113961906874,66.7968842836251,68.8517247423766,44.3311543950753,53.4340013474567,36.3496733135251,40.056678594212,48.0105196805867,32.6268102946028,40.868019281585,57.499391301126,59.8553046939033,26.9254758546623,106.74292131097,53.5581459723915,69.6301209965917,98.2548472086746,46.1961713781564,43.3585487533889,94.0758071982378,62.284970097127,83.7002314811614,75.4772233856016,48.1328110544148,30.9936888737046,39.223749183371,53.8044375493323,48.5615846117072,46.1383788185064,31.7282602737686,15.6953814862844,107.508557798903,42.8599317544954,70.5733040887275,32.0980918435972,31.3340868703717,12.5143417725424,45.4544552271832,58.5641528582118,0,39.2286884817731,70.3382719435159,44.7269633442737,52.6378191037585,61.4015370328789,39.3133724068541,32.3299976801731,16.3037189009134,69.8556189579621,9.06662837001716,45.0414115009732,42.4260238532908,12.2079379913235,39.0992487140098,37.6504814046248,50.4328885748179,53.3780736819904,35.1611646564786,51.7690303173625,33.7578879671107,22.3892552354919,76.3693082985567,57.2537007537504,57.8065956444418,33.4034803575915,9.57111539999388,66.9222870200952,45.9389132435673,34.6558797320166,32.8512747089059,28.7981336200803,13.7190105328336,59.7135662977853,46.5416614443447,53.0804813467248,39.7558957891782,62.5131286211145,60.5518269749146
72.4428481632245,28.4804318787479,30.708569650832,38.3109644879896,33.313248115427,27.0676005586014,25.4781769363508,47.2274284711755,29.8218041037091,62.8365140662656,33.0934472365754,52.6285093841731,37.9250741594529,50.3395470778194,41.5218918162455,46.5274650072406,41.643772043368,38.1812781347089,27.499659088796,31.6383864948894,28.3029812917297,28.8870645791503,33.0107558229132,28.1335875778401,29.4136022955367,36.1758897609997,34.4888025306765,29.2994240557728,75.7989528291783,33.8310508261272,42.2521449159685,68.4709427421589,28.7425860005672,31.7095214407282,61.33418704116,37.8926444049501,53.2759678466755,44.0435721757443,29.1616614753001,10.9276598592745,13.3827314102914,18.1158080139971,18.162530110092,19.3844009450898,17.5384577429146,31.5623193064135,71.2187475318121,11.1579007882307,35.4978344409909,20.1277793111908,14.5113748487178,49.4875615685396,20.2256643895819,24.0425664187499,39.2286884817731,0,34.2970479779237,11.2312621730596,20.4537282665044,27.0181189204578,8.88742088572382,11.177376704755,24.3879324666934,41.2198071320087,34.9105105949483,13.9021131487267,16.3865035928962,48.1282011922324,18.4663545400818,14.8577841551155,13.1337827757276,25.644078263802,10.9024079908981,18.8718706015064,16.0387031894726,24.783638756244,41.0163534459123,23.8508123551379,22.7018171078881,9.81312896073419,42.5335896674617,32.2951621764003,17.4039866122679,12.8306274203563,11.4643469068238,13.8140327203898,32.0621466842132,33.4634875648071,18.3190133467935,26.0679400797224,14.1089067613334,27.0744575199578,24.5006887658286
46.3908261405205,37.5515978355116,50.1813585906161,34.1429714582665,52.8615171935123,40.3151646406163,43.9869298769532,30.6934439253727,48.750410254684,34.6331488605931,32.9948291403365,33.552011862182,32.7174838580231,28.934451783298,20.1297044190917,26.67859628991,31.6827437258833,20.3099113735142,38.1709804694614,33.2002259028459,44.3313799694979,42.5556694225341,40.4344222167202,47.6592724451391,41.5881293159478,35.3669690530585,25.7755698288127,51.3977504371544,46.746537304917,35.4128154768863,27.8137780605225,40.8407578284243,35.0381042580788,42.7110202406826,31.2190646881036,31.5188832289471,25.7750121241485,20.1802812170693,35.0638702940791,40.6547198981865,32.7226985439771,21.8291090060955,22.7669716914657,28.0031694634732,42.632557980961,60.2546056330966,37.9401172902773,28.1209219265656,10.2192832429677,41.6887274931725,40.4010829062786,80.9135727180552,28.3805391069303,19.3033028262005,70.3382719435159,34.2970479779237,0,28.6028626189757,20.489204474552,16.4557360819867,34.0808413921957,39.5642673380918,55.9121073650421,25.962665502602,65.9977367036173,25.6455892893885,29.7629803615162,79.4821756748015,34.520627891161,33.381750253694,24.4073503273092,22.9504084930966,35.9438450920321,21.172978061671,38.8885265856139,52.6336988059931,13.307093972765,17.9301073616418,14.8005067480813,38.4009765500827,74.7529180032459,9.79770381262874,25.8542307949782,37.0026688226674,41.1153104086544,44.3656962077685,65.531051799891,26.8861023579097,26.9633779412002,24.2905331353595,31.8357307125186,8.57955418422193,11.1654041574857
63.0277319915607,25.254628288692,28.8585775810243,30.1759631163614,30.2435736975642,22.7976150068379,24.6085097070099,37.6913285783348,29.5859975326167,53.7857206886735,26.7532241047691,43.3895868844127,29.6386150148754,41.046391437007,32.9934652620788,37.186707974759,32.3255317048305,28.540388049219,21.9217357889379,22.8351428723361,26.4748465529075,24.6115572445142,27.1795189434986,25.5130848781561,25.0170192069319,28.3584423055992,28.5698923694158,29.8073816360981,66.7906243420437,27.2521329440468,32.5622480796397,59.3112025674746,24.1822765677676,25.9540940893725,53.161769628183,28.9545117382421,44.5659623479624,35.0680410060214,22.1627784810479,17.4754112970196,10.3575455586736,19.0636761932215,12.2723775202688,12.2658570837916,16.2108374243899,35.1823997191778,64.4358886801447,6.9108610172684,27.6145794825849,20.8192519077896,15.514549622854,55.4484670662769,14.5823952079211,16.2018903218112,44.7269633442737,11.2312621730596,28.6028626189757,0,11.9951552720255,18.2281375900008,7.37190613071003,12.7714525407253,29.814384112371,31.7852756791569,39.3700076200145,10.267911179982,10.9453757358987,52.9476156214801,13.8288647401007,13.359172878588,11.3135980130107,18.1253275832466,10.9571323803265,10.541643609988,14.4740716455322,26.857633924082,33.1981927218938,14.9074645731593,15.1270866329244,11.8128637510131,47.799503135493,24.3277362284287,11.352752970095,11.4385860140141,13.7351738248921,17.0020219385813,38.8693323842847,23.8194510851951,10.5638534635804,17.41475667358,12.0711432764258,22.151410790286,18.228480463275
52.8581474325387,23.1226079843948,31.2429792113364,22.7487362286348,33.3191011283318,22.1489277392834,26.6436202495081,27.9803502479865,31.5272897661692,43.2831664738152,20.5008231542053,33.477753807566,21.7262226353317,30.9148831471186,21.7766503392969,26.9246169889193,24.0784395258497,19.0303704640766,20.2432396122755,17.3378920287329,27.3288537996016,24.1727635987282,24.1243652766244,28.0660159267396,23.747420912596,22.9196422310646,20.387312230895,33.3023835483288,56.5705643422443,21.6059019714521,23.0733883510853,48.8598505933041,20.2856784456424,24.4423045149184,42.9455760236139,21.2817410002095,33.6559244413224,24.5246559608896,18.0630146985491,25.5559435357022,14.2689347885538,18.9896682435476,7.37648290176287,9.20950595851916,23.1777371630623,41.8311486813355,55.5205817692863,11.6129776543314,18.8338458632325,24.0368987184287,22.2700471485805,63.2966922516493,10.901949366971,12.1975407357385,52.6378191037585,20.4537282665044,20.489204474552,11.9951552720255,0,10.8005208207753,17.3758093336685,21.6810112771522,38.534708380887,22.4852729580941,47.4900647504296,11.0923960441376,11.9775832286818,60.8898698471264,15.2329823081365,16.3644813544457,15.0109543334193,9.31645050434981,18.025745476956,5.11248471880357,19.7566444519306,33.5253821753011,24.2419832109504,6.01861695076203,7.92070072657718,20.5386830152276,56.4733012139365,15.3048195023659,8.43837958378265,18.4964861527805,23.3072681796902,26.4163301766161,48.6837113416798,15.4395595792108,7.77487942028684,8.62742719470874,14.8606443332717,15.204727883129,11.271701291287
46.6744576829769,30.7449792649141,39.6218058649527,25.2601712187388,39.8921828181913,30.0459439858361,34.6852454222253,24.3620350135205,40.5905623267281,36.9076042300228,25.7020427203754,30.036040850951,23.7245126398837,26.1585311131952,19.6018175177712,22.887305433362,21.716468405337,13.3688537279753,26.5535779133434,20.5505778507564,35.7624453861869,31.909579282717,29.9502712842472,36.1322224613986,31.8798329669401,24.7684022496406,23.9776197734471,42.4450232653959,49.7579893082508,25.8501692450939,19.5472504460346,42.8064977544298,28.3827852755856,31.4,36.5506668885808,20.4614576704594,29.2604682122484,18.5359785282569,24.3181259557557,34.1290199097484,22.9894812903641,23.2387876189787,16.7234491059709,17.4969640223669,31.0036086609285,50.3502110223979,48.2506606172392,20.2227594556233,11.5915917802518,33.101642708482,30.6884139375107,71.9461083033683,19.8438592516678,7.79543135432543,61.4015370328789,27.0181189204578,16.4557360819867,18.2281375900008,10.8005208207753,0,23.6891325294955,29.5254127828892,46.6758235063935,18.1197751089797,55.6884862426696,19.6288053635467,21.4375546646533,69.0923295308531,24.2440198811996,25.9519267107473,17.8893124518524,15.3400619294708,26.8622644242811,10.4172333179208,28.2988736524972,41.5164124172598,15.9601065159353,6.28549918463125,8.51417934976707,28.6074509525054,64.4486035535294,11.1115367974012,18.0339956748359,27.0184890399149,30.1475537979452,33.9600684628285,56.2860995273256,15.2623310801463,16.3114990114336,15.0398221399058,23.5885035557578,15.016990377569,9.47298791300824
68.0999265785214,25.5191349775027,25.9276396920352,33.0078589126893,27.3971485742586,21.9965054042682,22.3783098110648,42.329850578522,26.8631950817471,59.3420066226278,28.8278511165851,47.741085555316,32.5253362780464,45.8707559344731,38.2562249836546,42.1905943309643,35.9285401874332,33.5717701350405,22.0996040688516,25.384222461994,24.8409440239295,23.4307223533548,28.0649469979902,22.7357097975849,24.2882945057902,30.6718315397043,31.9934172916867,26.409657324547,72.2370230560479,28.9239304037332,37.1070747971327,64.5875278207798,25.1627204411606,25.5379129922553,58.7990539889886,32.5579291417621,49.9828970748995,40.3478933774739,23.5904376813996,13.9681781202847,8.77232865321403,22.3917116362283,16.315215291255,14.2986450407023,12.0919911511711,30.3992804191152,70.3392049286882,9.12140340079311,33.6991097805268,18.2643436783258,12.2342245361118,49.9252691530051,16.3983611986076,20.4166904761766,39.3133724068541,8.88742088572382,34.0808413921957,7.37190613071003,17.3758093336685,23.6891325294955,0,7.81536947303197,24.1466871433743,36.2003280371877,33.7236934513407,13.3159678581769,13.5554878185921,47.2479100066871,13.5271024243923,12.7018699410756,15.1967924247191,22.0376382582163,8.56088488416939,15.3579376870724,11.4594393405611,22.0229993415974,38.9706299666813,20.7727586035173,20.6468823312383,7.49257966257284,42.0022320835453,30.6115786917304,14.2256810030311,8.68799459023772,8.83544000036219,11.4631474735345,32.9868913358019,27.9463101321087,14.0582715865074,21.4455997817734,12.392840675164,27.293314199635,23.7920680059553
72.7468212363949,24.9349904752338,21.5766656367475,35.0718726332085,24.3424783043962,20.2823507020266,19.3511304579345,46.177903265523,22.839083825758,64.1539651931196,30.3205375941786,51.7669658179809,35.0154608708782,50.2007843564222,42.0251264126594,46.2463376928379,39.596401351638,38.4791664410756,21.9458993891797,27.3545471539925,22.013348223294,21.7113161738297,27.9278311008929,18.6062489502855,22.5726327662504,33.1255754666994,34.6977845114065,21.2124963170297,77.2103458093538,30.4533454648254,41.0268204958659,69.2641050617129,25.0230393837359,24.2855924366691,64.0436277079929,35.5600372609479,54.4737551486952,45.2534805291262,24.3715253933766,9.92572415494205,9.55830790464504,26.3035406361957,19.1318778482406,16.8256872073624,7.36130083612945,23.8150950029598,76.3253971493107,11.9983332175765,39.1797141388244,14.1574626964015,6.46171416885644,43.2478034124278,17.9183913898542,26.8134061618437,32.3299976801731,11.177376704755,39.5642673380918,12.7714525407253,21.6810112771522,29.5254127828892,7.81536947303197,0,17.5435885724671,40.7464875786858,26.9775369520644,15.6129753730671,13.6212609548455,40.6640504622941,12.1921081031953,11.0712465422824,20.156698638418,24.9448892561182,5.24702296545384,20.3420438992742,7.45226475643478,15.7858322555385,44.828841162805,25.7853155885283,26.318933299053,3.23438556761558,35.5179884002459,35.7766159662984,16.4705798319306,4.81339277433288,5.34368786513584,5.83191649460107,27.3372456549668,31.2846408002393,16.667483313326,24.31041443497,11.8168312165318,32.3229020974293,29.3174436129755
88.8950926654559,34.9015938031489,24.833948538241,48.7590376238088,28.1986480172366,30.0514766692088,25.6122773294371,61.8900335272166,26.0030046340803,80.6620651235759,43.0744994167082,67.1594092439771,48.9282638155085,66.2773056935781,58.0587525701336,62.3073530973673,54.649039332819,55.2100873935189,33.6617735718129,41.611521841913,28.4403762281725,31.0503421881305,38.8804095914639,24.0560803124699,31.9156113837727,46.6760243594075,48.6811950346332,21.4603704534661,93.7097913774222,43.1388311153652,56.926026560792,85.5354824035032,36.3977334459167,34.0480175634353,80.716378449482,50.3203115053951,70.781724336159,61.8975362999207,37.2718895415835,17.1965839631015,25.2742705137062,39.7376867721311,34.8425207182259,32.6782228708968,18.3839943973011,14.5659277081825,93.1706163444248,28.3192072629161,56.1181120494979,21.4918880045472,17.9022694092118,27.1824391841498,32.6047734235342,43.4619517509281,16.3037189009134,24.3879324666934,55.9121073650421,29.814384112371,38.534708380887,46.6758235063935,24.1466871433743,17.5435885724671,0,56.8804338063626,12.5439228313953,30.960499026986,29.1870048137866,25.2336580780512,26.3487191339541,24.4336857637156,35.4551124663285,40.4761040615324,21.1565297248864,37.2646112283491,20.6738663534424,13.2176019004962,61.8298269446066,42.9595158259494,43.2344625270166,18.8978504068584,19.7043142484076,52.8088415892642,32.139267259849,20.3970892531263,18.0565085218599,14.2803623903597,12.3974795825603,46.983787097253,32.9755591309685,40.1475871005967,26.3391343821318,48.183166147525,45.9512785458686
32.4353780616166,33.4671854209463,41.9482866157844,16.301610349901,41.2937646624766,32.1055680529094,39.5004430354901,7.95471558259627,43.7488571279296,25.8413428443647,23.0943445457974,13.3094890961299,14.8960984824886,10.9017200477723,13.1009541637241,8.95195509372116,7.72180354580456,8.0322786306253,27.6699972894831,17.9092155048735,38.8633020985093,32.5772927051957,28.2427424305785,39.2554614034786,32.2520929553417,19.7236533127106,23.3826859021799,46.6637305623972,37.8123491732529,22.2928800292829,5.32177132165597,29.7437808625602,29.3610073056086,30.2855782510422,27.7006317617487,12.1179618748369,19.4511246461484,10.4018628139387,23.6182133109175,46.6336922192528,32.7834561936352,38.3700403961216,27.5460523487486,25.1360796465956,39.508163713339,57.2322679962973,45.9283953562499,33.0204671378223,19.5545071530837,39.9765556295187,40.8067090072209,79.7582362518129,26.5495762678051,21.503778737701,69.8556189579621,41.2198071320087,25.962665502602,31.7852756791569,22.4852729580941,18.1197751089797,36.2003280371877,40.7464875786858,56.8804338063626,0,63.6926310494393,32.2163196222039,31.3583322260607,76.2021735254317,31.5782163840835,35.8197047726527,34.3514737675111,19.6793356087039,37.8905001286602,23.6888159265084,36.8080493914035,48.7608064945608,19.1327925301039,19.424823036517,22.8474287393571,39.9232388465665,72.846748383164,20.0083732472183,28.1825522265106,37.6489375680111,41.8849465798871,44.7209682363877,67.012153748406,11.2792951907466,25.7158268387388,18.8911354873126,33.9800492936664,27.7036775537112,24.408323375439
95.4042582907073,40.5907470983228,26.313684652667,53.7405456801473,28.5509413154803,34.8060160029843,30.418600395153,68.0975311593599,28.509976324087,88.2640144679586,48.8335693964715,73.2855630393872,54.4229730904147,73.0077649979781,65.7986037085894,69.1233589316954,60.4695584571278,62.9411332119148,38.4844124289302,47.1184279236903,32.5194557150024,34.4955250721017,42.6559931310947,26.6620516839946,35.8153423828392,51.6184438936317,55.8612678875086,23.4183154816908,100.98943013999,48.163744144325,63.4611889267764,92.5998177643995,42.1324696641438,37.5007666588298,88.8076925159077,56.1156506689533,78.5665800452075,69.8564957609527,42.5794698182117,28.0597131132875,33.9447529082184,50.7465392908718,44.1997030533012,40.6390052781807,25.3615604803805,12.190929004797,102.722861379539,38.2520260901302,65.4838338828752,28.0213980736151,26.3523006585763,18.4012227854564,40.6475552770397,52.7334689736983,9.06662837001716,34.9105105949483,65.9977367036173,39.3700076200145,47.4900647504296,55.6884862426696,33.7236934513407,26.9775369520644,12.5439228313953,63.6926310494393,0,40.9419405988529,37.8341611510021,14.00151777487,33.8065821993292,33.6467680468719,45.8385754577954,48.4219475031726,30.3512149674441,46.4362869962705,28.1394074209106,16.0830656281693,70.9829028710435,51.7550480629668,52.7862789936931,28.1572592771385,9.54122633627355,62.0519641107354,41.2869531450312,29.6109565870473,26.9549160636794,22.8996997796914,12.2426508567385,53.6627314809822,41.2507272663162,47.7814948489475,35.2345710914721,58.4666785442785,55.8492614096194
62.5087593861852,21.2388500159496,28.5702205101746,29.1876900422079,32.7904139955567,21.3256594270845,22.4446263056439,37.5580717023651,27.4900663876972,52.573294075985,24.0893129831467,42.6214587971834,28.6854056969742,40.1400516940375,29.9949370727795,35.9701091185445,32.8892839690985,28.6077131207652,21.7428723953391,23.7364961609754,24.080438118938,24.4455773096076,26.5952768363106,26.1396729130263,23.8367101337412,28.7450647938042,23.8921796829004,28.4415189467792,65.7518630914744,26.0672447719355,32.7918434980408,58.0541665171415,20.2712234460577,26.4648823915769,51.5738911659766,29.0352587382995,42.4592157252109,34.0021690484592,21.5010755544926,16.6953586364594,10.5489928429211,14.9695106800456,5.85395165678705,11.2724775448878,19.714049558627,35.3602707851623,62.881724292516,5.85363135156289,26.40785867881,18.1805871742362,15.3500407165584,55.6771721623863,10.6781903897617,18.7348271942924,45.0414115009732,13.9021131487267,25.6455892893885,10.267911179982,11.0923960441376,19.6288053635467,13.3159678581769,15.6129753730671,30.960499026986,32.2163196222039,40.9419405988529,0,8.08169227328039,54.3484130403087,12.9328071198793,8.99902772526011,12.0912158197594,14.4987068388874,11.7586670162906,10.196016378959,15.2278117272312,28.1568375354904,32.5435093375008,15.4026783385228,14.6106553583335,14.4938348962585,49.7201417938445,23.0432473839952,6.63626400921481,12.8216126130842,18.1053859389962,20.6947155090376,41.1323473679779,23.9969529315703,9.40159560925697,15.6868177142466,7.85668505159779,17.9855497552897,16.1128054664605
62.1105969219424,20.2711001181485,23.8604536838678,26.4446119275742,28.0877197365681,17.4903544846867,20.5980581609044,36.0604700468532,24.1053417316577,52.9956130259855,22.3928839143153,41.6229203684701,26.6129902491246,39.5147124499217,29.9743223443,35.3432808324298,31.2038258872209,28.4462211901687,18.1697894869478,19.9913731394319,21.3208524688859,19.5982142043606,23.1168228785878,20.9698295176666,19.1776562697322,26.7095956539967,24.9269934007293,24.827127300596,66.1394832909965,23.9776458394063,31.1003818304535,58.1045824354672,18.0236303224406,20.9583813783412,52.9109156979919,27.129227781122,42.7812312819535,34.6179324917015,17.890220792377,17.3063210995289,8.32616358234691,21.801146758829,8.5869086404829,9.32188285701982,15.4095749454682,32.5375552246938,65.8445707708692,7.55604062985369,29.1805800147975,16.0307516979086,13.1754506564292,53.4327497888701,9.54725091322104,20.9960115260018,42.4260238532908,16.3865035928962,29.7629803615162,10.9453757358987,11.9775832286818,21.4375546646533,13.5554878185921,13.6212609548455,29.1870048137866,31.3583322260607,37.8341611510021,8.08169227328039,0,51.2602063007944,7.61355698737456,8.0733357418108,17.4598467919968,13.9836958633975,9.1926601155487,12.6830595677857,11.4748638336148,24.9429098142137,35.2335954736385,16.3937869328597,17.9767905923165,12.9321305282618,46.8963884536965,25.0626215707775,7.23005878261027,9.92383494421384,16.8518915852197,18.542518707015,39.7572163260961,21.8735570952692,8.07658653145003,13.3886145661155,6.88340395443998,23.02805354345,20.537374467054
107.569791298487,51.6391203449478,36.5783064124079,65.192148683718,37.9852109379427,46.2030166764033,41.3015284220814,80.222869245621,38.5047237361859,100.943653837178,60.2075991881423,85.176485898398,65.9655781449689,85.4259255144479,78.5851528598119,81.5987668411723,72.3862556014607,76.0173088842271,50.0271176463326,59.2505379722412,43.0887746402703,45.6592953296478,53.40579322508,37.905903234193,46.9750332623618,62.9807807985897,67.8338134708642,33.4612462409875,113.510032596242,59.2925901778629,75.9368487626396,105.013457470936,53.6321498730006,48.550386198258,101.622690625667,68.0044943367716,91.4013402527556,82.8130273568114,54.34097211129,41.1218311849071,47.3349897010657,63.6976942282843,57.5354130079901,53.8250290292537,38.7690437075768,21.4164364449364,116.109565712735,51.8475168161408,78.8843457220759,40.0071712321679,39.769884963374,9.66061592239336,53.468062897397,66.0931066753561,12.2079379913235,48.1282011922324,79.4821756748015,52.9476156214801,60.8898698471264,69.0923295308531,47.2479100066871,40.6640504622941,25.2336580780512,76.2021735254317,14.00151777487,54.3484130403087,51.2602063007944,0,46.9192124827346,46.8282233273909,59.1302587513364,61.2848880230681,43.9557305706548,59.8887197224987,41.4405145962258,28.2571672324032,84.3172283700075,65.2331395841102,66.3211975917202,41.7560923698566,7.79599256028377,75.5499917273325,54.6173964959883,43.140801452917,40.368861762502,36.4750771075264,20.0599102689917,66.2416315469358,54.5002752286628,60.7860284111407,48.4945615507554,71.8644209605838,69.3241119669051
63.0637574205661,17.5815599421667,17.4054589138006,24.3102601796032,21.3202661803271,11.4636926860414,15.6575461040356,36.1613917044131,19.1349483929275,54.9453250968633,20.1180888754374,41.5354216302182,24.4076832165611,40.3993966539106,32.2369159505062,36.4090819713983,29.8793825237403,30.1379951224364,12.9427585931284,17.1954572489364,16.5264938810384,13.3601553134685,18.7973734867401,14.0881155588673,13.3692277263872,24.1114340096146,25.7110627940581,19.609500248604,67.9324296636003,20.6150127334426,31.2927707306336,59.6210847771156,15.4170360316113,14.980236980769,55.445998503048,25.8143128903328,45.0680319073287,36.5273869856578,13.8904193601201,18.2576696212852,6.15335274464255,26.7702960387068,12.8946209715524,8.11457022891539,10.9316627280574,28.1370085474629,69.8896898691073,11.3281728447266,33.1787959395756,11.939064033667,11.1349113153181,49.769970865975,8.4909510656934,22.9671776672712,39.0992487140098,18.4663545400818,34.520627891161,13.8288647401007,15.2329823081365,24.2440198811996,13.5271024243923,12.1921081031953,26.3487191339541,31.5782163840835,33.8065821993292,12.9328071198793,7.61355698737456,46.9192124827346,0,8.23164625090267,21.650635094611,15.2335156808926,9.16671969681631,15.4193466139133,6.82376362427656,19.9253607244637,38.5577813158382,19.7178852821493,21.8285077364441,11.829782331049,43.104118132726,29.6589573316393,9.79987244814951,8.46706856001532,15.1869187131557,16.1871476795636,37.2827372922107,21.5575102922392,9.28722240500356,14.2642472637009,8.3198557679806,28.0360928090917,25.1069711434892
66.8524307710647,18.471024606123,21.0540969884723,29.4891717415054,26.6503517800422,16.1570031255799,16.9259047025558,40.7720952368161,20.3363897976017,57.8062820980557,23.6121261219738,45.6596512251243,29.1864694678887,44.2236220814171,34.6135269800695,40.0659924374774,35.0379437182036,33.3445085433869,18.8948405656147,23.6657188777354,18.2920747866392,19.0030589642826,24.0268339570573,18.9755105333164,18.3410400468458,29.2260799629372,26.5546841442334,20.5537709435519,71.0322461984696,25.2877687825557,36.081470313722,62.8598938115552,17.5129951750122,21.5263210976702,57.5271783594502,31.128383350248,47.3045188116315,39.2369723602624,19.5055440836702,12.6163584286434,7.39873299964257,21.6523959413271,11.2957403475823,11.5945569126207,13.8202297375984,28.1134976479271,70.2094455896071,8.23908368691566,33.8107601215944,11.6182507289178,9.82083244944135,48.4185914706324,10.2163471945701,24.3492042991142,37.6504814046248,14.8577841551155,33.381750253694,13.359172878588,16.3644813544457,25.9519267107473,12.7018699410756,11.0712465422824,24.4336857637156,35.8197047726527,33.6467680468719,8.99902772526011,8.0733357418108,46.8282233273909,8.23164625090267,0,19.1946607159387,17.7416177390902,7.28946157133708,15.9511363231589,8.95635249417976,21.2167386749236,39.6349908540421,21.4966276424931,21.3346256119014,10.5771569904204,42.6532530998516,30.0926278347372,8.80355042014299,7.73781299851579,14.7875792474631,15.8070000316316,35.2770109277983,26.4429338387404,11.432300730824,17.8274016614873,7.17530487157167,25.833747308511,24.0968877658506
63.6554200363174,29.3963645711506,37.0039187114014,35.0860192954402,38.7151617586702,29.7597253011516,29.7003998289585,40.220221903913,36.4256949144419,53.2681307162172,31.1686140211592,45.8431701565239,34.2634645066724,42.502485221455,33.6928590357067,38.6135500828401,35.9768328233601,30.3525740259372,28.2036345175582,29.0888939287832,32.5432020551144,32.6378423000051,33.0698692165542,33.9962497931757,32.8395531333787,32.8879347177654,29.7664030410125,36.9506089259704,66.0686763905559,31.8722253694341,35.5331183545717,59.3428491901088,29.5564713726115,34.5923040574056,51.5063952339901,32.2702455831994,44.925410404358,35.1590671093532,28.7709706127548,21.5063362756189,17.8205990359471,12.6514327251897,14.9496237410846,18.6179013317828,25.2179747402523,41.0008079188691,60.4000724337314,12.9469108284564,24.5127007895907,26.1328576699909,21.4537001470609,60.5360223338138,19.7148738266315,16.7466787752079,50.4328885748179,13.1337827757276,24.4073503273092,11.3135980130107,15.0109543334193,17.8893124518524,15.1967924247191,20.156698638418,35.4551124663285,34.3514737675111,45.8385754577954,12.0912158197594,17.4598467919968,59.1302587513364,21.650635094611,19.1946607159387,0,21.2484117053487,18.2339998354722,12.568263603219,22.2421615406417,33.4773057458333,30.1540627445126,16.0606662377375,14.8230816634059,18.7556324873356,53.7901013198525,22.8675261014391,16.2532304481294,19.352034776736,19.8995602966498,24.0672755001475,43.6948223477336,27.9805512812024,16.0682139642214,22.5942193934643,16.2117241526002,17.9609994154,14.3183448764164
50.0340134308652,18.5988910959767,28.5374315592697,16.1402060085985,31.4778692099704,18.2474313260798,23.9634356885652,24.2880371788253,28.497697275394,41.2108753850243,13.755635208888,29.0665400417731,15.6741825943173,27.2053992802899,18.2683127299704,23.1968478462053,19.8920210134617,18.157126700004,16.1568870764142,13.4536705028776,23.7988445097656,20.5610371820101,19.3896557473308,26.276224995231,19.5821027982186,18.2806933675941,14.8191177200264,31.0974677425671,54.0884923065896,15.8267574063672,20.1146091187475,45.9036082459756,14.7069711361653,20.8115953256832,40.9287337942429,16.5602309766501,31.3579734676844,23.0269407433988,13.1074883177518,29.098668354411,16.3751717548244,24.3916225372565,9.96286856281864,9.47938552860891,25.2671476427396,41.4168896707611,56.0354463710248,16.6996257443094,20.961571983036,22.5969854184137,24.0528324735363,63.5425054589446,8.59934590535815,16.5984562535195,53.3780736819904,25.644078263802,22.9504084930966,18.1253275832466,9.31645050434981,15.3400619294708,22.0376382582163,24.9448892561182,40.4761040615324,19.6793356087039,48.4219475031726,14.4987068388874,13.9836958633975,61.2848880230681,15.2335156808926,17.7416177390902,21.2484117053487,0,21.1504432577665,10.9191918199105,20.9048140388763,33.7305499510459,25.7471843120758,11.3773898588384,14.1343995273941,23.8615014196509,57.7394146142823,18.214863436216,10.9161577489518,21.3534247838608,27.2018841259204,29.4919692458812,51.1940670390623,12.1741016095645,9.86977709981335,5.67989876670349,15.7484919912987,18.5848728809212,16.0129634983659
69.5517702866002,22.23493872265,21.5637137339559,32.1540432916297,25.4298053472692,18.5072283176061,18.5807696288394,43.0979987934475,21.8621247823719,60.6953457853236,27.1568361559295,48.5850028300915,32.1634691847754,46.9463257348219,38.1114812097352,42.8941429568187,37.1195534725298,35.4569809769529,20.2087542911482,25.0948201826592,20.5424256114024,20.1611011604029,25.7536890561333,18.7578316977203,20.5140805302114,30.914438374326,30.8386121607312,21.1744834647743,73.8369741389773,27.8701004662703,38.0777658220647,65.8565296686669,21.6384784585238,22.7864268809307,60.3993791358818,33.062592154881,50.6639048041108,41.9023119887197,21.8352925329614,10.0202919119156,6.64868408032747,23.2163735324878,14.8991610502068,13.6646441592893,9.46863242501261,26.0778162429296,72.774085360106,8.42058489654964,35.8629857931545,12.8846808264699,6.86130454068322,46.1249525745014,14.2583308981101,24.7974293022482,35.1611646564786,10.9024079908981,35.9438450920321,10.9571323803265,18.025745476956,26.8622644242811,8.56088488416939,5.24702296545384,21.1565297248864,37.8905001286602,30.3512149674441,11.7586670162906,9.1926601155487,43.9557305706548,9.16671969681631,7.28946157133708,18.2339998354722,21.1504432577665,0,17.369801380557,6.75074070010099,18.4908423280282,41.6638782400294,22.4975276419432,23.0268321746609,4.51829613903294,39.1373702489066,32.0661035986601,12.5332058947422,3.71786228900426,8.99798588574132,10.0446503174576,31.230974208308,28.4821435288849,13.289422485571,20.6289844636133,8.22062953793687,28.6412072022113,25.9580671468428
54.4278536229383,23.4029378497658,31.2814841399829,24.1916824549265,33.0336192385878,22.3366850718722,25.9062733715214,29.7360471482004,31.8004323869975,44.9279979522792,21.8415029244784,35.215373063479,23.0796717914272,32.4421408048236,23.9663305493352,28.4876727726222,24.9574387708354,20.1077721292042,20.2451537410808,18.2686890607947,27.3894824704666,24.8045358755208,24.9109915499163,28.0776378992251,24.6564900178432,23.4894125086176,21.7646502384026,33.2660675463752,58.0360340650531,22.4531178235897,24.7332519091202,50.4795750774509,21.4774591141504,25.5084054774108,44.4899426837122,21.9880649444193,35.7915318196916,25.9556593058238,19.0364124771449,24.5809631625777,13.7018246960031,18.4226762442377,8.26649865420663,9.12838978133603,22.4797686820839,40.9152477690164,56.6785894319892,10.9207943850253,19.3761773835811,23.5175466407532,20.9638379119855,62.2649480044752,11.3024333663154,10.3253329244146,51.7690303173625,18.8718706015064,21.172978061671,10.541643609988,5.11248471880357,10.4172333179208,15.3579376870724,20.3420438992742,37.2646112283491,23.6888159265084,46.4362869962705,10.196016378959,12.6830595677857,59.8887197224987,15.4193466139133,15.9511363231589,12.568263603219,10.9191918199105,17.369801380557,0,18.9147429271455,32.4464751552461,24.7689573862123,7.13381034230655,7.91012010022604,19.3877538668098,55.3184530694776,16.9679108908551,8.70797048685857,17.6819823549284,21.5453301204693,25.1421956081803,47.1914849310763,16.546374225189,7.52138617543335,11.1903976694307,14.0556483308313,15.593147533452,10.9464035189646
68.6980258086068,20.1490694574216,16.1322270626222,29.3563451403611,19.7599974696355,13.7182360382084,14.6106981352706,41.714865455854,18.3435274688376,60.684821001631,24.9910734063185,47.2034426710595,29.5018431627585,46.0632717031693,38.1633004337937,42.0320710886342,34.8573700958635,35.4220976228117,15.6904031178297,22.0200476838721,16.9733983044056,15.301388825855,21.9051363839625,12.8590921141424,16.0815111230257,28.2163073416774,30.6578293426002,17.2857961922499,73.6383986110507,24.7980846034527,36.8532393420172,65.42400171191,19.5214945636854,17.933383674031,61.0146908539247,30.5886008179518,50.9742214261287,42.0339000093972,18.3870198781641,14.5052145795917,7.34659785206731,28.0590003385723,17.1270984115816,12.9371557925226,6.56067831858872,23.0610060491731,74.9166536892833,12.7071338231719,37.7525330275996,9.74589657240419,5.93717104351896,44.3010298977349,13.4232075153445,26.293440246571,33.7578879671107,16.0387031894726,38.8885265856139,14.4740716455322,19.7566444519306,28.2988736524972,11.4594393405611,7.45226475643478,20.6738663534424,36.8080493914035,28.1394074209106,15.2278117272312,11.4748638336148,41.4405145962258,6.82376362427656,8.95635249417976,22.2421615406417,20.9048140388763,6.75074070010099,18.9147429271455,0,14.4451116298906,43.1774101817142,24.0926077874522,25.5658463579831,7.49716613127919,37.3054788201412,34.4109357617604,14.0405217139535,5.81850496261712,10.0106817949628,10.6490609914677,31.1052849207333,26.8536775879953,13.3575353265488,20.2741830908177,9.63788099117228,31.950176055853,28.793944675921
80.4786151719822,26.9830270725877,14.6104414717694,38.8876747826352,16.6730696034054,20.216670101676,16.3831086793685,53.0505301575771,18.2957303762381,73.2571583532968,34.2254656652031,58.4387606815887,39.4032359077272,58.0901777411638,51.1159588582666,54.0834887003418,45.3622364968924,48.4684562370208,23.0808362066889,32.2264060981053,19.713447187136,20.8659111950569,28.1549063219894,13.5849181079607,22.4192718436616,36.7511734506532,41.6606078928284,13.8337449737951,85.9469022129361,33.160989882692,48.6345299144548,77.6188202048962,28.4225262775848,24.1911657428905,73.8390225422845,40.6339913126929,64.1484411346059,55.0131347952468,27.6612770854854,20.295873964922,20.6877077028848,39.5301941558601,30.776269267083,26.3949569046816,13.1016697409147,10.4208325003332,88.4946396681742,26.0258045024549,51.1620709119558,14.1072233270761,13.6707260231489,31.6404804009042,26.2072270566727,39.1417136824641,22.3892552354919,24.783638756244,52.6336988059931,26.857633924082,33.5253821753011,41.5164124172598,22.0229993415974,15.7858322555385,13.2176019004962,48.7608064945608,16.0830656281693,28.1568375354904,24.9429098142137,28.2571672324032,19.9253607244637,21.2167386749236,33.4773057458333,33.7305499510459,18.4908423280282,32.4464751552461,14.4451116298906,0,56.454207106291,37.6465137828192,39.3823088454702,16.4510258038822,24.9763888502722,48.2752654057955,27.8531416540397,17.2062125408237,15.8064069288374,13.4153363729725,21.7650522627445,38.7256213636399,26.8536310393958,33.5503539474623,21.7795775900268,45.5044778016406,42.3007683145354
36.1220846574502,41.1152192016533,53.1142871551525,31.7203995876471,53.6255885748585,42.6270014192882,47.4879326776814,22.8357450064586,53.2210602111608,24.8572675489483,33.8936572237344,26.0579402486075,30.0098733752743,20.7517770323411,17.1670833282768,19.1946932770493,25.4381603108401,14.8114398354785,38.8545685859462,31.4030054294171,47.9529196191431,44.5459734431744,40.3580382327982,50.1554334045674,43.9941047187007,32.6647554713027,28.247898151898,55.8781263107488,36.9491204225486,34.6451114877698,21.1287718526184,31.4100103470215,38.5000974024742,43.6975971879462,22.8047966445658,26.5495527269293,19.7861062364478,11.9164801850211,35.5964008012046,48.1774843677002,37.6817429267809,31.5199738261313,28.9510146627022,31.3636931817667,46.4321144252553,64.8523804497568,32.8494862973533,34.4455367210325,7.08731260775197,46.5734500547254,45.408823481786,86.7081166904229,32.552899256441,20.7516565603809,76.3693082985567,41.0163534459123,13.307093972765,33.1981927218938,24.2419832109504,15.9601065159353,38.9706299666813,44.828841162805,61.8298269446066,19.1327925301039,70.9829028710435,32.5435093375008,35.2335954736385,84.3172283700075,38.5577813158382,39.6349908540421,30.1540627445126,25.7471843120758,41.6638782400294,24.7689573862123,43.1774101817142,56.454207106291,0,19.6694560168806,19.7714124432222,43.6648456999449,79.861645988547,12.3696705695827,31.3384747554823,42.1002523745404,45.5232358252354,49.3227508356945,71.4716377313407,23.8061179111589,30.3122912363945,26.4223153792396,37.3835190959867,19.2255038945667,17.5346086354957
49.1024184740426,27.0258441126267,35.488096595901,23.0262621803887,36.6240870193374,26.12539473386,30.8856560558457,25.1882164910499,36.1895185101985,39.4363252598413,22.8149621958924,31.0610890021583,22.0808740769019,27.5974862985744,19.4244369287761,23.7510262936152,22.1066166565578,15.2104815834345,23.0765032013085,17.9576933373972,31.6694647886572,27.8608820750528,26.5956998403877,32.1312931579169,27.6638075831943,23.2145697784818,21.6476037934918,38.0550587964334,52.5015237874102,23.4632425295397,20.1384582329433,45.1606438173771,24.1659884962316,27.7041061938479,39.044509857341,19.7831683508987,30.6309892102753,20.810454103647,20.7896308288531,30.1093424039782,18.8406143742713,21.1164331741892,11.9434605537926,13.2335274964765,27.1435305367596,46.2361465738658,51.4577375134197,16.1298636076069,14.4608955462654,28.7369318125648,26.4496928148514,67.8793046517125,15.5353226551623,10.0901560939363,57.2537007537504,23.8508123551379,17.9301073616418,14.9074645731593,6.01861695076203,6.28549918463125,20.7727586035173,25.7853155885283,42.9595158259494,19.424823036517,51.7550480629668,15.4026783385228,16.3937869328597,65.2331395841102,19.7178852821493,21.4966276424931,16.0606662377375,11.3773898588384,22.4975276419432,7.13381034230655,24.0926077874522,37.6465137828192,19.6694560168806,0,6.97701583773464,24.6131824435606,60.6745416134312,11.6066252631848,13.5828016255852,22.982846864564,26.8455303542322,30.3105385963364,52.7627472749477,14.0453284048469,11.7267855783245,10.8521311271105,19.0648891945377,14.6248931620029,9.32845110401507
51.3349661536852,28.1252111103188,37.6339441196375,26.8953992348134,39.6330039234979,28.5682078541864,32.4492680965226,29.0535281850587,37.353614282958,41.162665122657,25.102265833984,33.7254725689648,25.4610241349401,30.485529354105,21.6702561129305,26.9820773848123,26.2371158857066,17.970044518587,26.6122856966477,22.8406435986379,33.1918099837897,30.5221231240555,30.0257805893535,34.681857649209,30.029610387083,26.9404435746704,22.1232908944397,39.3097157201626,54.2190810508625,26.511648383305,24.4700071516132,47.0691246997435,25.5546228694536,30.9157120247941,39.9025061869552,24.8306262506607,31.6143361467547,22.7498076914949,24.1615396860382,28.9689704684167,19.7318270821533,16.7278211372551,11.7541482039321,15.2184920409349,28.839296107915,47.5647716277499,50.3568515695729,15.4266409175815,14.6766396017617,29.9149628112756,27.5353863237835,68.4601800318988,16.8607532453328,10.0425345406426,57.8065956444418,22.7018171078881,14.8005067480813,15.1270866329244,7.92070072657718,8.51417934976707,20.6468823312383,26.318933299053,43.2344625270166,22.8474287393571,52.7862789936931,14.6106553583335,17.9767905923165,66.3211975917202,21.8285077364441,21.3346256119014,14.8230816634059,14.1343995273941,23.0268321746609,7.91012010022604,25.5658463579831,39.3823088454702,19.7714124432222,6.97701583773464,0,25.1883901827806,61.5626002537255,11.3415166534287,13.6865353541355,23.8525155906038,27.6337429603737,30.9976612020972,52.8091729721267,18.9467015599022,14.102260457104,14.060938802228,20.3283976249974,10.2368818494696,6.20493755004835
71.8788825038342,24.019106977571,21.941598619973,34.2052262088705,24.7021254146278,19.9388439985873,18.9006613640899,45.3274475345789,22.6396223466735,63.2022547066163,29.3179765672872,50.8960951350887,34.2034903189718,49.3148811212194,41.0503349560025,45.3133258545431,38.8835601507887,37.7450327857852,21.2821227794598,26.7839504181142,21.5743192244854,21.3553272042364,27.0529573244775,19.0896896255544,22.1943123344698,32.2310021563091,33.4013472782162,21.3914410454275,76.2357773620759,29.5294344680016,40.2708486376933,68.3506949489177,24.0793220419513,24.260796565653,62.8169961077414,34.7234070908948,53.5389227571867,44.3285884052267,23.6545978617266,9.76146761506691,8.59883713068226,24.7744828402128,17.9150774488976,16.0057021089361,8.47614299077122,24.3594437539119,75.0691514538429,11.0732222049411,38.0651907915881,13.5552572826929,6.436808215257,44.1107271533807,16.9499262535269,26.1689224080779,33.4034803575915,9.81312896073419,38.4009765500827,11.8128637510131,20.5386830152276,28.6074509525054,7.49257966257284,3.23438556761558,18.8978504068584,39.9232388465665,28.1572592771385,14.4938348962585,12.9321305282618,41.7560923698566,11.829782331049,10.5771569904204,18.7556324873356,23.8615014196509,4.51829613903294,19.3877538668098,7.49716613127919,16.4510258038822,43.6648456999449,24.6131824435606,25.1883901827806,0,36.7121744112222,34.6252797822631,15.6770931616802,5.35467085823209,5.64214055124472,6.69626761711329,28.3204652151055,30.6559537447459,15.6170980018696,23.4878692094451,10.5895585365963,31.1227208000843,28.0693115341292
104.613586593712,49.5909896049676,35.2620901252322,62.9861393482725,36.6533593276251,44.0761415053541,39.2773948983382,77.2950273303529,37.2748071758929,97.5183764733601,58.0707973081135,82.5590167698235,63.6372925256881,82.3081177648961,75.1521373614883,78.4338654536419,69.5652032269007,72.1000953536124,47.6179062958463,56.2915069082362,41.4551564946992,43.6940356341686,51.6372079996585,35.7617113684455,45.0542034664913,60.6186130656253,65.0824381073727,32.1932058049521,110.250011337868,57.2759875515036,72.6464899358531,101.906568728419,51.4203753389646,46.5395262115978,98.0514597035659,65.197996518298,87.9077499427667,79.0666491006164,51.8549780638272,35.7966828072099,42.9774795677922,58.5703743372023,53.2308298826911,49.870745432568,34.2456019073983,19.7828524232478,111.640690386615,46.9333303740529,74.3471418414992,37.0905816886174,35.2318925123247,13.0870164667123,49.9165428490395,61.3016007131951,9.57111539999388,42.5335896674617,74.7529180032459,47.799503135493,56.4733012139365,64.4486035535294,42.0022320835453,35.5179884002459,19.7043142484076,72.846748383164,9.54122633627355,49.7201417938445,46.8963884536965,7.79599256028377,43.104118132726,42.6532530998516,53.7901013198525,57.7394146142823,39.1373702489066,55.3184530694776,37.3054788201412,24.9763888502722,79.861645988547,60.6745416134312,61.5626002537255,36.7121744112222,0,70.9654757611052,50.3697577917544,38.4382134080137,35.014889689959,31.1678319746498,13.3185021680368,62.8629561029387,50.3652906275741,57.1085260709817,44.2176435373935,67.1545419163887,64.5435899218505
43.5746342497559,33.9833415072738,45.1256994405627,27.9691347738896,46.9934037924473,35.3543844522854,40.1591832586272,24.5538693488419,44.7604457082367,32.5246060698666,28.4180180519332,28.9651083201841,26.8734767010151,24.3430174793512,15.4350251052598,21.1939260166681,25.4651968380376,13.9655826946103,32.633092865985,26.2854522502467,40.1923033676847,37.0960240457114,34.552966587545,42.2551328243091,36.3300495457961,29.4400662363385,23.1599870466285,47.2410705848206,45.3765771075783,30.2856814352922,21.1345984111362,38.6878857008237,30.8478321766701,36.624257671658,30.8930412876428,24.940128307609,23.4163671392469,16.157622040387,29.1466121530445,38.3737051898823,28.8799238226142,23.4994680790864,19.3247250950693,23.3318987654241,37.7402305239383,56.3161388946366,41.1512758003929,24.7877237760953,7.03304699259147,38.134433259195,36.4248884692871,77.7041906849303,24.3281729688031,16.3602414407612,66.9222870200952,32.2951621764003,9.79770381262874,24.3277362284287,15.3048195023659,11.1115367974012,30.6115786917304,35.7766159662984,52.8088415892642,20.0083732472183,62.0519641107354,23.0432473839952,25.0626215707775,75.5499917273325,29.6589573316393,30.0926278347372,22.8675261014391,18.214863436216,32.0661035986601,16.9679108908551,34.4109357617604,48.2752654057955,12.3696705695827,11.6066252631848,11.3415166534287,34.6252797822631,70.9654757611052,0,22.1656547388071,32.8418559158888,37.2136231775408,40.5272747665076,62.5353000312623,19.753164303473,21.7999713302564,18.2775818969578,28.3353798280524,11.6841238439174,9.84892126072698
58.8521027661714,19.8205385900585,25.8075085973055,24.7517928643563,29.7888611732641,17.8149866685328,21.5883359710747,33.4571927991575,25.8887765257457,49.5496342065206,20.5276642606995,38.4738710035785,24.0105705888053,36.4999828767083,26.7449294259678,32.4286717273465,28.460147575162,25.1613046164145,18.2515067871121,18.8939474435598,22.4796018648018,20.4536365959699,23.3261387717727,23.0127681950694,19.7669863661611,25.3287139428752,22.0592667602529,27.1260022856299,62.854057148286,22.1710678588109,28.5209572069382,54.8253248964381,17.162386197729,21.5558576725678,49.4099812790898,25.1578268139361,39.225183237303,30.8645022639277,17.1128971831189,19.5407267009188,8.94378275675343,19.0542974155438,4.43889062717251,6.28201798787619,18.3316324968618,35.7485489215996,62.1090271216673,7.10703876449255,25.7516989730775,17.8299957936058,16.3129932875607,56.6890421510189,6.3563944182217,17.3942159926799,45.9389132435673,17.4039866122679,25.8542307949782,11.352752970095,8.43837958378265,18.0339956748359,14.2256810030311,16.4705798319306,32.139267259849,28.1825522265106,41.2869531450312,6.63626400921481,7.23005878261027,54.6173964959883,9.79987244814951,8.80355042014299,16.2532304481294,10.9161577489518,12.5332058947422,8.70797048685857,14.0405217139535,27.8531416540397,31.3384747554823,13.5828016255852,13.6865353541355,15.6770931616802,50.3697577917544,22.1656547388071,0,12.866186303641,19.2529218561755,21.534187934538,42.9052444346842,19.5823581317471,6.08522801544856,10.6518190934694,9.45476070559165,18.9915770803796,16.7927811871649
69.3829680108887,22.1066732006424,20.2570049612474,31.7320815579438,23.607361140119,17.3762769314948,17.7632345027588,42.7545903968217,21.6112239357238,60.6977141249981,26.9043909055752,48.3232863120877,31.5731887841567,46.8453306104248,38.312236948526,42.7714273785666,36.4664057729851,35.3576017286241,19.2294370692436,24.1345706404734,19.9395022505578,19.356588025786,25.099203174603,17.1044950232388,19.8099722362249,30.2962869012029,31.3484050630969,20.5005182861312,73.8738197875269,27.3594590589799,37.6901678160233,65.8090039432295,21.7260500321619,21.5337816000813,60.8301939829226,32.3581906169056,50.9318539815703,41.9611278447088,21.0463179677586,11.4973366481112,7.03295812585287,24.9715337935017,15.7069252242442,13.5878622306822,7.70989623795289,25.3523174483123,73.5535859085062,9.57150719583911,36.323632114644,12.7079699401596,6.36356818145293,45.683736165073,14.2628012676332,24.9581649966499,34.6558797320166,12.8306274203563,37.0026688226674,11.4385860140141,18.4964861527805,27.0184890399149,8.68799459023772,4.81339277433288,20.3970892531263,37.6489375680111,29.6109565870473,12.8216126130842,9.92383494421384,43.140801452917,8.46706856001532,7.73781299851579,19.352034776736,21.3534247838608,3.71786228900426,17.6819823549284,5.81850496261712,17.2062125408237,42.1002523745404,22.982846864564,23.8525155906038,5.35467085823209,38.4382134080137,32.8418559158888,12.866186303641,0,8.60704653176687,9.74179141636692,30.9662114247126,27.8796520781734,13.2571207281219,20.5924136516339,9.10528692573715,29.7770255398352,26.883521904691
73.89052713305,27.0933801877876,23.6475685853747,36.7166685580269,24.6358224948955,22.3675266849064,20.6738663534424,47.3483500240505,25.4411330329449,65.3978879628387,32.3627872718034,53.2555278820894,36.5494528002814,51.6214708236796,43.9811749501989,47.6391252018758,40.540411936733,39.8441181355542,23.0985389148318,28.630730867374,24.1718327811525,23.8976724808087,29.0034696200299,20.3928296221981,25.1290917066256,33.9560929731322,36.8340705054437,23.4774359758471,78.3698762280508,31.7159068922836,42.2594959742778,70.6448423453545,27.8087666033573,26.4559067128685,65.2997607193166,36.3236665274859,56.3549465442032,46.5431788772533,26.1848954552047,12.4271879361342,12.5039493760971,27.4170339387761,21.7041758654873,19.0455047189619,9.21771392482975,24.010961038659,77.4252784948172,14.6145475468795,40.0790468948552,16.4163409443152,8.51770215492418,43.1871798106799,20.4935660635234,27.3773857407898,32.8512747089059,11.4643469068238,41.1153104086544,13.7351738248921,23.3072681796902,30.1475537979452,8.83544000036219,5.34368786513584,18.0565085218599,41.8849465798871,26.9549160636794,18.1053859389962,16.8518915852197,40.368861762502,15.1869187131557,14.7875792474631,19.8995602966498,27.2018841259204,8.99798588574132,21.5453301204693,10.0106817949628,15.8064069288374,45.5232358252354,26.8455303542322,27.6337429603737,5.64214055124472,35.014889689959,37.2136231775408,19.2529218561755,8.60704653176687,0,5.86163373130735,26.5204637968494,32.5584282483046,18.4354278496595,26.6673723864951,14.4033850188072,34.068240341996,30.441460214648
76.8266799360743,27.6079245869732,21.6966299226401,38.3642085803943,23.5366735117773,22.5554317183245,20.5665991354915,50.0537461135528,23.1428714726587,68.59318479266,33.5593317871497,55.5865316421163,38.4898525588239,54.3250172572453,46.7500802138349,50.4904693976992,43.1352668938074,42.8749635568358,24.405301678119,30.6302138418915,23.3192249013555,23.3370949348885,29.9688588371329,19.0851054490144,24.5977133083545,35.8111365359995,38.6270630516999,20.731347037759,81.4914949549951,33.2763053838613,44.9720051810012,73.583099282376,28.165825924336,26.243784978543,68.4245204586777,39.1110598168856,59.0724660903877,49.7513190779903,27.4289992526158,11.8155088760493,13.8441323310636,30.4127440393004,24.1316182631833,21.203596393065,8.22131376362684,20.8466424155066,80.8785045608535,17.0583190848337,43.8689383277052,16.0090599349244,9.38362936181945,39.4137190582163,22.3578845153114,30.8887115302662,28.7981336200803,13.8140327203898,44.3656962077685,17.0020219385813,26.4163301766161,33.9600684628285,11.4631474735345,5.83191649460107,14.2803623903597,44.7209682363877,22.8996997796914,20.6947155090376,18.542518707015,36.4750771075264,16.1871476795636,15.8070000316316,24.0672755001475,29.4919692458812,10.0446503174576,25.1421956081803,10.6490609914677,13.4153363729725,49.3227508356945,30.3105385963364,30.9976612020972,6.69626761711329,31.1678319746498,40.5272747665076,21.534187934538,9.74179141636692,5.86163373130735,0,22.9443620525828,35.3240357264002,21.3510831106996,28.7407376384114,16.3437679254204,37.1170951180181,34.0310336310844
99.2377700273439,44.6278080349013,34.1724669873277,58.9018144881802,36.1334851626576,40.4731546830736,35.1121595747114,72.1830052713241,34.7893841566648,91.1625128547914,53.30051594497,77.5201344813075,59.2345971540282,76.6372053900715,68.825894472938,72.6984267367596,64.7481273860488,65.4168842883854,43.6204367240861,51.8733915413288,37.9390629826305,40.8367940710336,48.2691024362376,33.9171416838153,42.060863638304,56.0744705726233,58.6982857500967,30.2962043827275,104.070925334601,53.0225305884206,67.3052003934317,96.0427443901933,46.6723954816978,44.1783317928597,90.8453011993466,60.4100881475934,81.4067871863274,72.294000442637,47.5393915611044,26.0544621898054,35.646651315376,48.0360151344801,45.3154085273431,43.223214248827,28.4114633554838,19.316476127907,102.672580322109,38.2860940812719,65.8599650774277,31.745806809719,28.1018905058005,21.366972176703,43.3945993183484,52.8491840050535,13.7190105328336,32.0621466842132,65.531051799891,38.8693323842847,48.6837113416798,56.2860995273256,32.9868913358019,27.3372456549668,12.3974795825603,67.012153748406,12.2426508567385,41.1323473679779,39.7572163260961,20.0599102689917,37.2827372922107,35.2770109277983,43.6948223477336,51.1940670390623,31.230974208308,47.1914849310763,31.1052849207333,21.7650522627445,71.4716377313407,52.7627472749477,52.8091729721267,28.3204652151055,13.3185021680368,62.5353000312623,42.9052444346842,30.9662114247126,26.5204637968494,22.9443620525828,0,57.3879887258649,43.2451153310984,50.8682980843668,36.7531291184846,57.8273724113417,55.4067008582897
42.2003702590392,25.6935789644028,32.4867857751425,12.3501012141602,32.3943282072649,22.6889841112378,30.2296625849512,15.4231968151872,34.9512517658524,34.9738116309904,17.3439110352884,21.9350176658238,11.4129860247001,20.0214884561563,15.8147873839644,16.1100900059559,10.1367524385278,11.8745526231517,18.4944924234216,8.42362748464105,29.9783046552002,23.8037286995126,20.4682681240988,29.3973425669736,23.5431518705546,15.1469468870793,20.4612438527085,37.2455534258789,47.529477695426,16.3468651428951,10.5301353267658,39.2792566121102,21.8036980808302,21.5598875228977,36.9727264344949,8.07047086606476,27.1964841477717,17.7998946626097,14.8575738261669,37.631286850173,23.7654686467572,33.4075216081648,19.7249207856458,16.0923895056017,29.7121608100118,47.2594435007438,54.0871981156354,24.6494168288014,20.8603990853483,30.407523740022,30.744836964928,69.7936512155654,17.6751944826641,18.1338082045664,59.7135662977853,33.4634875648071,26.8861023579097,23.8194510851951,15.4395595792108,15.2623310801463,27.9463101321087,31.2846408002393,46.983787097253,11.2792951907466,53.6627314809822,23.9969529315703,21.8735570952692,66.2416315469358,21.5575102922392,26.4429338387404,27.9805512812024,12.1741016095645,28.4821435288849,16.546374225189,26.8536775879953,38.7256213636399,23.8061179111589,14.0453284048469,18.9467015599022,30.6559537447459,62.8629561029387,19.753164303473,19.5823581317471,27.8796520781734,32.5584282483046,35.3240357264002,57.3879887258649,0,16.3491972279987,10.475328157151,24.5738936678744,25.3742241260693,21.317451770791
57.0324907399282,19.1847921542038,24.8893049320386,21.9061349854327,27.3783445445483,16.3279285275261,20.5618274966016,30.843658181221,25.9157529313736,48.2179297564713,18.9603533722344,36.5763072220256,21.4274940205335,34.5066116852988,25.9090476474918,30.2335285734232,25.2942681254074,23.3836214047354,14.931259156548,15.0722841666418,21.8188565236586,18.7304231132134,20.1772458477365,21.6513856369517,18.6454082819337,21.6797428490284,21.6128144858554,27.1871293078177,61.3584346280118,19.5231593242487,25.9597765783914,53.3470125686528,16.9249076806936,19.695304008824,48.3765826614489,21.2636720723397,38.7355779613523,29.5389996445377,14.2596896880682,21.7008064366281,9.45826358270904,21.7424412152821,7.41021254755894,4.79804647747393,17.5173128647062,35.301150831099,62.0051106764596,9.54698905414686,24.8810168602491,17.8084600681811,16.0218990759523,57.0554773882403,6.57770856757884,16.4979165351265,46.5416614443447,18.3190133467935,26.9633779412002,10.5638534635804,7.77487942028684,16.3114990114336,14.0582715865074,16.667483313326,32.9755591309685,25.7158268387388,41.2507272663162,9.40159560925697,8.07658653145003,54.5002752286628,9.28722240500356,11.432300730824,16.0682139642214,9.86977709981335,13.289422485571,7.52138617543335,13.3575353265488,26.8536310393958,30.3122912363945,11.7267855783245,14.102260457104,15.6170980018696,50.3652906275741,21.7999713302564,6.08522801544856,13.2571207281219,18.4354278496595,21.3510831106996,43.2451153310984,16.3491972279987,0,9.48096777760582,9.67328796221843,20.9483889595358,17.0942241707543
49.4941284396442,20.7193749905734,27.9151168724045,16.1932856456002,30.4235106455517,18.361576729682,25.3784357279955,23.5533967826299,28.8718288301936,41.0657399787219,15.4176441131581,28.6768634965542,15.6175782373581,26.9355248695844,18.535911091716,23.0451187890191,19.1850527755334,16.9147125308118,16.5949917143697,11.4675629494675,24.7568424884919,19.706597879898,19.7606300506841,25.0914577097466,18.8982142013472,18.6322972282003,17.7323151336762,31.2118366969969,54.103731387031,16.8669054660302,18.6930802705172,45.7977346601336,16.0332077264657,18.9000330687541,41.6605328818535,16.7469400190005,30.9503836809821,22.8401784143645,12.7651870334907,29.1694403443056,15.9141446518498,26.079781440802,10.8076361892876,8.55087714798896,23.7558413869094,41.6964327011316,56.7707451069651,16.2641092593477,21.82816414635,23.7524735554005,24.032426011537,63.6540356144055,9.66436754267965,16.5008333122906,53.0804813467248,26.0679400797224,24.2905331353595,17.41475667358,8.62742719470874,15.0398221399058,21.4455997817734,24.31041443497,40.1475871005967,18.8911354873126,47.7814948489475,15.6868177142466,13.3886145661155,60.7860284111407,14.2642472637009,17.8274016614873,22.5942193934643,5.67989876670349,20.6289844636133,11.1903976694307,20.2741830908177,33.5503539474623,26.4223153792396,10.8521311271105,14.060938802228,23.4878692094451,57.1085260709817,18.2775818969578,10.6518190934694,20.5924136516339,26.6673723864951,28.7407376384114,50.8682980843668,10.475328157151,9.48096777760582,0,16.9215469151021,20.1633020609225,17.3369908000206
65.151534901336,18.6762215129292,22.7630182532985,28.1525087692021,27.0800433899209,16.6690206670938,17.0980627557627,38.8929460185263,22.3526564416849,56.0534008780912,22.976346532902,44.3240482131314,28.2802934921121,42.3012558915217,33.0860809102559,38.1290079860465,33.2177287001986,31.6286065137243,17.3528095707871,21.9593658833765,19.303497092496,19.6231687043658,22.9734901571354,20.2757244013623,19.5184848284901,27.3212600368285,25.6348151934045,22.81715363493,69.0286172540056,24.1461953524774,34.109346226511,61.0869769263466,18.2558209894817,22.3126085431533,55.5014301617535,28.5287355135134,46.2639978817222,37.4548394736915,18.8517572125253,15.1971214379566,7.21725363278858,21.4134011777672,10.6090173908803,10.676200166726,14.7789123415764,29.1767244563196,68.4336083368399,8.8140512819021,31.4878944993151,12.2843905017709,9.99906245605058,50.2140418608182,9.95671883704667,22.3532156523396,39.7558957891782,14.1089067613334,31.8357307125186,12.0711432764258,14.8606443332717,23.5885035557578,12.392840675164,11.8168312165318,26.3391343821318,33.9800492936664,35.2345710914721,7.85668505159779,6.88340395443998,48.4945615507554,8.3198557679806,7.17530487157167,16.2117241526002,15.7484919912987,8.22062953793687,14.0556483308313,9.63788099117228,21.7795775900268,37.3835190959867,19.0648891945377,20.3283976249974,10.5895585365963,44.2176435373935,28.3353798280524,9.45476070559165,9.10528692573715,14.4033850188072,16.3437679254204,36.7531291184846,24.5738936678744,9.67328796221843,16.9215469151021,0,24.6481743745861,22.0622981577169
52.2820236792724,31.796560348566,43.8689810686321,32.371264263232,47.2186800959112,34.4790697380309,37.3547018459524,32.9624217860278,42.162320263477,40.8990678377882,29.3346211838503,36.5046743582243,31.0349399870533,32.6604692250433,22.3687002304559,29.554547027488,31.9886698691896,22.2250703036008,33.2083197406915,30.1287860691399,37.9973354328958,37.1135251626681,36.1079804198462,41.475685648341,36.1517807306916,33.0196343105129,23.1670833295864,44.4334896221307,53.5596163167736,31.9655087555321,29.2536322531066,46.9785456352152,29.7466384655477,37.9269692962673,38.1805415100415,30.5933612079484,31.1578240575301,24.3403471626844,30.6728503729275,32.7211705169604,25.8147002694201,14.698086610168,15.7921262026366,22.1806503511507,35.9437233741859,52.8170072041194,46.0870236617641,20.7675227217885,14.0575602435131,34.5627870693323,33.028415796099,73.0633800203631,22.1613684144278,16.743394219811,62.5131286211145,27.0744575199578,8.57955418422193,22.151410790286,15.204727883129,15.016990377569,27.293314199635,32.3229020974293,48.183166147525,27.7036775537112,58.4666785442785,17.9855497552897,23.02805354345,71.8644209605838,28.0360928090917,25.833747308511,17.9609994154,18.5848728809212,28.6412072022113,15.593147533452,31.950176055853,45.5044778016406,19.2255038945667,14.6248931620029,10.2368818494696,31.1227208000843,67.1545419163887,11.6841238439174,18.9915770803796,29.7770255398352,34.068240341996,37.1170951180181,57.8273724113417,25.3742241260693,20.9483889595358,20.1633020609225,24.6481743745861,0,6.66764576143634
51.1620709119559,30.138741679108,41.1741423711533,29.3161431637929,43.378926335261,31.6714974385487,34.7667405719892,30.1415618374364,40.392434316342,40.2784837102888,27.2806249928406,34.7615987837153,28.0467466919071,30.7816300737956,21.4835111189954,27.3281677029398,28.265482483057,19.2025063468288,29.4445241089069,25.9934847606088,35.8892045049761,34.1687905843915,32.757804413605,38.3306013519225,33.6397644165354,29.2870065045918,22.7383211781345,42.4039208092837,53.0943028958852,28.923195708635,26.0150437247374,46.3820142943361,28.2233059721926,34.8196424450338,38.2391324430877,26.3841098011663,31.350239233537,22.5998893802603,27.3482403455871,31.2575190954113,22.9198876524297,15.5504421159014,13.8734909089241,18.8582541609768,32.5082105013487,50.2070089728516,47.6168693847044,18.2932364550399,11.7994703270952,32.2552127570103,30.0775456113028,71.0483286221428,19.6645302511908,12.0001562489828,60.5518269749146,24.5006887658286,11.1654041574857,18.228480463275,11.271701291287,9.47298791300824,23.7920680059553,29.3174436129755,45.9512785458686,24.408323375439,55.8492614096194,16.1128054664605,20.537374467054,69.3241119669051,25.1069711434892,24.0968877658506,14.3183448764164,16.0129634983659,25.9580671468428,10.9464035189646,28.793944675921,42.3007683145354,17.5346086354957,9.32845110401507,6.20493755004835,28.0693115341292,64.5435899218505,9.84892126072698,16.7927811871649,26.883521904691,30.441460214648,34.0310336310844,55.4067008582897,21.317451770791,17.0942241707543,17.3369908000206,22.0622981577169,6.66764576143634,0
