phoneme,f001,f002,f003,f004,f005,f006,f007,f008,f009,f010,f011,f012,f013,f014,f015,f016,f017,f018,f019,f020,f021,f022,f023,f024,f025,f026,f027,f028,f029,f030,f031,f032,f033,f034,f035,f036,f037,f038,f039,f040,f041,f042,f043,f044,f045,f046,f047,f048,f049,f050,f051,f052,f053,f054,f055,f056,f057,f058,f059,f060,f061,f062,f063,f064,f065,f066,f067,f068,f069,f070,f071,f072,f073,f074,f075,f076,f077,f078,f079,f080,f081,f082,f083,f084,f085,f086,f087,f088,f089,f090,f091,f092,f093,f094,f095,f096,f097,f098,f099,f100,f101,f102,f103,f104,f105,f106,f107,f108,f109,f110,f111,f112,f113,f114,f115,f116,f117,f118,f119,f120,f121,f122,f123,f124,f125,f126,f127,f128,f129,f130,f131,f132,f133,f134,f135,f136,f137,f138,f139,f140,f141,f142,f143,f144,f145,f146,f147,f148,f149,f150,f151,f152,f153,f154,f155,f156,f157,f158,f159,f160,f161,f162,f163,f164,f165,f166,f167,f168,f169,f170,f171,f172,f173,f174,f175,f176,f177,f178,f179,f180,f181,f182,f183,f184,f185,f186,f187,f188,f189,f190,f191,f192,f193,f194,f195,f196,f197,f198,f199,f200,f201,f202,f203,f204,f205,f206,f207,f208,f209,f210,f211,f212,f213,f214,f215,f216,f217,f218,f219,f220,f221,f222,f223,f224,f225,f226,f227,f228,f229,f230,f231,f232,f233,f234,f235,f236,f237,f238,f239,f240,f241,f242,f243,f244,f245,f246,f247,f248,f249,f250,f251,f252,f253,f254,f255,f256
sh,9.8577,9.20711,9.81689,9.01692,9.05675,8.92518,11.28308,11.5298,10.79713,9.04747,11.38065,11.61545,10.31166,12.143,10.65254,11.19395,11.27878,11.13465,11.82706,12.81048,12.32239,10.27542,9.5776,10.62308,11.34983,11.58342,12.19465,10.67933,9.953,11.47047,11.74805,11.28167,11.51648,12.50765,12.10918,11.97849,10.80743,9.65682,10.71985,9.50841,9.0507,9.04644,9.23663,9.32446,10.88745,10.30159,10.21474,8.58228,10.13717,5.64041,10.36722,11.35874,11.79173,10.71953,10.54219,9.31588,11.23797,10.95954,10.42431,10.7673,12.85619,11.54756,12.42771,12.9501,13.12986,11.66197,9.81353,9.94318,11.66142,10.87687,9.90391,12.44711,12.553,11.31604,11.73209,12.36401,13.46101,12.72719,14.57622,14.52668,15.84778,14.97477,12.40199,12.98531,14.57738,14.82627,13.8013,12.831,12.89361,14.52542,15.99887,16.22257,15.5945,13.35326,11.66264,12.51074,12.42637,11.22351,14.26639,13.88541,15.27002,15.5115,16.29901,13.85416,15.22026,9.69417,14.87455,15.79232,16.00566,17.94744,18.88922,17.15669,17.16763,16.5666,15.77859,15.05776,17.13174,15.88719,16.52476,16.51618,15.22415,14.71066,16.18832,15.21284,17.0316,17.09208,15.39357,13.86594,15.43519,13.87737,15.0678,15.04085,15.5,15.38576,15.13559,11.30995,15.06022,13.78022,13.07629,14.73097,15.53257,15.4229,14.76931,13.46673,12.80912,14.64879,14.98154,15.65347,12.48293,13.99346,11.34256,11.25882,14.42826,14.81829,14.74292,15.52895,14.57437,12.96807,9.47125,14.06748,15.17662,14.63793,12.56142,14.40831,15.2678,12.72713,13.24448,14.05024,14.63124,14.62894,11.85697,14.78919,13.58576,11.03785,11.06893,14.88026,15.1242,15.11843,16.26284,15.49536,14.01744,12.34178,14.0229,14.57751,14.58949,14.65084,12.93824,13.1647,14.01902,11.46139,14.48845,12.73669,12.48442,13.48888,12.69527,13.5016,13.70305,11.91197,13.0527,13.00116,11.70302,12.8879,12.59307,12.28142,12.60633,13.01686,12.58334,13.10122,9.81756,12.79705,13.28552,12.54261,11.75545,10.60134,8.3807,11.93015,11.63846,12.29207,12.5711,10.00457,12.09898,14.08718,13.97254,11.74888,13.23555,13.7675,13.53994,12.28767,13.48164,13.43467,11.43232,11.01716,13.02529,13.37422,7.72797,12.32757,13.37041,12.68903,13.41566,13.16755,13.62844,13.32554,12.4672,13.84955,10.83688,11.23451,13.19359,12.94519,12.68076,11.20767,13.69394,13.72055,12.16628,12.92489,12.51195,9.75527
aa,10.95324,11.20585,16.17634,18.593,17.50922,10.27798,16.00151,19.32894,18.84554,13.37857,14.16436,18.85797,19.03694,14.76523,14.04992,19.83137,20.70606,17.13739,16.08513,20.46493,21.94998,19.92326,16.49355,18.59621,20.49528,19.36451,16.1936,16.03903,18.27906,17.96189,14.75233,15.65199,18.44494,18.60528,10.55348,14.65535,17.86531,19.56621,18.44826,16.86293,16.02781,18.17487,17.61653,15.39063,13.84663,15.14518,14.98435,12.38647,13.30503,13.614,13.30064,11.64825,11.52549,10.59608,13.35235,9.23148,11.27248,9.20781,11.65154,11.5269,11.20746,8.0405,11.67409,10.35523,10.17323,11.93953,12.01864,12.25514,11.42048,10.98564,12.09963,12.21975,11.74325,10.36102,12.93488,14.39513,12.24763,11.3322,13.87811,12.83949,11.98955,11.5777,14.5604,14.61571,11.9899,12.75333,13.20211,13.3475,10.92506,10.64359,12.75685,13.55856,12.70831,11.83214,11.91569,13.21156,12.8118,9.60525,11.65618,13.11096,13.38255,10.43532,11.53877,13.57171,13.87598,9.32889,10.75469,12.88484,13.62923,12.02417,11.0769,13.90812,15.20707,14.51834,13.22666,10.47218,12.89251,12.15341,10.25855,9.73148,11.99933,11.49733,9.3262,8.84922,10.063,8.38694,10.06308,8.89048,10.15917,8.77417,9.33907,8.37136,9.09238,8.48731,9.29098,9.75188,7.7089,8.62035,9.29506,7.77321,9.8568,8.87137,9.36903,9.50393,9.01917,7.21967,9.62213,8.74084,9.39583,6.96813,9.84994,8.47934,9.04838,6.24174,9.38191,8.82613,8.73743,7.78297,9.22897,8.28561,8.56888,8.5914,9.20333,8.32377,8.70883,9.0337,7.43209,9.45032,7.8672,8.65238,8.2035,8.99971,8.28018,8.47537,8.19986,8.30559,8.54973,8.06152,9.36512,6.81099,8.39361,8.6686,7.96366,9.07282,8.5953,8.39288,8.98761,8.26819,8.42886,7.23602,8.60816,10.33906,9.41567,10.2237,9.64749,9.81906,8.46341,9.11246,8.14696,9.53413,9.67451,7.81127,8.77303,8.39782,8.00687,9.30517,6.37395,9.36867,9.35299,6.28506,7.99199,7.37893,9.58521,7.2289,7.06685,8.66095,9.10012,6.08068,8.47284,8.39392,10.0783,9.48802,7.96983,9.99759,10.28428,10.9573,9.49282,9.979,9.9569,12.09147,11.15217,8.36634,11.15863,11.71408,8.11747,7.18819,8.85977,10.66308,10.25736,9.00297,8.98193,8.84182,8.54476,8.2091,7.1458,9.24845,10.29726,7.63297,8.76707,6.9413,8.79901,8.22345,7.6361,8.44448,8.28905,8.04018
sh,10.95938,5.91926,11.02607,12.62458,12.62186,12.62043,13.11238,12.80346,13.78933,14.48784,15.34217,15.47533,15.22451,14.07564,9.81111,13.2149,11.27429,12.4408,13.5024,14.2159,15.13125,12.73117,13.45286,12.09038,12.96732,13.68995,14.3097,14.17242,14.4646,14.75016,14.45502,11.32855,12.922,13.47464,13.84346,12.65454,12.36033,11.28847,12.63,14.73299,14.69163,13.31735,12.96453,14.0524,13.06026,14.27471,13.71791,13.40709,13.95899,15.69497,15.66265,16.06614,13.16212,16.93516,14.65423,15.68462,15.20892,14.45722,13.30099,12.15039,13.28663,14.30757,14.85688,14.91772,15.55906,14.21418,10.92137,14.3789,16.5245,14.13359,15.72613,16.35155,15.14988,15.57633,16.20787,16.91009,17.8392,16.89602,16.63979,16.44916,15.9685,17.4716,17.08734,14.68322,15.60079,15.55547,14.92437,13.96296,16.39956,13.50602,16.59597,17.00069,19.01731,18.77835,18.25827,18.55335,17.09778,18.44248,18.8997,17.45147,15.6283,16.54979,18.04549,18.91364,17.6623,16.4228,17.06259,16.41091,13.60839,17.71229,18.19287,17.89792,17.80073,16.44938,13.88001,17.11094,17.14063,15.85179,13.81304,15.00401,14.02858,15.02719,16.10153,16.26331,14.68351,16.27009,17.89127,15.44333,15.73096,15.54273,16.68169,16.43967,16.38238,16.16351,16.12709,15.98108,14.30696,14.41319,16.04373,15.73455,16.74973,16.88656,16.77607,15.73502,15.07458,16.76548,16.68072,15.55315,13.84941,13.66903,15.64677,14.65265,14.58321,16.92006,16.93012,15.13993,15.29713,15.50153,15.99384,17.41026,17.84818,16.11465,14.53315,15.12271,15.24446,16.13119,16.13713,16.03392,16.6161,17.79087,17.44167,15.72808,15.66401,16.11904,16.25547,14.48421,14.70511,13.37871,15.62694,14.37035,15.38577,15.39246,16.65937,15.14042,15.90901,15.14934,12.95142,11.60737,12.38778,12.30644,14.82346,14.7198,14.73761,15.31344,15.82055,15.12022,15.85812,15.04,14.6602,15.97354,16.29564,15.622,15.54481,16.48122,16.93114,16.51921,15.16024,14.27555,13.54395,14.64077,15.36273,17.12867,17.0422,15.56396,14.90968,15.59525,16.8365,16.68223,16.53773,16.36518,14.0248,14.16157,14.71079,14.88315,14.50695,16.61841,16.5259,16.45143,15.91398,16.33888,14.82266,16.10397,15.77288,16.19008,17.53858,16.70938,14.18336,14.38702,13.02586,13.96159,14.32929,14.52479,10.55493,13.98258,15.97174,17.68368,14.95356,16.04119,13.08466,16.73091,17.27971,16.70878,14.41791,14.28443,16.30518,17.03775
sh,10.6397,8.25693,7.67767,5.54465,7.66,8.83746,10.43225,9.22884,10.21753,8.97281,8.28293,10.42957,9.52032,9.38533,10.32186,10.9436,11.22579,8.93605,10.67822,10.4906,11.51113,11.99291,10.13601,7.91121,10.04318,8.61021,9.97917,6.20314,7.92998,9.4739,11.28781,10.42251,8.14125,10.96678,12.21402,11.8796,10.52259,10.50735,10.64613,12.54084,12.4651,11.91609,11.19872,10.56446,11.22566,11.36547,11.16969,12.31852,8.2851,11.77005,11.27953,10.10528,10.59114,10.60335,9.59061,12.3403,12.71051,12.63909,14.05929,15.11358,14.78444,13.56275,15.71156,16.56892,15.49123,11.74584,13.3655,13.10201,11.38468,13.01013,12.59588,12.37212,12.20594,14.08373,14.74549,13.31175,15.89707,16.07207,14.21466,14.95976,16.69612,16.96817,16.71219,15.56921,15.8712,13.06585,15.30687,14.73193,14.82022,15.77414,15.30362,15.04312,15.79246,16.09881,15.30244,15.41044,16.43636,16.19551,17.12588,17.26393,16.14914,17.64044,18.05626,17.111,17.99741,17.72377,18.54047,19.4456,19.15051,16.85378,17.26007,18.24663,18.60464,18.16789,17.72018,17.6243,16.62282,17.31447,16.24359,17.18353,17.82073,16.82397,15.00319,14.43291,14.94676,14.82838,16.80957,17.18721,16.76458,16.08158,16.31752,16.9917,15.96475,16.46557,16.82241,16.01347,16.28777,16.43883,16.3374,16.34559,15.89921,15.65401,12.6382,15.77357,17.3305,17.01594,13.32024,15.46663,15.21223,14.90274,16.0168,16.48749,16.82344,16.30124,15.13162,16.32872,16.23008,17.63595,17.32688,16.39965,15.9315,16.57371,16.60486,15.17724,16.00072,13.85063,15.29177,16.75302,16.68086,16.16972,14.70704,11.16486,15.48,16.54957,14.16325,15.78863,15.38741,16.10295,16.39035,15.83919,15.70768,15.03978,14.77513,15.98954,15.29576,14.02773,16.21236,15.62089,14.52835,13.67872,16.13411,14.46281,13.53572,15.17234,13.75049,13.4224,15.33106,15.74774,15.87582,15.44238,14.45726,14.81998,14.61205,15.50792,13.57903,15.12879,11.19683,14.04347,12.3243,13.88879,14.99701,15.58667,13.77771,14.12814,14.12634,13.85015,13.23669,14.65307,15.77347,14.55516,14.15213,15.54388,15.88638,14.50543,13.87746,14.80507,14.75873,12.62048,13.90668,13.8706,15.0249,15.06572,13.74688,14.76104,14.32366,13.08548,12.7571,12.78624,14.08055,12.93055,14.22318,14.52735,11.97457,12.61479,14.35272,12.90425,14.31214,14.45514,12.65041,15.09566,16.4375,16.45618,15.93877,15.42864,15.60485,14.85353
aa,12.34391,15.42949,16.91534,16.06127,16.31249,19.16922,18.02319,16.59406,19.11428,18.76533,16.74487,19.67346,19.69564,16.98265,21.23939,21.33086,17.72118,23.42601,23.95794,20.28133,22.27659,23.08926,20.59227,20.38216,21.65248,19.68172,17.38875,19.32372,17.97494,17.68386,19.54045,18.20076,17.21666,19.69357,18.85704,17.20549,19.697,19.53158,18.43472,21.45705,21.32796,16.05859,21.17942,21.28733,17.45283,18.97755,19.52487,16.19969,17.59558,18.04796,16.17636,15.92633,16.99714,15.82207,15.84368,17.92556,15.55577,15.55952,17.49717,16.38652,15.49948,16.69478,16.63462,16.66458,18.90322,17.86365,16.78666,18.39555,17.21376,13.12043,16.86236,16.44896,13.4385,15.73749,16.01101,13.10861,12.06705,14.80393,10.60246,13.76816,15.0381,13.07168,13.22007,12.77661,13.24974,13.1118,13.65108,13.17356,10.26544,14.40978,12.44309,12.36886,11.92178,13.73172,13.48524,14.65088,15.27909,11.60463,15.10286,15.25692,10.34938,15.69993,16.3161,13.95839,16.83918,17.75905,15.65457,16.08005,16.58007,15.2992,13.21562,8.44957,12.42588,11.3301,11.89501,11.13374,11.18922,10.95824,11.3807,11.4179,11.02374,11.37121,10.76782,11.48796,11.00041,11.37851,10.0769,11.65473,10.88801,11.21133,11.62276,10.81546,10.29498,10.51884,11.37486,12.11053,8.70593,11.30696,10.36805,11.8184,10.58571,10.53129,11.71078,10.03135,11.59875,11.41957,11.74007,10.99969,11.19383,11.95889,11.63792,12.55818,12.09951,9.53101,14.0171,12.405,11.29632,11.71231,10.85344,10.98633,11.92336,12.56572,10.36355,10.06708,11.65551,10.15097,9.86837,10.8656,10.8314,11.57759,9.86357,11.38014,9.81544,11.40758,9.32619,9.78677,11.70544,10.13552,11.10516,10.35069,11.96857,11.12323,11.46037,13.22801,9.70577,11.32893,13.10398,9.77962,9.90456,11.26108,9.70591,12.85087,9.90228,11.97668,9.5334,11.62095,10.01504,11.7382,10.57496,9.55546,9.93977,11.63761,10.32302,10.69487,8.66604,10.93739,11.40028,8.25857,11.56886,10.31353,10.89743,11.03641,10.17485,10.36069,9.74053,10.26702,10.78583,10.13796,10.45533,9.64316,10.79834,10.03118,10.15184,10.33731,10.517,10.31791,10.23622,10.62799,9.85486,10.55876,9.90279,10.72729,9.96792,10.28988,10.21703,10.33531,10.19586,10.45591,9.97551,10.33035,10.02863,10.7538,10.13649,10.07189,10.36916,10.11129,10.32091,9.91529,10.6627,10.00066,9.99473,10.39472,10.11922,10.07008,10.26787,10.39529
aa,12.28643,10.02451,17.03294,18.12216,16.0588,13.55996,18.97513,19.77899,16.96921,15.38001,19.29785,19.88565,16.80201,17.73194,21.19795,21.15319,17.37671,19.76627,23.01655,22.80192,17.89611,20.87092,22.92508,22.09544,15.88144,20.58251,22.45131,20.97604,17.07872,20.63946,22.58291,21.59919,15.8485,20.74735,22.19113,20.99145,17.24905,18.72089,19.11317,15.86554,15.14397,17.56738,17.53912,14.08474,13.63596,16.6676,16.48491,13.8975,15.18079,16.97768,16.49605,12.99514,15.01866,16.32246,15.03495,12.15409,13.96112,15.643,13.88255,12.49022,15.03747,16.18289,14.22878,12.88348,15.4448,16.15209,14.24308,14.16933,16.99456,17.3182,14.45929,15.617,18.27145,18.49538,15.76279,15.52242,17.22888,16.6798,13.56562,14.43281,16.03055,15.3669,12.53854,14.00734,15.61735,14.24922,12.90341,14.26978,15.35187,13.88368,13.20396,14.83337,15.43483,13.41049,13.38523,15.4754,15.71081,13.05537,14.67054,16.48827,16.45557,13.15487,16.02181,17.63534,16.8671,13.69584,15.60904,16.41179,15.53471,13.14056,14.68925,15.53257,14.42431,12.69909,14.18044,15.01854,13.58681,12.23614,13.68349,14.16769,12.42736,11.41818,11.95129,12.31052,10.98284,12.35007,14.01318,14.12886,11.30309,13.7818,15.74096,15.80282,12.2108,15.04208,16.52358,16.58695,14.20639,15.08094,15.93885,15.46269,12.75573,14.12188,14.86367,14.24776,12.16535,12.94217,13.1361,12.2525,11.38431,11.13047,11.81161,10.69967,10.28051,9.94287,10.85556,8.4829,8.90694,9.12346,9.4776,9.14172,8.29363,8.1402,7.69992,6.00829,7.11222,6.84336,8.02183,6.57944,7.19433,7.41847,7.11665,7.18446,4.48228,8.59617,7.11593,5.20966,5.23289,7.24241,5.43666,7.12837,3.84011,7.12883,6.52879,7.18913,6.21353,5.96774,7.72282,6.23428,7.95006,5.7001,8.05738,7.51475,6.05541,6.76419,6.36644,6.09937,5.46152,6.7576,5.86715,2.38567,5.3064,6.72706,6.73153,7.2661,5.12961,6.06219,5.52884,7.79025,2.97848,6.26237,6.00566,5.52692,8.08588,6.33598,6.29881,7.27192,7.61865,6.7802,7.45634,9.04741,8.60525,5.8946,8.15331,8.02926,8.53655,8.61891,9.88183,10.34564,9.36058,7.73227,10.10372,9.65143,8.46304,6.70285,7.08631,7.22372,4.18445,7.78776,8.75618,8.00931,6.14578,6.74164,7.85336,6.98596,6.41172,7.81821,7.05546,7.32407,5.66327,5.61007,6.21882,6.79202,6.76001,7.4147,6.38915,3.16801
iy,9.42145,10.58271,12.39776,15.76656,18.90182,18.49942,15.58199,17.12182,17.17083,21.04084,22.07475,19.50587,20.10473,19.76008,17.97132,20.10347,19.00609,17.22052,17.07047,14.97864,17.73848,17.87496,15.26017,16.08386,15.01948,12.47691,15.07516,13.7055,15.15988,15.05475,12.03641,14.52126,14.49201,13.94743,14.89556,13.90681,11.28778,13.61223,13.66583,14.40324,14.30279,9.92087,13.15339,12.72122,14.50966,15.00181,13.3136,13.33519,13.26434,14.7493,15.50537,14.94547,13.67693,12.93679,15.28767,16.99755,17.31899,15.751,16.63729,13.74713,18.59929,19.67198,18.26148,18.03235,16.10737,16.12694,17.53602,17.52733,17.37392,16.96373,15.40743,17.51609,18.09818,17.84983,17.82638,15.71228,15.94353,16.56522,14.98513,16.47443,16.0073,14.99212,14.82886,14.92116,14.66935,15.33895,14.32412,14.44448,14.4874,14.13375,14.80363,14.39331,14.00112,14.04395,13.95731,14.27772,15.02753,14.06498,14.24079,14.04587,13.39902,15.30989,14.50411,13.80551,13.50589,12.18476,15.50027,15.40521,13.50544,12.1784,11.01788,14.97562,16.30975,15.30574,14.64358,13.36162,13.1955,16.27844,15.76165,13.89256,13.00853,13.07868,13.60527,13.49848,12.06289,11.80877,10.94725,11.21198,11.59554,10.86781,9.37388,9.36353,7.88097,7.55621,9.74186,9.0931,8.88328,7.36785,8.42143,8.95813,8.22089,6.93953,7.06896,7.67839,10.65147,11.94905,11.05011,11.7406,11.41295,11.02191,11.87743,9.16602,10.79263,10.46823,10.39356,11.18636,9.2874,8.45185,9.07276,8.16932,8.68826,6.18637,7.63818,3.53873,6.88673,7.67942,7.22976,8.37654,8.27303,9.09856,8.22812,8.35571,9.01709,8.27407,8.41475,8.4377,5.63209,8.77089,7.25717,9.81885,10.90984,9.88449,8.93211,8.8206,9.92603,11.6666,11.6893,9.91216,7.47101,10.10986,11.35101,11.73497,10.6182,9.82938,10.11791,11.29593,11.63529,11.17178,10.61518,8.0134,7.68054,6.81353,5.20316,7.48917,6.67048,6.71073,6.5828,7.57181,6.59938,5.47963,6.98745,7.35057,6.81574,6.08771,6.88702,8.18871,7.82237,6.65587,7.32098,4.83705,6.84549,8.80983,8.25978,7.74271,6.20196,4.17873,5.4891,7.09551,5.34927,7.17055,7.79589,7.38282,7.46683,6.40846,4.33547,7.52582,7.96874,7.43682,6.73749,4.76952,6.40136,6.73706,3.84835,6.88898,6.70031,5.97353,5.29508,6.35094,4.9337,6.28808,6.49481,5.9321,6.2854,7.04604,5.49991,4.1104
iy,11.18746,11.43889,13.6181,18.06092,17.90571,14.32945,11.98057,19.21546,20.75455,19.06038,12.78001,17.58051,20.75704,20.61177,16.82293,11.83617,16.33733,17.88797,16.32998,13.159,14.05521,15.50621,13.77666,11.96431,11.65519,14.3139,15.35843,12.90533,11.88002,12.84124,14.5407,13.34894,10.64698,10.97621,13.38256,14.38454,11.72284,11.05559,11.67631,14.11403,12.66594,11.84856,8.22433,13.46878,13.76515,11.54172,8.00571,12.54043,14.69561,12.93849,11.20082,10.39692,15.11808,15.38709,12.24914,9.81977,14.79939,17.24755,16.59436,13.15069,15.07966,18.06511,19.17635,17.76583,14.88639,16.10308,17.80826,16.53812,14.62616,13.16048,16.95042,18.30705,17.96232,17.09839,15.61789,17.71982,17.5168,15.95666,15.11807,16.24428,15.75352,12.46793,12.97967,14.65831,14.88373,10.84319,12.28997,13.65409,14.53935,13.21263,12.26021,11.81549,13.25872,13.4787,12.31936,12.08509,12.37846,13.86235,12.67954,11.47334,11.27012,13.57242,13.61512,12.11764,11.45763,13.41968,14.8239,14.2418,12.66899,13.05355,14.85119,15.47506,14.69704,14.46508,15.14117,17.38415,17.53689,15.80918,14.42271,15.26137,15.62833,13.8149,13.10595,13.46239,14.33511,13.52343,12.17667,11.20847,12.70533,12.67564,10.81667,9.75196,10.35159,11.09448,10.42577,10.6024,10.73905,11.26769,9.76933,8.92395,8.72624,9.28798,8.03861,9.34533,8.71788,8.24084,9.90523,10.85821,10.40786,9.04912,9.85125,12.44868,12.76885,10.97498,8.94515,9.09279,10.31417,8.91989,8.35766,9.7911,9.9208,8.39095,8.08637,8.70534,9.19886,8.34242,8.86283,8.22846,8.28684,7.07912,4.79128,5.53229,7.95765,7.3277,6.6517,4.98292,6.74298,5.47185,3.6309,8.04845,7.10592,6.56527,8.29019,4.22066,7.85247,6.64559,7.88597,7.16657,5.56247,5.46889,6.9536,7.41602,5.38767,6.44407,5.05388,4.85671,7.61398,7.76668,6.87735,7.14718,7.2332,8.65241,5.89052,7.46603,9.01809,10.68157,10.0719,5.02179,7.65006,8.72581,10.22942,10.18745,8.40243,7.58923,10.26918,10.54021,9.3627,9.14871,8.8237,10.68777,9.88738,7.40703,10.1849,9.63441,10.62743,7.16996,9.26567,8.11568,9.50214,6.42108,7.05981,8.25029,9.18084,10.00593,8.36196,7.46452,7.50193,8.72332,7.8699,7.79797,8.59328,6.25686,7.66351,7.10167,9.71631,9.16006,7.56046,8.37948,7.83175,7.91213,6.30505,8.03024,7.90034,6.68411,7.17492,7.09215
dcl,9.3732,9.67445,14.1817,13.88326,9.77695,15.93388,16.76937,14.23237,13.28267,14.56108,13.17849,10.30699,12.0905,12.15677,8.83364,10.22716,11.9464,10.70872,7.96306,9.25507,9.19918,6.84319,8.99854,9.1713,8.89473,8.00903,8.41095,7.3116,3.183,7.67001,6.60336,7.41187,3.83306,6.18007,5.89085,7.76798,7.32674,6.85501,4.23375,5.50766,6.28982,7.24506,3.53826,6.05993,6.39015,5.86019,8.50186,8.20947,8.05933,7.02351,8.79352,8.09559,7.03683,8.73161,8.58145,8.97977,8.95973,8.07814,8.35481,7.86086,8.6352,7.04184,4.69283,2.10737,6.47693,6.42101,6.41257,4.24632,7.32792,8.21827,8.12191,8.61548,8.21176,8.93346,9.70504,8.68057,11.31512,11.4083,10.53295,8.95338,8.6782,7.03316,7.17252,7.88045,7.1171,7.26368,8.29368,7.28157,7.26539,5.10861,7.61224,6.62309,6.45031,7.33315,7.44283,6.82744,6.60256,7.55841,4.9835,7.20363,7.66808,7.85411,7.49232,4.10349,1.79285,0.74734,3.0428,3.41468,6.31813,7.14383,7.19285,7.01749,5.80565,5.00543,5.25743,6.57071,6.88469,6.52721,4.59496,5.43404,7.00084,6.22397,5.05923,2.91225,5.69441,6.77818,7.21077,6.62343,6.2254,5.86013,6.21073,6.2851,3.80547,5.69506,3.60979,6.02784,5.58283,6.67664,6.4411,3.75038,6.49487,5.93273,3.42498,4.8087,4.92529,4.10587,4.79124,4.94892,4.53661,5.77733,5.89761,5.70567,3.23298,1.68016,3.26325,4.90135,5.52965,4.26709,4.93982,6.15038,5.61001,5.76842,6.73315,5.68622,4.52196,2.58169,5.56745,4.06572,5.55349,4.04546,5.4532,6.07927,5.94289,5.23709,3.60074,5.26628,6.8488,5.73868,4.53984,4.45828,5.37636,2.90906,2.08526,4.72003,4.07505,4.35093,5.95841,6.24887,3.92756,6.13039,6.64327,4.63372,4.25463,5.53865,6.46345,7.18364,5.98775,6.44637,5.7078,3.37792,5.83192,5.84083,4.36009,4.52076,5.34132,5.98629,2.92817,4.62424,2.90539,4.66875,4.20858,5.99397,4.98261,6.80099,6.84972,7.36537,5.10359,4.90333,5.1728,6.64588,5.46458,4.91979,5.96299,5.90795,4.71457,5.69494,5.1946,2.92576,7.08207,6.07096,6.01964,6.04564,5.57522,5.86907,5.79394,6.31272,4.14155,6.69604,5.76621,4.00949,4.6516,5.0741,4.0827,5.34553,5.38883,5.6303,5.76027,4.87388,6.53226,6.38546,4.3104,4.99949,4.87092,5.35057,5.4756,-2.6855
sh,10.47046,9.18726,10.07753,12.59482,13.03632,12.80518,11.86709,11.7766,10.33961,12.30598,12.85573,8.63118,13.01079,13.85501,14.30363,13.91736,13.39063,13.86622,12.86932,10.85539,10.65421,12.88902,12.70583,12.53659,13.33452,13.65615,11.77904,13.2924,14.39167,14.69958,15.23798,15.39235,13.24063,11.56781,12.71719,13.13659,9.89794,13.96568,15.07865,15.26047,14.86004,11.11152,13.22327,12.42008,13.89695,12.26675,14.35643,14.55228,14.72078,13.62836,13.83771,14.95732,15.42925,15.33993,15.2093,15.67446,14.96387,14.6435,14.5999,16.78693,16.70077,14.57568,14.86785,13.88265,16.47031,16.07387,18.53611,17.71728,18.67214,18.46888,18.3134,20.28106,19.55272,18.98229,18.56827,19.20462,19.02274,19.07143,18.87679,20.25135,20.16517,19.56314,18.80495,17.85164,16.63699,18.44358,18.57794,17.38901,17.88174,18.09416,16.2306,16.65001,16.27312,15.5808,17.79472,19.1971,18.46234,18.66548,18.53019,15.68598,16.15217,15.13975,16.53351,17.47139,16.77969,16.68803,17.29676,17.22623,16.40049,17.87245,17.69449,16.75765,16.29659,16.69039,14.92497,15.10571,16.26112,16.40058,16.01165,16.38277,15.60505,16.23522,15.84471,15.59712,11.66506,10.9044,13.73582,14.25603,16.03057,13.40392,16.38588,16.74369,16.68047,16.44644,14.78654,16.18332,15.27827,14.48326,10.29817,14.01816,14.15585,14.55068,15.07916,16.44431,15.35989,13.38104,12.99669,14.00993,15.23188,14.81767,15.9287,15.65943,14.71224,14.83491,14.57355,9.94933,14.16929,15.03965,14.20138,13.9326,14.57379,14.18001,12.12916,13.80984,15.32511,15.02779,14.31811,14.9929,11.69691,15.42673,14.67364,11.74936,14.71218,15.43917,14.88545,14.72126,13.21938,12.61667,11.78285,14.32738,12.47208,14.46711,15.29799,15.76431,13.58716,15.15266,15.23415,13.83241,13.86737,14.50587,12.93653,13.74466,12.11323,13.28516,11.21692,15.50529,15.11567,14.26504,15.47951,15.95994,15.57465,16.41902,16.41879,15.29714,14.3093,14.93573,13.78867,15.19597,12.71025,14.33701,13.63819,13.84442,14.08443,14.53076,14.1492,14.20957,13.46483,16.15529,16.09627,12.31488,12.46319,15.28863,15.86815,15.10152,15.22452,15.34365,14.55283,15.64791,15.44491,15.46798,12.25908,12.73191,15.34611,15.56025,12.55436,14.68221,13.45455,15.17367,15.53299,15.81869,14.68085,10.7255,16.65641,16.10902,15.01825,15.6761,15.86403,15.41621,15.33425,14.61947,14.84073,14.76227,15.13203,15.14835,13.58323,15.07766
ao,12.6511,12.37576,16.72638,16.40184,14.57437,17.24702,18.96535,17.77628,12.81542,18.0018,18.75061,15.48215,16.67328,19.52517,18.22307,15.5891,19.62126,20.09313,18.65367,19.32954,22.09856,21.3016,18.90605,21.45572,22.25914,20.00776,16.14334,21.02703,20.73191,19.18928,21.22899,22.32502,20.70334,19.30998,21.48169,21.05051,17.93752,17.10877,19.21579,17.49939,16.21765,17.19505,16.96151,15.86533,14.77595,16.99609,16.00013,14.15573,15.54586,15.6586,14.89447,13.54499,15.56523,15.29027,13.31812,14.75744,15.57342,14.35552,12.28053,15.88809,15.07035,14.64333,16.01467,16.59838,15.35901,14.24476,15.93078,15.24927,14.21466,13.67643,14.87765,14.23738,11.71865,13.23064,13.20033,12.81712,11.55114,12.63577,12.63665,9.58511,11.45898,12.20014,11.50006,10.01679,12.2569,11.37437,11.53036,11.61058,10.84704,11.8012,8.74142,11.37667,12.19913,12.38002,12.48214,12.67862,13.19536,11.94023,12.03947,12.41914,12.94988,12.04313,9.52724,11.23318,10.20834,8.12297,10.19376,9.68771,9.71312,8.47259,8.26081,9.67254,5.10367,7.83443,8.17352,7.02026,8.12263,8.06639,7.99608,8.62774,7.64854,5.97076,6.36247,9.14056,6.06495,7.54791,7.92522,6.16418,8.11116,8.36776,6.80073,8.86872,6.04699,4.05,7.6601,8.29699,9.24249,10.12579,10.38954,7.75967,9.09148,10.38291,8.53833,7.84258,9.94983,9.93119,7.54725,7.75351,8.08925,7.28867,7.26722,9.42363,8.88517,6.82806,10.07689,10.12437,9.91591,9.70342,11.85638,11.81285,9.19278,11.26863,11.97025,12.01614,10.36026,8.96739,11.45708,11.96518,11.85663,11.63215,11.6294,10.00487,10.25937,10.94738,10.82875,10.41528,10.91058,9.54252,8.21841,10.28353,10.37549,10.29816,8.87889,10.48781,9.64901,6.9841,9.14909,10.59937,11.09643,10.42418,9.50693,10.68355,9.67214,10.61394,11.11002,11.52013,10.93186,8.85844,10.79028,11.00316,9.91211,6.62908,9.17564,8.28295,9.67478,10.16868,9.41376,6.97224,8.27235,9.39573,9.09617,7.57898,8.85132,9.49869,8.36105,5.49082,6.61443,7.30441,2.19971,5.49188,8.54235,5.06495,5.88379,7.34444,6.98442,8.99885,8.66283,7.1249,5.49558,5.94456,5.10845,6.57217,6.18959,2.97331,6.34853,6.37069,7.5864,7.34951,5.89295,5.30899,4.61385,5.58756,7.14274,6.87243,4.90792,4.92526,5.66683,4.23365,5.55673,4.5956,8.53684,9.68171,8.80934,8.439,6.86689,8.51213
aa,14.04292,14.14215,16.57728,19.80137,19.85993,16.26591,14.63966,19.83627,21.52593,19.49479,18.07323,18.71667,22.54853,22.14767,19.76273,20.13165,22.78331,24.38248,23.01085,21.63033,19.7775,24.42831,24.17191,21.19033,20.20549,21.19335,21.94168,19.90481,21.27837,19.21187,23.48533,22.79393,18.98078,18.76735,20.1978,21.60782,20.42194,18.07646,17.39879,18.02607,17.02668,13.83587,16.44833,17.4529,17.22157,16.65485,15.37957,16.37148,16.74303,17.23056,15.50624,15.24807,15.13748,16.70809,14.41038,15.63028,14.09984,15.38193,15.92889,14.56661,14.41628,15.52087,16.03146,14.19486,14.7335,12.20292,16.76628,16.77989,17.07677,16.5016,18.34765,18.8467,16.34661,16.59279,18.62933,19.29951,18.40387,17.84324,15.82073,16.62697,16.32802,14.92063,12.14815,13.91911,14.92322,15.05299,15.42525,13.83102,13.93357,15.01569,14.47692,13.30877,13.31413,14.96196,12.27632,10.90551,12.92723,13.59638,13.84445,15.77277,14.24899,11.85038,15.43518,15.90246,16.10869,14.30492,15.3317,17.40305,17.32576,15.16761,14.22399,16.18647,15.56869,13.20423,12.62866,14.39001,13.65069,11.53851,12.14322,13.34668,14.05687,15.0274,15.51783,14.4269,14.41505,13.94267,14.34088,13.75379,14.06635,13.76034,14.67058,15.84734,15.19225,16.5938,15.63395,14.74256,14.01233,15.03829,17.09925,16.86372,17.36387,17.32159,16.51591,16.26393,16.26828,16.13585,15.1771,14.03145,10.50153,11.13002,8.98232,15.42388,14.23727,14.65418,14.50237,13.49503,14.57468,13.94195,13.76694,11.39746,12.34324,13.7629,14.414,12.88607,14.44802,14.64012,14.88564,13.38293,14.11206,16.28962,15.12133,13.56608,15.24124,17.39836,17.59963,17.73275,17.54755,11.3511,14.91704,12.70831,15.2529,12.78655,14.37392,14.97499,14.99783,14.41796,14.50357,13.49973,8.07047,13.77091,12.1313,8.58697,8.47238,13.60593,12.09761,12.28019,11.80512,11.73978,11.82559,7.19513,13.29191,9.76112,12.51764,10.50835,12.1481,12.16978,11.32621,12.8192,13.9133,10.74548,11.71592,10.84965,12.43767,13.14357,11.8005,13.39388,13.29473,13.09124,12.72509,12.96682,14.29487,13.81556,11.88856,10.87104,13.20786,13.22999,13.02584,11.26869,11.45592,13.28742,13.21788,12.6006,10.57094,13.03056,12.4258,12.2952,10.94798,9.86449,10.90694,11.08857,11.1389,9.81017,11.40233,11.00616,12.44438,11.1574,9.54129,6.91492,12.09704,3.08821,12.2948,10.79774,11.69545,12.21626,9.20679,11.56791
ao,13.98564,14.1935,17.96,19.58344,17.46004,12.36773,19.74985,20.7093,18.68149,16.55224,20.68646,21.64888,18.9935,16.78018,22.04316,22.69026,20.30206,19.25303,23.67115,24.17017,21.5865,19.8118,22.16387,22.24775,19.24866,18.51969,20.87349,20.8511,20.19381,19.82106,20.84772,20.11112,16.90158,17.59367,18.42213,18.2183,14.27049,14.46921,16.76677,16.27657,12.76324,14.41859,16.06792,14.28392,12.85012,14.18893,15.28174,15.35632,11.26312,12.04009,14.64375,13.0411,12.01425,13.0423,14.68061,10.83499,12.07507,13.11022,14.06556,12.41889,11.64992,12.18539,14.01443,10.23018,10.98423,12.60717,13.47543,12.12513,10.3174,14.19501,14.34548,12.13949,10.66263,12.92907,14.35367,9.71405,13.84935,14.72458,14.70653,15.28977,14.78228,15.96709,17.16341,16.52818,14.03769,14.4748,14.87314,13.35299,13.12612,13.64393,13.63745,11.43178,12.63671,9.21205,12.62909,13.37868,12.83782,12.50041,10.70897,9.78174,12.50687,14.15707,12.31707,12.60198,13.29219,15.43365,14.48169,11.65985,11.56314,15.31057,15.47766,12.7958,12.69121,15.37469,15.1352,8.54905,12.76855,12.54508,11.32227,9.45679,11.9136,12.43797,10.481,10.19219,9.93316,12.94633,13.4941,13.19491,12.28617,9.16184,13.12167,10.3466,12.3731,12.32699,13.81764,12.51566,13.97863,13.36352,14.88158,15.20805,16.3342,15.52665,15.72513,16.61662,17.19159,16.44563,14.94558,13.41553,17.48568,16.48686,16.53786,17.13465,16.11913,14.18485,13.1303,14.48663,13.81649,12.03681,10.13877,12.37496,14.78494,14.05369,11.8631,11.3464,15.22411,13.75139,15.00512,13.17923,16.17112,13.92756,14.03237,11.45647,14.56743,13.89232,14.77524,15.31931,15.64985,14.33249,8.54099,14.51328,15.4392,14.01698,13.15632,14.80678,15.51689,14.07093,12.88287,13.97181,14.25217,14.19795,14.14194,14.11374,12.24676,8.67471,10.68475,14.56698,14.78802,13.27988,13.78753,13.05894,12.25294,7.91274,11.35329,12.27353,11.62557,10.51608,11.99042,12.46993,11.9733,10.10632,8.75846,10.95609,10.98365,9.93129,11.00544,9.78475,7.83197,7.49082,8.88472,9.82407,6.4888,5.87522,8.00511,8.07854,6.67717,6.45362,6.66695,8.33373,8.77061,9.28859,8.76488,11.30495,11.08299,10.02004,12.51332,12.52685,9.35063,9.73142,10.54237,10.17076,8.49385,10.48878,12.43936,12.36892,10.07369,10.41173,12.85818,12.49765,9.00604,10.93848,12.32184,11.58823,9.30462,11.49147,10.86329,10.25871
aa,10.20654,14.51142,17.3139,16.51631,14.49279,18.54959,18.54718,14.57273,17.8592,18.66479,16.08002,18.13345,19.72476,18.12258,17.99953,20.59574,19.80831,18.1317,21.60002,21.6031,18.7393,21.59215,22.4556,20.11631,19.28806,21.02972,19.59342,19.8833,22.23985,21.25724,18.51122,21.48653,21.67018,18.81305,19.96987,21.1637,19.3084,16.75135,18.98968,17.54871,13.4091,16.30847,15.57568,12.59304,16.93156,17.04878,14.07944,15.47491,16.23263,14.40497,12.79428,14.5239,12.8183,12.90795,14.90837,13.98724,11.21709,14.0259,13.73239,11.95832,14.03336,14.55637,12.90059,13.97931,15.51687,14.41992,14.55594,16.88211,15.9439,14.63948,16.15625,15.87877,13.62491,14.1844,14.83281,12.60307,10.44272,12.45309,11.53567,10.64573,11.9024,11.23936,7.19853,10.92022,11.29835,11.06936,10.69047,10.41037,9.90971,9.91792,11.64925,10.82929,9.42541,10.38225,9.57873,10.0796,11.46664,11.41424,8.97698,9.77401,10.62649,10.12721,11.13344,11.32208,10.23616,10.01196,11.68646,10.93803,11.27377,12.74834,12.63061,11.44152,12.61572,12.91899,11.80437,11.25865,11.84623,10.99747,9.75762,11.47829,10.83075,8.94527,10.47602,10.28465,8.85478,9.80647,10.67544,9.18948,6.96104,9.65291,9.6596,7.39692,8.54063,8.57289,7.82816,7.20661,7.76871,7.71952,9.0337,9.03975,9.25158,9.48285,9.28777,9.46369,9.06749,9.53868,8.43853,7.93792,9.80447,9.57014,8.89356,8.42451,8.31814,7.49754,8.97728,9.92359,10.07928,8.6315,8.22184,9.28828,9.86643,10.33437,10.73362,9.60987,10.39979,10.42596,10.10968,9.41677,9.48534,9.15425,9.44723,10.27564,9.67351,7.15634,7.64863,8.05481,9.14792,9.53942,9.00351,7.26009,8.59891,8.8703,8.3487,6.13145,8.74397,8.18841,8.53151,9.63612,9.24793,8.52853,8.88956,9.388,9.40954,10.33688,10.2188,9.38394,10.02092,10.31107,9.79687,9.94767,10.56786,9.74162,7.61574,10.31015,9.9282,10.81019,10.97652,11.0924,10.62928,9.63349,10.60936,10.54832,11.11595,10.11694,10.5988,10.0526,10.24545,10.09833,9.74857,6.50293,9.29809,10.34883,9.45471,9.95985,9.75059,7.88088,9.58929,9.85361,10.87568,10.89785,10.64873,9.93583,9.07736,10.18619,9.59818,9.67644,10.35059,10.58531,9.06035,10.24525,9.36666,8.15994,6.33664,8.37949,8.63654,10.12258,9.61603,8.62445,7.72371,7.60566,6.43771,7.66017,6.44393,5.92959,6.52441,0.89175
sh,11.88803,11.20789,10.46482,9.32838,10.23881,11.33568,9.67802,9.36973,11.55188,12.28809,10.9638,11.12953,8.92662,11.58876,12.28359,8.67177,11.75149,11.23453,12.02266,12.4168,12.32818,12.41438,7.39879,11.13889,10.50343,10.42178,12.16079,11.67832,11.10602,9.04356,8.41091,9.40819,11.41721,11.84649,10.25548,11.30385,11.8139,11.52359,11.62181,10.83202,8.01317,10.20082,8.96441,10.79391,12.20582,9.2127,12.38382,12.29973,13.06992,12.5144,13.55656,13.49698,14.37558,14.43178,13.68801,13.7694,13.36867,11.91693,13.34584,12.00889,13.01208,13.28583,13.26902,14.16892,14.16089,13.521,15.96935,15.29601,13.44078,15.31724,16.4676,16.85269,15.92463,17.54897,17.46967,13.31217,17.93706,17.22387,18.68147,17.08574,16.31047,15.44722,16.3387,15.40926,12.79578,14.2842,14.99527,17.10705,17.22379,16.75394,17.46799,17.65109,19.34221,19.67645,19.34653,18.53404,17.65053,18.83542,19.69977,18.27019,18.36916,16.22773,18.07238,17.6313,17.03852,17.44982,18.25179,15.90635,16.43121,18.17853,17.60109,14.06945,16.80646,16.47191,17.71766,17.7565,16.44962,16.45384,15.50601,15.83703,16.61406,16.73477,17.3701,14.52737,17.42991,17.16384,16.52944,15.00325,15.21748,15.8334,13.8247,15.8978,15.82069,13.58446,13.83884,15.57112,17.2292,15.17004,14.31682,14.67196,15.854,15.90117,14.93687,12.56824,16.60777,17.08631,16.60731,14.39118,15.50456,15.7369,14.24464,16.09636,14.99077,16.17301,14.52967,16.58632,17.40132,16.4755,12.60647,14.42482,14.959,12.86889,15.49458,15.53165,14.42674,15.49292,15.90321,15.17099,14.32094,16.82523,17.03383,15.82232,17.17349,17.1608,15.86006,15.53088,14.88608,14.55796,16.39418,16.33401,15.01949,14.28625,15.34511,14.75196,14.528,16.07474,14.37551,12.54536,16.2322,17.49447,17.16969,16.95675,15.87241,16.44334,16.24837,13.28457,14.66414,14.57737,16.0701,16.25729,16.04185,15.48139,13.00046,15.50119,16.27728,15.84174,14.88373,14.59628,11.82244,14.71034,15.75259,15.42904,13.0034,14.11796,15.24801,14.10788,12.86516,13.32205,10.87902,13.57973,13.43246,13.16958,13.16175,14.53102,13.77141,14.93868,15.55895,15.05543,13.77259,13.03977,12.8322,15.10312,15.06127,11.92372,11.44569,14.63982,15.23061,13.87891,13.16202,10.27578,13.5752,14.41402,14.20267,14.30286,13.29427,13.15083,11.68987,13.85728,13.90055,12.05441,11.646,13.43955,13.79349,12.96003,13.69759,13.40207
dcl,9.69398,7.9107,11.88699,16.1821,16.3082,12.49611,10.2109,15.28572,17.16276,15.56467,8.7148,10.18616,14.21179,14.4322,12.02929,10.10228,11.66841,12.73327,8.02703,8.20587,8.12078,10.28389,12.89835,10.88592,10.13464,9.37555,12.12172,11.01693,9.69322,9.6941,9.79014,10.27337,6.91465,7.46128,5.34494,8.81248,10.56855,6.81861,10.11356,9.41019,9.49902,5.71359,7.76769,8.77505,8.53081,8.95245,7.26168,8.92498,10.63571,11.33204,10.5802,7.03785,9.59075,11.2696,11.15226,10.37356,10.98879,10.92676,12.74659,12.539,10.13697,12.65738,11.96344,13.4083,11.97354,9.54387,11.12789,11.09184,11.39865,9.8684,10.45193,11.28687,12.11091,11.70622,10.83534,11.54992,12.92965,12.79837,11.08447,12.03375,11.84474,13.0629,13.10155,12.33577,12.6682,12.90444,13.18441,11.54813,11.03683,11.21485,11.51816,8.63193,10.35682,10.70515,10.16266,11.11829,10.11036,11.15117,10.37827,11.30951,11.03973,10.47574,10.40435,10.87751,11.36695,9.26188,10.53245,10.87894,11.3973,11.47954,11.04806,12.10806,11.19958,12.41256,12.53356,12.56831,11.0165,13.25013,13.16896,11.57579,12.60718,9.90904,8.73765,10.6323,10.62959,7.75737,9.76574,10.78474,9.98029,10.71812,9.9531,11.13012,10.08244,7.87691,10.9475,9.96526,10.13058,10.61771,10.61363,10.62635,10.73112,10.45075,10.8133,10.09352,10.83378,10.15646,10.49394,10.16162,10.46882,9.84364,10.3543,9.28898,10.33008,9.71494,9.70261,9.5606,9.81474,9.22265,9.69121,8.51067,8.70183,8.695,7.62346,8.95116,6.69987,10.15954,8.95012,8.81734,9.26923,8.97756,9.17757,9.05398,9.16219,9.45063,9.04899,7.09858,8.36901,7.36997,6.66252,7.59598,6.65868,4.87415,7.83238,7.84574,6.87831,8.7507,4.61401,8.06065,7.79979,7.21491,9.51201,5.97952,9.01273,8.15741,9.06912,9.50159,7.83566,8.05562,9.26236,7.86517,8.90368,7.61082,8.60691,7.81627,7.50442,7.9134,7.97235,8.0932,8.48719,8.03967,8.55243,7.43709,8.12253,7.91607,7.32078,8.01495,7.92539,8.65765,8.266,8.11641,8.2221,7.75246,8.22434,7.27595,7.23727,7.55382,6.77393,8.08118,7.8546,9.01266,7.39361,7.50236,8.89027,7.23526,8.07986,8.00439,7.30065,8.17173,7.70355,8.27013,7.09981,9.08711,6.09247,8.71073,8.16081,9.3962,6.86564,8.85815,7.88124,7.81635,8.69887,8.59283,9.12906,9.84805,8.76023,8.78489
aa,9.68486,12.72161,16.04585,17.00313,13.15919,15.33498,18.65088,18.54356,13.55542,16.46386,18.66374,17.8715,10.17639,18.08323,19.33749,17.61626,15.02312,20.20901,20.6439,17.82078,18.02305,21.03855,20.62931,15.7863,19.22123,21.16816,19.87997,16.21556,19.13062,20.17503,18.2718,16.07764,18.9804,19.29653,15.96167,17.34903,19.96052,19.59922,15.38289,16.37534,19.03021,18.35889,15.55842,16.78411,18.21456,16.25066,13.93968,16.17714,16.58205,14.29049,14.39453,16.35179,15.72517,13.03376,13.81664,15.42718,14.23165,12.94046,13.89322,14.52906,12.2514,11.99476,14.27457,14.21961,11.80049,12.29014,14.47689,13.97739,12.23132,13.69123,15.19506,13.89124,13.48371,15.63195,16.35049,14.8941,15.54069,17.45178,16.60066,15.22624,16.32443,16.44568,15.17988,13.94981,14.5448,14.96307,13.46631,11.52872,13.57059,13.73503,11.98222,12.14536,13.78814,13.09234,12.32503,12.59407,14.10009,12.42473,11.83408,12.61156,14.10326,12.56283,13.70752,14.57464,14.83572,12.28776,13.94069,15.77828,15.34235,13.70117,14.48215,14.32063,12.79539,12.11972,12.64125,12.72287,11.10319,10.35965,10.25095,10.71695,11.17035,11.82948,11.74691,10.88682,9.4346,7.83601,9.86474,8.65509,8.49741,6.6458,8.21549,6.88701,8.27889,10.16408,8.81471,8.04328,9.51884,10.58399,8.93112,11.88165,11.76317,8.96948,9.99226,10.42309,10.21634,10.73057,10.85512,12.04105,9.18463,11.17068,7.90842,9.50384,9.47762,7.35925,10.04571,11.875,12.5363,12.21169,10.81712,11.10749,10.15061,11.112,11.13627,11.00463,10.31407,10.97384,10.66412,11.82569,9.84938,11.08425,10.78263,10.45466,11.65933,12.34834,12.61113,12.39268,12.13478,13.0261,12.7427,10.44848,13.02597,12.79689,12.81183,11.98274,12.3951,10.92345,11.46917,9.95862,11.21249,11.08213,10.11136,11.44916,11.30848,11.65462,11.16981,11.28026,10.89732,10.10976,9.37161,10.3969,9.29461,9.94896,9.46207,8.65561,8.3544,5.34384,9.02287,9.27317,8.94468,4.80553,9.48378,8.97553,8.96548,8.39229,8.69609,7.61933,5.7217,6.49456,7.88871,6.13831,6.81946,6.89584,9.05619,8.3688,8.45846,8.64551,7.85725,5.91651,7.04624,8.08655,6.8101,6.26459,6.62799,1.47963,6.19185,6.53597,5.40232,7.22077,6.82409,6.9961,0.25113,4.14631,5.52119,6.89259,6.22071,6.74404,5.64852,5.83992,6.35326,5.83068,6.58187,7.4394,7.12558,6.33209,6.81815,6.7957
ao,8.97446,13.70968,16.97507,16.63241,9.93599,17.63714,18.4974,15.60742,15.97184,18.16865,16.74863,14.84247,18.66406,18.56261,14.95143,18.26168,19.48986,17.39237,18.43188,21.06271,20.26281,16.48023,19.81379,20.21806,17.23522,19.18473,20.9015,19.45613,16.40155,19.97941,19.59081,16.37075,19.94293,20.73899,18.34445,18.07509,19.73879,18.18021,13.95575,16.12615,16.51888,13.12272,14.19972,15.73049,13.2961,10.39637,14.92903,13.89584,11.55313,14.65312,14.73674,13.0025,12.20765,13.65191,12.52157,11.26376,13.30257,13.44278,8.00321,11.86997,12.87813,7.73393,10.78333,12.78125,11.80628,9.78766,12.43018,11.79785,9.77845,11.26505,13.00113,11.80738,9.55933,13.70108,12.84556,10.3575,13.48221,13.78008,11.63011,13.0436,15.45406,15.59302,14.34521,14.93679,15.21621,12.98067,12.79495,13.39591,11.9164,11.22621,12.93593,11.95835,10.00488,11.21957,12.09878,6.42811,10.15811,12.45291,7.55372,8.35699,12.22411,10.49158,9.81177,11.29082,11.42421,10.34267,11.06824,11.87158,10.44795,11.1891,11.93271,13.10069,12.55769,12.85031,13.38492,11.55189,11.27058,12.49574,12.30517,8.52097,10.14354,11.03516,8.5874,8.08368,8.13255,8.26569,7.32846,9.96867,7.54536,7.46754,9.53106,8.958,10.26113,9.08363,9.64153,9.54642,9.81209,6.65405,10.58195,11.27693,12.30531,12.79282,12.46465,12.17798,12.71336,9.06828,11.79923,12.06206,13.22977,12.31161,9.33068,11.61879,9.49425,9.33715,10.59255,8.46903,10.55459,9.84944,10.63622,11.15949,8.04379,11.47179,7.05607,8.94421,11.42728,11.61816,10.37742,11.42615,9.29104,9.71794,10.41204,11.13769,12.0036,9.62921,11.46275,8.24042,8.38268,11.12976,11.76401,11.27421,10.38535,9.22949,8.03156,11.17849,11.54971,12.19394,11.38538,9.21577,9.8594,9.59593,9.6089,10.34558,10.796,9.57746,7.96197,8.04182,8.77005,10.06741,10.95525,10.14532,8.82617,9.13267,10.17795,11.11959,10.62467,11.52223,10.34079,9.79968,8.0135,8.14959,8.74468,9.38501,5.9466,8.00514,6.52327,4.35345,9.2299,5.78308,9.04506,8.21628,8.72907,7.76076,9.0967,7.77213,7.52598,8.66932,9.11288,6.31175,8.25221,7.47093,8.75329,7.40235,5.0074,8.56412,7.11049,9.09759,4.69083,6.84027,7.62594,8.82729,7.25227,7.72029,7.49769,6.90015,8.37484,8.45693,4.99422,7.60189,8.65753,7.25679,7.36977,3.95264,8.84012,8.29776,8.07201,6.73638
aa,13.69805,14.26267,16.37829,18.71406,18.72907,12.5583,15.33346,19.31514,20.06223,17.62324,16.11701,18.87511,20.91888,19.96084,17.12669,20.20106,22.80612,22.76504,19.73352,20.81969,23.04471,24.05063,22.2565,19.01451,19.78472,20.4022,20.11954,17.77951,17.68801,19.42443,20.29835,18.0381,16.86988,18.56864,19.33733,18.41239,16.61559,18.16257,19.44392,19.82128,18.95014,19.94001,20.53894,21.07916,18.02399,20.75888,20.98865,18.94787,18.63675,15.57321,16.98493,17.29716,18.46538,9.31093,17.26205,17.53359,15.48225,16.13709,16.60807,17.0861,17.0136,17.55007,16.42847,18.02425,16.39127,17.04767,17.5323,18.5569,17.58557,18.07268,17.39714,16.89561,16.57553,14.34111,15.7687,11.56936,15.8149,12.63826,14.23379,13.71723,14.1881,14.41272,13.9349,14.1035,9.52166,14.24091,12.74831,13.00291,13.02593,13.04287,13.07801,14.65729,13.77732,11.09872,13.06395,13.67951,13.2247,12.89729,12.58867,12.93157,15.13066,13.03785,12.89109,14.71646,16.0654,15.56552,14.88374,16.48067,17.62886,17.77582,15.20558,15.93444,15.9434,15.8736,14.85959,13.88915,13.95159,13.7842,13.88716,10.69198,11.77462,10.71946,11.73366,11.81549,11.14355,11.22327,10.85529,10.50296,10.95304,11.07874,11.01883,11.22246,11.32248,10.10303,10.65128,12.30199,9.58351,10.32548,12.71815,7.24793,11.10302,11.5624,10.76786,10.38765,13.19603,10.6812,13.11105,12.91795,11.72802,12.32752,9.61903,12.24054,10.19371,9.90121,11.55198,11.71802,10.61522,10.60515,11.69132,7.49471,11.95737,10.27838,9.94552,11.94608,11.18522,10.83134,9.87972,12.28719,8.14288,11.5686,10.38305,10.80503,11.41887,10.75231,11.52284,10.08459,10.88229,10.93323,10.10781,10.48205,10.47046,10.36629,10.79741,10.40178,10.00288,10.47576,10.73073,10.23823,9.50266,10.69014,10.56392,9.96861,10.30648,11.00188,8.69654,10.93707,10.17282,10.4464,10.43828,9.81862,10.44527,10.62616,10.62358,10.28672,10.58026,9.8491,11.23575,9.72501,9.9167,11.27677,11.80089,12.03971,11.44061,11.05759,11.39397,9.446,11.17604,11.38624,7.76363,10.14111,11.51543,8.57531,10.43438,10.508,10.09145,10.53524,10.90704,9.81112,9.96501,10.624,9.44915,10.60381,8.90876,11.09976,9.85837,10.32456,10.1618,10.86058,10.33408,9.83396,10.60507,8.75822,10.6954,9.34055,10.8005,8.11397,11.82686,7.9945,10.77548,10.66233,10.70993,11.45609,9.85214,10.81699,10.31841,13.13947
dcl,10.15122,10.20874,10.79149,10.45555,9.72911,8.32021,8.65241,6.69897,7.78702,9.21309,9.30959,8.26869,6.92035,4.49051,6.26879,6.12445,4.86389,6.88776,6.76287,6.63786,6.52223,6.47411,4.96787,6.022,4.01029,4.70081,6.72296,7.30111,6.68016,3.41703,6.08345,5.73637,6.67441,5.8712,3.24581,4.21815,6.93908,6.65166,3.70624,5.21115,3.4328,5.79374,5.83277,6.56723,5.25487,6.07726,6.37323,5.20039,4.70112,3.76244,5.20643,6.55396,3.11584,5.58938,6.69399,5.98171,6.63875,7.72808,7.33252,6.52348,5.32607,3.59886,5.13132,4.90191,6.12235,5.33242,4.99515,6.59282,4.863,5.83198,6.46299,5.657,6.16625,5.69963,6.34673,5.94783,6.59112,6.14493,2.56516,6.3455,6.52634,5.34911,4.4572,4.11253,5.79411,6.11414,5.41826,7.3336,7.76299,6.38174,5.39657,5.47257,3.64129,4.66643,3.0831,5.45658,6.44276,7.23578,6.64907,6.55951,7.12907,7.06869,6.40558,3.61682,6.04284,6.77276,6.72204,4.27497,6.672,7.32093,6.3102,4.32744,6.35506,7.39511,5.01707,6.23087,7.78971,7.53231,5.88033,5.80869,6.28233,6.07339,8.14632,8.33223,7.32492,6.02036,5.21897,5.97712,6.52855,2.63118,6.95561,6.93278,7.59249,5.97327,6.15373,6.85303,5.75833,5.41605,6.19719,7.26017,4.30595,5.82868,4.56235,6.17998,6.74784,6.87686,6.51419,6.10506,6.52956,4.07617,3.84386,5.15246,3.09213,5.89694,5.13548,6.76696,6.78569,3.76153,5.029,6.40622,6.20367,5.37515,5.4337,6.53885,6.61152,6.67259,2.2149,5.0891,6.51747,6.99228,6.76782,5.84035,5.58993,6.48776,5.6655,7.39392,7.75058,6.89118,7.27467,6.1698,5.11502,5.41983,3.40665,4.04365,6.69616,5.14597,3.03991,4.64215,3.56787,3.45616,5.12664,0.8329,5.54474,5.96463,4.3663,3.25322,6.20092,5.84652,5.48076,7.15959,7.57981,6.09392,6.58916,6.62109,5.49248,4.30022,5.82682,6.6803,5.22508,7.41186,7.06115,6.63435,5.56294,5.23569,6.07607,7.40842,5.40133,6.32364,6.45143,5.7427,6.26956,0.96667,5.87618,6.88367,1.85468,6.06085,5.06365,6.62,5.93793,7.01924,7.04208,6.41468,6.33057,4.68484,6.01105,4.67951,1.96642,5.33848,5.37764,4.12062,7.30111,6.63361,6.73161,4.67954,5.43869,6.67139,5.83932,6.61298,7.47801,7.27844,6.92101,7.26367,7.08714,5.8153,5.57678,6.54148
aa,12.05014,13.6146,13.63211,14.6303,19.81792,20.27045,17.32238,14.45135,16.1657,20.07298,22.65908,22.13993,18.34363,15.94558,18.45363,22.61395,23.96877,22.5666,19.38659,18.71705,23.40689,26.34099,26.52706,24.1848,20.1742,18.75727,22.4845,24.3988,23.98732,21.04086,21.06792,22.91488,25.03277,25.67998,24.24053,22.09084,21.93226,23.70561,24.72168,24.0857,22.38646,19.94834,18.67301,20.17167,21.26482,21.02656,19.74601,17.21394,15.43254,18.5529,19.5293,18.85809,17.75298,16.58683,18.92461,20.07312,19.93639,19.19789,17.61005,13.78428,18.12069,19.82787,19.66012,18.69861,19.16682,20.51227,21.54422,21.08527,20.82177,13.87289,19.4818,19.34624,19.30535,18.70181,17.75665,15.68787,17.0777,17.89304,17.41827,16.47732,15.33749,16.21645,16.75266,17.70117,16.76142,16.7081,15.01312,15.8366,16.07343,16.81496,15.59371,15.79298,16.09438,16.71575,17.14281,17.14375,16.41231,14.28598,17.15922,17.13529,17.70895,17.39574,17.84128,14.26894,18.48548,17.95919,17.69416,17.05896,16.3522,15.92765,17.63164,17.18429,16.35693,16.66807,14.45381,16.29326,15.36182,16.7759,15.25799,16.70227,12.62141,17.06439,15.98517,17.68343,17.06496,17.50413,16.92501,17.14299,17.61524,17.41151,16.73143,15.8203,16.94425,16.065,16.71669,16.54939,14.45174,14.75541,16.33678,15.11364,15.05326,15.05582,12.10686,13.77113,14.27034,14.57958,13.70989,14.04305,13.62549,13.79074,11.76582,14.44652,13.21062,13.98524,13.98659,14.15758,11.0931,13.90142,12.84628,11.75706,14.62256,14.6023,12.94403,13.38601,13.28859,10.3482,12.85239,12.57342,10.69916,12.67479,11.78793,11.71711,11.76009,11.8546,11.88885,11.82516,11.93152,12.294,11.02983,12.08338,11.59917,12.07107,11.23263,12.26194,11.84575,11.65185,11.89742,11.69602,11.62172,11.791,12.02675,10.64554,11.67203,12.88709,12.60981,11.76181,13.2854,11.38692,12.30304,13.38885,12.96193,12.08175,13.89625,11.38844,12.52221,14.83438,13.24336,14.80757,14.99415,13.58711,12.65329,14.13436,10.74369,13.46092,13.85228,11.89807,11.92374,13.54165,7.62741,12.19514,12.41098,12.7927,9.1348,12.58741,12.27848,13.29797,13.13259,12.85377,11.0366,12.91229,12.92047,10.27927,11.17569,12.9675,11.78173,13.10631,12.60771,5.37042,9.69813,13.31444,9.9971,13.57501,14.20282,11.0513,11.53396,13.66826,11.73441,11.58696,13.31658,13.0404,8.54427,11.38799,10.62493,13.77767,12.13541,12.93814
ao,9.85954,15.67441,17.79917,16.66791,16.30911,19.20436,18.52579,15.92812,19.01079,18.93652,16.07324,20.00199,20.30108,16.85357,21.27027,22.42511,20.21848,21.52768,23.18443,21.65409,19.42857,21.24019,19.22343,18.35885,20.92183,19.8733,18.04109,21.27058,21.44697,18.56503,20.48723,22.00732,21.0797,19.291,20.48801,18.8179,16.19096,17.11809,14.63117,16.12971,17.60465,15.61981,14.03711,16.51695,15.50662,13.96717,16.08401,14.98051,13.08352,15.57932,15.10127,12.40206,14.85062,14.89601,11.50707,14.79118,15.21898,12.65555,14.95065,15.74675,13.74827,16.04446,16.94425,14.15217,15.79059,16.84183,15.07478,13.17081,15.33509,14.4873,10.78251,13.10365,12.02877,9.0939,13.36667,13.40396,11.01984,11.18797,11.36456,9.16281,11.39103,12.51831,11.00236,10.27939,10.55972,7.54083,9.99258,12.70804,10.98083,9.43261,12.07839,10.62065,10.87877,13.9989,13.3272,9.99767,13.0285,13.07015,11.32244,12.86925,13.30974,11.74242,6.31365,10.50912,11.50188,9.7164,10.36792,8.24053,7.80872,11.43466,11.67363,9.99378,9.86138,10.26744,9.61889,11.21042,12.34831,10.91428,10.44067,12.12354,11.38486,11.54722,11.81031,11.34093,9.64925,10.73816,9.75954,7.08711,5.93373,7.42463,7.41232,7.69267,6.74444,7.72115,7.57488,4.91857,4.88574,8.19186,6.23814,6.40052,7.53088,7.46681,6.52151,4.32851,6.28405,6.33922,7.03348,4.02135,6.82312,7.81058,8.33906,7.44672,7.23039,6.40546,7.83617,8.13221,6.28157,6.46832,5.94651,8.15443,8.59002,6.60785,5.88866,6.39353,5.85331,7.13858,7.96798,9.82555,9.36488,8.73056,8.9188,4.36683,9.28991,8.99055,10.30621,10.60572,9.7309,10.1314,9.34868,11.8665,11.77713,12.01782,10.72949,10.36445,9.89504,10.2439,10.97732,11.15678,10.99004,10.19721,9.54654,10.70269,10.25716,10.48865,11.33068,11.03165,9.93458,11.06627,10.40663,9.54235,10.70712,9.92099,7.73075,10.19727,10.55855,10.16615,10.76356,10.46261,7.26419,8.11963,9.89876,9.60934,10.68865,10.16629,8.83366,8.01447,9.09748,9.30859,7.86523,9.28876,9.18907,8.79928,7.93385,8.13364,7.04612,5.32329,6.28695,8.20483,8.10769,4.18613,5.97524,7.72002,6.4185,5.60116,6.37235,0.86184,8.05649,7.46004,7.25786,7.76355,6.83577,6.2071,5.91663,5.9585,8.01757,7.98885,6.53444,6.88978,7.08013,8.34323,6.5335,6.75399,6.18607,6.74883,5.22441,5.11253
sh,11.19945,9.85544,9.22179,9.50486,10.76564,12.03721,5.83914,11.96236,10.71351,8.44051,10.68883,13.00062,13.44847,14.34552,13.14604,10.51587,13.01827,11.67778,13.11288,13.63708,11.27252,12.38774,11.20009,13.08948,11.82945,13.02366,11.68487,11.4989,10.84482,12.23333,13.77886,12.37835,10.94219,11.8663,10.81519,10.84047,10.78323,10.48934,11.36708,12.5682,11.97818,11.36548,12.0203,11.22956,11.95105,10.69195,12.56903,12.46789,12.70216,13.6405,13.8339,12.14595,13.43371,13.83863,13.60546,11.44182,15.44859,15.75708,17.01154,14.27061,16.84108,15.62085,13.42489,14.57408,14.03748,12.18084,13.72347,14.12673,15.12084,15.32703,14.38435,15.12418,14.77267,15.27931,15.05177,15.78448,17.45745,17.29703,17.49221,16.41179,14.49024,15.88485,16.82914,15.91243,14.97057,15.25304,15.94921,15.84109,14.72724,16.01248,16.57687,16.23542,15.92131,15.51315,16.90636,16.06084,16.51716,17.67929,16.56599,18.07793,19.52716,19.59747,19.00365,18.25039,19.19254,19.6492,17.00337,19.39885,19.03538,19.12058,17.61199,14.94106,17.43751,18.54387,17.53689,17.52892,16.5431,18.34807,17.81074,17.16355,14.59069,15.60464,16.5229,17.00034,14.33442,17.51825,16.94388,18.35057,18.17726,16.15244,15.93025,14.90032,16.04113,11.73644,15.35701,16.38933,15.93004,14.87543,16.08638,15.78454,12.5066,14.78943,16.615,16.40241,15.03801,15.47902,16.99734,15.9063,15.1362,11.0704,15.06744,14.72964,13.51855,15.31764,14.90652,15.15567,15.46425,15.46749,14.63756,13.15684,15.56754,13.93096,13.8347,14.83645,15.14551,15.897,15.89855,16.82652,16.58012,13.86285,14.58424,16.74373,17.1247,17.10564,16.27202,15.85674,15.98025,15.80103,14.3804,13.93085,14.31056,15.10396,15.75218,14.95278,15.14221,15.43995,15.43783,16.14927,15.28681,15.83028,15.93404,15.32142,12.74669,15.49938,15.15149,11.87574,14.77883,16.13225,15.25524,13.95867,12.79969,15.26381,14.53812,14.55466,14.80383,14.87161,15.50624,14.8332,14.93319,15.19702,14.70206,14.83466,14.85052,13.7555,6.71229,16.19532,16.74105,16.04694,15.15791,9.39483,10.25725,13.04963,12.95241,14.43407,12.11377,13.002,14.62872,15.09257,15.56549,12.07063,15.21795,14.13195,13.1128,14.27133,14.44356,13.96829,14.0337,14.85329,13.81008,14.82186,14.91863,12.86561,10.87082,8.97987,13.88726,12.55191,13.18252,14.89291,13.4688,12.24845,13.47608,14.661,14.79506,14.54741,13.17267,7.47482
iy,8.96851,10.12041,16.09587,17.90924,16.25492,10.536,17.91315,20.08793,18.8828,13.13856,16.26997,18.24824,17.09211,12.99423,13.84318,15.71614,14.70611,11.74872,13.12669,14.72143,13.7292,11.46664,11.25425,12.41652,11.62352,10.29693,9.41419,12.40736,11.49832,10.09042,10.69744,12.73713,11.73754,9.62079,7.86654,11.61572,10.22703,8.98541,7.36569,11.5881,11.17125,7.7574,11.21122,12.83454,12.60181,10.88284,10.65984,11.68255,11.84312,10.79783,12.73112,13.47496,12.96026,14.05886,14.49329,14.7182,15.02522,15.71987,15.92689,17.12888,17.32547,16.42415,8.63713,15.71183,15.8907,15.55564,13.44283,15.23482,16.38495,16.31707,15.12419,17.07352,17.84418,17.37477,14.79607,14.91004,14.53213,13.21073,12.09911,11.59673,12.19655,11.63504,12.0661,11.61109,12.28314,12.37261,12.1836,12.25898,13.35474,12.79156,12.12332,9.4606,12.69596,13.16267,12.78254,12.40808,13.94366,14.20034,13.3367,12.30882,14.72744,15.35173,15.13561,13.31252,15.73669,16.81427,16.52369,14.74255,17.17069,17.11518,16.01508,12.75598,14.05926,15.02725,15.13271,12.95824,13.54092,13.99712,13.83761,11.30733,11.58983,11.95355,11.81915,11.01493,10.70492,10.83469,10.06225,2.95183,7.30893,8.1909,7.01506,6.36282,7.03143,8.28724,5.3936,5.37191,6.69193,2.88383,6.95045,5.5064,6.95979,6.53986,5.84244,5.15138,7.93287,9.52728,10.42285,9.55683,7.98432,8.57533,9.8974,8.8268,7.85721,7.85156,6.69805,6.45391,7.92092,7.49021,7.93025,7.42856,6.49722,7.48385,7.88998,6.47629,4.95358,2.35095,5.82726,5.46234,5.82535,5.47389,5.1979,6.59855,5.52879,6.25874,7.1434,6.34625,5.95492,8.43268,8.14582,7.01553,5.04532,6.79263,6.76526,3.48327,6.91514,6.43611,5.67152,6.67824,3.71384,6.40978,7.81372,7.90578,5.29344,6.81046,7.94617,7.72966,8.86716,9.05179,9.55312,9.76915,8.77504,3.61188,7.7877,8.02092,9.05396,9.97752,9.21078,9.0556,7.24596,9.18348,9.03825,9.26396,9.30484,11.09958,11.12345,10.81346,12.09378,12.27355,11.12531,11.00303,8.2857,11.53475,11.14582,10.4691,11.53393,11.11627,8.87403,10.20819,9.79118,9.40423,10.25133,9.99197,10.54076,11.61876,10.44652,11.96512,12.95234,12.35136,12.12185,12.69503,10.60036,10.88447,7.08504,9.44499,10.75573,10.89125,10.2995,9.48246,9.1495,9.71231,8.82629,9.02508,7.24651,8.73407,8.95491,7.34805
sh,10.0663,5.79038,10.04478,10.71707,11.26956,10.31492,11.57828,12.36019,8.83518,11.90931,11.89055,12.0758,11.96035,9.99212,10.43081,10.55334,9.89469,12.41653,13.21917,11.60927,12.07965,10.30617,12.22053,12.71566,9.8385,11.80673,12.07793,13.0819,12.74353,13.49842,13.16853,12.73775,13.05491,13.56878,11.38002,10.88201,10.92596,9.29775,9.36009,11.28285,9.79741,9.40486,9.42736,11.6446,11.50619,10.14346,11.77147,12.40288,12.35176,11.92605,13.30557,13.3036,13.7155,14.27854,14.8909,14.90077,13.08816,14.42456,12.44565,14.82092,13.61906,16.54142,17.05261,15.54902,14.22719,14.13995,12.63792,14.47381,14.77959,15.07438,13.6941,14.14457,15.06152,14.8788,13.68789,15.01915,13.28534,15.21554,16.35907,17.86493,17.86742,16.33653,16.86212,18.85061,18.7739,17.30055,16.61601,15.79728,16.90656,15.57107,14.93344,16.10121,16.02941,15.56116,16.10812,16.69807,17.59943,18.05492,17.71488,16.89746,17.84697,18.47271,16.67264,17.96451,18.33645,16.95159,16.59812,18.5906,17.93371,17.37561,17.73902,16.58244,15.66715,17.27215,15.68091,17.05749,18.16744,17.01952,15.44711,16.71917,15.99165,12.05362,15.63301,14.51538,17.36172,16.19957,13.73618,13.68442,15.31433,15.76261,16.64133,16.76178,15.10205,14.07843,14.4329,14.12189,11.14251,10.67519,15.74449,14.87134,13.6291,14.60626,15.72883,15.2857,16.71895,17.37522,15.78752,14.25534,13.04543,15.31331,15.9426,16.34416,16.46308,15.90436,15.66294,15.37121,13.65423,13.87903,11.55381,15.43281,15.41355,15.00439,11.07213,14.94131,15.64123,14.79442,15.24078,14.78141,14.30045,15.19089,13.3998,15.92886,15.47532,14.10426,15.5878,15.64863,16.40637,16.83558,16.55364,15.49616,14.62683,15.50857,14.36472,13.89578,14.80672,13.60778,14.82038,15.38305,16.09391,16.10353,15.99256,14.88387,12.21511,14.10875,15.0553,15.76467,14.3705,14.20676,14.33291,14.25467,14.76097,13.63186,14.10661,12.73094,13.69558,14.3693,14.18995,13.6059,13.27461,13.63071,13.57442,11.09822,13.37127,12.3906,13.46845,14.69745,12.85212,14.13426,13.28843,13.19788,15.5085,15.74079,14.86332,10.89344,13.49205,13.28057,14.33982,13.78434,13.46967,13.78075,12.96233,13.87627,11.68126,13.906,11.04509,14.55238,14.30787,13.17918,12.08826,13.73009,13.84027,12.16768,12.01789,14.63021,13.85683,12.65693,14.5249,13.17131,12.92626,13.25096,15.00283,15.74705,14.61566,14.45498,14.76508,14.81282
iy,10.83223,10.47262,13.80171,17.37218,16.69163,12.56374,13.88941,19.09114,19.70447,16.49634,14.25597,17.70603,19.36247,17.876,10.17184,13.46356,16.71452,16.47041,11.86328,9.54147,10.1129,10.7768,11.51125,3.09428,9.95969,11.67411,11.07987,10.57755,8.11917,11.65,11.48975,10.17441,7.7785,10.37504,10.89496,8.81834,9.48416,9.1572,8.80862,10.26294,7.77804,9.5345,11.27617,11.24022,10.66325,9.11145,10.13611,10.10533,10.38265,9.96637,11.11413,12.90389,12.31911,11.60603,11.43097,13.1706,12.07395,11.83146,11.66322,14.84193,15.75359,15.35017,13.71742,15.86119,15.99929,13.89484,14.54018,13.40484,14.68629,14.49066,14.01915,13.45039,13.30252,14.1431,13.73368,13.78429,15.97622,17.24841,16.34272,15.97815,14.75689,14.53013,14.88574,14.84964,14.21254,15.45585,15.74596,13.94813,8.02928,14.22678,15.46706,14.78728,13.98543,15.58802,16.04941,14.76735,14.20006,13.47274,12.19572,12.03854,10.93123,8.50973,8.96417,7.77442,9.88917,8.82594,8.33558,10.62853,10.94659,9.63135,11.07377,10.65592,12.66199,12.41559,11.18631,12.75602,12.03534,10.81575,12.29115,11.97273,11.69361,13.04752,11.78651,11.36424,12.7956,12.30295,13.06704,12.04201,11.37092,11.3873,12.84536,12.3843,11.55876,11.4387,13.16827,12.69532,8.23786,10.84251,12.34319,12.00337,10.53784,8.33926,7.29805,9.11162,8.55786,7.631,8.06443,6.99739,7.28826,6.94287,5.65251,5.18455,4.50914,7.03986,7.79778,7.2508,6.941,5.15651,6.7793,4.71537,5.80105,6.34069,4.47393,5.93134,5.81938,5.52531,5.46106,6.89834,7.47318,4.40019,3.05822,5.97656,3.67324,5.85677,5.11376,2.76934,3.63138,7.5714,7.51281,6.81005,8.28618,7.67766,7.45859,6.18813,6.13995,6.92024,3.93886,5.75985,5.41997,5.42972,6.66037,7.3031,6.19937,5.79447,7.4327,7.05441,5.66967,7.14935,7.38035,6.69514,4.6427,4.04035,5.63068,4.69733,5.6649,5.91602,6.99982,6.0732,5.99544,4.85916,6.29813,7.15818,5.81962,5.98202,5.46826,6.49711,4.9776,4.42413,6.8063,5.72047,7.01576,6.18842,6.50081,4.45207,3.30562,5.21852,4.2275,3.30553,3.01349,3.96829,5.62605,6.37407,7.25323,6.6997,7.14292,5.88011,4.96622,4.12155,6.63252,6.12361,6.18478,7.86029,5.92391,4.81717,7.54833,7.9235,8.05381,8.15589,7.65588,5.70017,6.99967,7.94738,8.81324,10.0819,9.99571,9.92107
iy,10.02273,10.86899,11.68788,17.45281,19.70608,18.63245,13.31121,14.00156,17.85349,20.51033,19.93582,16.47627,12.9642,15.25631,17.95454,17.3854,13.71334,10.63139,13.94337,14.46313,14.58394,12.00806,12.07014,12.01728,15.11048,15.49495,13.71551,11.35283,12.94915,13.52296,13.78188,12.10053,8.352,10.83729,12.35891,12.96294,12.06109,10.55868,11.01578,12.22338,12.95327,12.23487,10.05596,11.17703,12.15923,12.2638,10.98256,8.01802,10.31386,12.04165,13.11486,13.24638,11.60177,12.42458,13.97777,13.87679,13.90197,13.02222,7.65122,14.97571,16.4742,16.33493,16.00383,16.48061,17.96662,18.86128,19.18833,18.31936,17.38066,17.91197,18.37954,17.30467,15.76035,12.59618,16.80906,17.91366,18.02812,17.56347,16.35264,15.67565,16.69151,15.50991,15.37361,14.83268,13.1265,14.69335,15.04474,14.34291,13.48838,13.25236,13.90376,14.54467,14.07766,13.70983,13.18507,14.22845,15.44286,14.98924,14.5676,13.9649,14.03726,16.17496,15.9893,15.18336,15.62045,16.66266,18.3867,18.01457,17.70264,17.96969,13.99795,17.83811,17.12458,15.95077,15.25126,14.09696,14.54234,14.87767,13.58763,12.57901,12.49446,11.96475,11.4842,12.0535,12.06621,12.15295,10.15118,12.03425,11.82581,8.22631,10.32758,10.38713,10.23759,11.80453,12.26611,13.62476,12.23005,13.61872,13.92511,12.35193,10.40554,8.87425,9.12566,9.91319,10.51096,9.27139,9.6854,10.73642,11.4892,11.44898,11.08005,10.55606,9.19946,8.75635,7.34689,7.12169,5.6322,6.27064,4.89588,7.2684,7.50042,4.7141,6.81125,8.45832,6.60318,8.29301,7.74804,6.88883,8.15638,8.29195,9.93436,6.1465,9.78439,4.61172,10.6951,11.34654,11.61364,10.57546,7.90939,9.96031,10.48943,9.06106,7.7562,9.7859,9.06936,8.26971,8.56952,8.61413,8.72329,9.18344,8.56366,6.64644,9.3623,11.05143,10.62064,9.47212,8.20499,8.3394,5.98549,7.06998,8.07199,10.01135,8.81365,7.29123,7.5707,7.90071,7.71146,8.21757,7.15203,8.27498,8.01066,7.5434,7.81303,4.66843,7.67213,7.91565,7.47195,6.00448,7.00987,8.0792,7.55867,6.94982,8.61555,9.00657,9.03561,9.24691,8.334,6.65513,6.54776,8.10837,6.52492,7.26508,7.02252,5.16568,7.75568,8.19554,5.91769,5.8285,5.03836,4.56083,6.64896,7.83268,6.95639,6.60231,4.40965,4.55518,4.43922,4.42274,7.3321,8.12717,7.50706,6.18349,7.03502,8.29459,7.02076,3.0768
sh,11.16515,11.18739,12.48498,14.93263,14.89203,14.70131,14.31158,12.47447,11.15023,13.72106,6.93261,14.7431,15.41973,15.26153,14.80956,12.83592,13.98859,13.72775,14.59727,14.87384,13.84026,12.97505,16.10759,17.1731,16.12534,15.17481,15.24257,15.41804,15.73034,15.89925,15.50477,15.39218,16.03352,16.43842,17.97285,18.15262,17.91662,17.23807,18.29678,18.73333,18.80664,18.57453,20.58523,20.36447,18.01485,19.64528,19.30505,19.44076,19.35046,18.87709,16.87999,18.14515,15.98258,16.99422,17.78023,16.7904,17.62022,16.10967,17.53168,17.61749,17.84912,18.11818,13.03844,17.74071,16.6984,16.12047,13.03159,17.43135,17.45034,16.07835,17.26814,15.98089,15.29375,15.70852,16.21053,15.04468,10.94848,15.89129,16.7572,15.51232,17.36393,17.413,16.34563,15.18852,15.39772,16.5124,15.80072,15.98448,14.92675,14.08443,15.52191,16.2088,16.90546,16.06507,14.25873,13.55075,14.58895,14.7242,15.59429,14.52296,16.76229,17.64761,17.72331,15.72781,16.58395,16.20249,14.09375,14.34027,14.55724,12.55593,12.98824,14.03986,12.70546,14.64169,15.38262,14.47194,14.60122,14.18763,15.62052,14.71003,14.63707,15.23639,15.98912,13.58159,15.68384,16.20605,15.5194,16.09007,16.36622,13.758,15.0059,16.26064,16.08464,16.68536,16.76865,16.15563,14.2819,15.1286,15.35676,14.78043,14.81161,15.61587,14.75346,13.68176,13.69549,13.08289,13.61178,13.25961,13.28681,13.83621,15.18218,14.28869,15.16335,15.3211,16.01968,16.13257,16.27698,14.87801,15.70107,15.436,15.19645,15.28948,15.63759,11.77668,15.36606,15.54557,15.9375,17.42561,17.2279,15.39076,14.11439,13.34865,13.75827,14.53314,15.22548,16.04639,14.8559,14.80435,15.2389,13.68274,12.35038,15.62997,15.3198,14.86317,14.90602,15.89328,15.02592,12.13562,14.41495,15.0881,13.38183,13.44269,14.65189,15.63726,14.87353,12.04371,14.70761,14.52964,11.39994,13.80823,13.8425,14.22892,13.70255,12.4092,11.46551,12.52326,12.60964,12.6044,12.78599,11.0772,12.69335,13.44703,12.84997,10.41162,12.47407,13.24058,9.85535,10.86476,6.02694,12.46858,11.82144,11.06039,12.94825,13.00218,11.71296,12.37113,13.02914,12.88058,11.20007,12.81214,12.17039,12.27728,12.55497,12.58336,13.29492,12.5401,12.19434,13.4787,12.97367,12.32241,11.68674,13.9384,12.69848,11.82433,12.61887,13.48591,12.91007,11.74835,11.21905,10.62235,12.30309,12.08596,11.26589,12.46644,10.76792,11.36775
aa,11.09211,12.36232,16.06007,16.75359,13.59482,15.88656,18.92686,18.36917,13.5767,16.57741,18.47504,16.62907,14.2282,18.90888,19.47209,16.72505,18.68874,21.68395,21.23758,17.51131,19.94552,21.6117,20.10738,15.3267,19.42106,20.07898,17.24895,18.43234,20.50225,19.72624,15.43525,19.63843,21.0251,19.57392,17.18084,20.59397,21.6983,20.00196,18.42243,20.02767,19.7351,16.05369,16.706,18.09857,16.18153,14.52698,16.47852,17.08991,12.57808,13.87267,16.68275,15.92248,13.15232,13.75675,15.4205,10.39591,11.56986,15.31952,15.32212,12.2056,12.94337,15.18745,13.95411,8.79167,14.37832,15.27061,13.70054,11.85519,14.83425,15.24996,12.01349,14.3684,15.75588,14.62711,14.41246,17.01912,17.56808,15.49634,16.1216,17.44893,17.24222,13.89031,13.89585,16.15479,15.43776,10.74754,15.25063,16.62037,14.59189,13.95304,15.1594,15.1133,12.70499,13.94828,15.95731,14.73348,13.04324,14.74805,15.75566,13.85207,13.57374,15.99432,15.62301,13.00827,16.12118,17.67906,16.50006,15.60613,16.55276,16.65894,11.44931,13.7481,16.47824,16.42153,13.81342,14.28703,15.69593,13.86408,12.12352,14.59943,15.81921,13.75201,12.06757,14.63807,14.44833,11.37709,13.56261,15.23352,14.15858,11.03482,14.60269,15.16756,13.06358,13.08106,14.91566,14.5276,12.63902,13.00394,13.91491,13.90705,13.53411,13.79352,10.15356,12.58026,8.86863,14.53483,15.24639,13.80948,13.57452,13.14054,13.54426,12.61841,12.68029,12.93354,11.72081,11.93675,11.55174,12.93565,12.67845,11.75862,10.49869,12.67171,11.78534,8.04802,13.01313,12.86418,12.52413,9.71087,11.03189,10.62088,4.5426,9.14582,9.16123,9.6596,7.76803,9.35866,7.32279,7.75188,8.9936,8.59717,8.08012,9.33234,8.34888,6.41882,8.43075,9.26979,8.69677,8.97471,8.57407,8.34537,7.07729,9.25889,7.93296,8.92661,7.89221,8.49867,8.30254,7.7805,8.84222,7.54324,9.42959,8.03067,8.87742,7.4575,8.99729,8.15927,9.50702,9.54958,9.67832,9.92421,8.6755,11.16969,12.51406,10.73287,7.72956,10.20458,8.77762,7.84166,9.79178,10.14855,10.15468,8.25231,9.33183,10.0882,8.17474,11.18888,10.67974,10.69084,7.5914,9.36425,10.2762,9.48886,10.01381,11.09499,9.72273,8.11227,10.07348,10.12647,9.92761,8.46152,9.49605,7.29671,8.50723,9.07942,8.14652,8.91209,8.29868,8.20361,8.59709,8.12574,8.1042,7.3277,8.38057,8.28399,8.48971,7.55939
ao,3.17121,8.10846,14.95184,17.15416,15.84765,10.21967,15.36386,17.93205,17.1081,10.46981,16.2371,19.108,18.58029,13.54516,17.35021,20.42929,20.08263,16.47299,17.29913,20.61791,20.56142,17.04384,13.80962,18.11067,18.5995,15.80173,17.32097,20.16886,20.35665,17.78097,13.35763,16.94464,17.50247,15.2719,11.96629,14.06762,15.20376,13.34346,10.55421,11.92904,13.69702,12.51508,8.3933,10.91005,12.49926,11.74944,8.64818,9.90546,11.59475,11.30986,7.82523,7.66743,9.22811,9.64106,5.94836,7.71789,9.37792,9.10827,7.50572,7.3401,9.90211,8.78818,5.18218,7.60333,8.47632,5.78608,7.56082,7.31774,9.53353,10.40306,9.64493,6.55937,10.28377,9.78607,9.10125,7.49883,8.28928,8.8451,6.51554,7.32413,8.82193,11.17336,10.36275,11.14136,11.85089,12.48424,12.3599,10.31489,11.33048,12.58211,12.66739,11.6316,11.3186,12.10857,12.064,11.30946,8.30083,9.96393,10.74369,10.11656,8.41252,6.66681,9.04941,9.07887,8.40137,8.28138,10.08151,9.52127,6.9546,6.81684,7.63751,8.17714,7.90324,6.88712,6.35086,6.19433,6.04274,3.30077,6.28436,6.12473,5.73337,6.49584,6.63392,6.6174,6.65583,6.38673,5.88198,7.05685,8.71502,8.28722,7.35833,6.57563,5.79877,6.58692,7.51545,6.75931,6.4563,6.55314,5.32077,7.5415,8.35986,7.31956,6.58851,8.40719,8.50987,6.44837,7.46039,7.38605,8.97894,8.62734,11.39627,12.09435,12.51531,10.80257,12.15484,12.13062,12.08402,11.20097,11.06488,11.94231,12.01067,12.11344,11.36561,12.49894,12.28926,12.7767,11.81649,10.63893,11.85257,10.57758,9.37316,10.57048,10.13837,9.3718,10.13726,10.08662,8.19763,3.92626,7.10742,8.80219,7.64828,6.30358,7.03437,5.87483,7.80464,6.36506,5.43475,7.74088,7.33399,3.14919,5.91513,6.86187,7.77824,7.14931,5.98943,6.51146,6.56882,7.49018,7.37952,2.08411,6.7223,6.00266,6.17601,6.44595,7.40571,4.88896,6.14297,7.34732,6.20581,3.29467,5.16137,3.98897,7.12624,6.17011,5.49724,6.73502,6.19463,2.54915,4.24036,1.69745,5.07702,3.61987,4.881,6.69623,5.66884,6.18753,4.35893,3.99603,4.63785,6.70256,5.62782,4.24067,3.91254,4.69589,4.18273,2.40129,5.14526,4.40118,6.07153,5.28767,6.45172,4.90546,6.71312,4.90511,5.50417,3.79158,4.06178,3.41231,5.60688,6.10096,2.81405,6.52304,4.90202,3.49833,5.81717,4.60004
iy,10.03046,10.2044,16.3636,19.42022,18.73583,12.46398,17.18426,21.74494,22.20818,19.15146,15.54031,21.01557,22.57592,20.77483,15.48489,17.92166,20.49649,19.62698,15.20499,15.15726,18.8145,18.89144,15.73428,12.3284,17.79384,19.1288,16.9638,10.83698,16.54247,18.32893,17.45536,11.62051,15.19417,17.23778,17.17876,13.35403,14.22628,16.66563,17.65177,15.23521,13.53176,15.30239,17.28095,15.83792,13.89079,14.69514,17.82721,17.4773,15.05128,14.32915,17.94138,18.47295,16.84362,15.09,18.06801,19.58024,19.03721,17.14486,18.41253,20.98055,21.56281,20.32859,17.57548,20.49448,21.03492,19.13687,16.80667,18.76949,19.97895,19.19604,17.30338,17.97791,19.48081,19.23354,17.48843,17.78122,19.93383,20.78903,19.80674,18.4053,19.98004,21.34621,20.95273,19.05418,18.29717,19.46189,18.61929,16.99523,17.01499,18.33891,18.38646,16.69488,16.31681,17.45074,17.98508,17.25614,16.573,16.79606,17.67473,17.56033,16.82421,16.52539,17.9173,18.33742,17.59512,16.73432,17.96463,18.98423,18.6914,17.91966,18.0164,19.48676,19.61009,18.82804,17.28833,18.32542,18.45875,18.24416,16.88427,17.68145,18.30751,17.78309,17.14382,16.23285,16.67477,16.49995,16.43031,14.72617,15.52147,15.40746,13.84714,13.49716,12.41839,10.93106,8.96306,11.87262,11.59344,10.42163,9.97219,10.02204,10.1582,7.08474,8.89872,6.48101,9.76943,5.97982,9.43832,6.97752,6.92416,8.57129,6.58872,7.38441,8.21267,7.74516,9.3313,7.53133,8.65359,7.37929,4.67354,9.18551,6.96956,7.95677,6.36091,8.42437,5.73958,8.87669,8.01825,9.89233,9.21535,9.17376,9.8045,10.34328,10.70097,9.49329,11.59151,11.83204,13.42607,13.31015,13.69817,12.24119,12.92692,12.08316,11.78677,11.15705,12.53124,13.17971,11.65132,12.5369,11.32671,12.38207,11.55409,13.21517,12.03986,13.46041,13.10012,14.061,12.72162,12.40264,12.59584,10.37629,12.15422,11.28536,12.03114,9.27446,11.12911,9.74616,10.03063,8.87342,8.1892,10.011,10.50436,8.64557,9.39206,10.84742,11.00739,10.96043,10.51856,12.17314,11.26978,11.56207,10.23525,12.31093,12.15472,12.74867,11.88744,13.26615,12.44653,13.00026,13.30773,13.48258,13.94258,13.44764,14.65504,13.57787,14.03108,11.89076,12.49365,12.19263,13.06006,12.21556,13.61039,13.9109,13.43779,12.99473,10.53074,11.46832,8.43415,9.03396,7.04814,8.79387,6.98758,6.87753,6.86189,10.30931,10.37672,10.30385
dcl,6.61537,9.93492,7.29832,13.73699,17.59792,17.55007,13.69605,9.20487,8.53944,14.8638,16.57757,15.14735,8.52793,8.48789,10.95116,13.32683,11.81683,11.81693,7.02028,4.74815,13.00934,14.43397,13.44627,9.75989,8.00358,9.38216,10.24188,5.94711,10.04982,6.02898,7.5023,7.14234,9.00957,8.09563,6.49747,6.56743,6.52715,7.28865,7.87189,7.36954,5.30945,8.15814,9.46979,9.88305,8.14604,8.39777,4.9996,9.29701,9.63277,8.84122,7.62139,7.40899,7.94211,9.93774,10.78509,9.47871,9.16405,7.10656,9.04121,9.87804,8.89655,7.79153,6.40379,6.72828,8.46103,9.33027,7.93352,6.70521,5.66196,7.71601,9.15103,6.83614,6.14495,7.33672,7.90972,9.34173,10.4808,9.09503,8.3945,7.75793,11.18683,12.72287,12.83488,12.33785,10.08701,7.15143,8.15599,7.02755,7.82219,8.98918,6.10756,8.01343,7.45614,8.06274,7.08528,6.20232,7.76106,9.30141,7.85286,6.22766,5.93229,7.14414,4.87248,7.42269,7.62036,7.6459,6.84547,8.85393,7.62351,8.73272,8.19954,6.90849,8.05467,9.21096,10.28174,8.18223,9.31323,8.9339,9.34672,9.15659,8.38133,8.82917,8.12256,8.55941,9.09754,9.03641,9.10522,8.89198,8.88812,8.23843,8.03668,7.9191,9.53808,8.55629,7.49532,7.08978,8.27633,3.96428,7.50656,7.51545,8.09287,6.67509,5.6897,5.57122,6.97993,7.1544,5.40037,6.19483,6.16012,5.2775,6.79216,5.5112,6.4357,5.97165,4.61187,4.13425,7.11151,7.66636,4.80545,6.26702,7.07907,5.2327,6.62771,6.6596,5.87973,6.19549,7.20752,4.84757,7.4449,5.70718,6.58128,7.79814,5.1068,6.97251,6.53895,6.78113,7.59736,7.99742,7.84076,6.87656,4.34717,6.52241,6.48857,5.59944,8.10424,8.46507,7.7506,6.45246,8.20517,7.70279,7.71123,8.78881,8.70061,7.78148,9.08041,9.12892,8.55786,8.45135,8.82433,8.90586,8.35834,9.59356,9.67226,9.0978,9.7646,9.19228,9.6978,7.39424,10.07293,9.88038,9.59989,9.19842,9.33695,9.8361,9.9733,9.8151,9.8644,9.84283,9.60659,10.05946,9.64003,9.79828,10.12517,9.82656,9.42446,9.80636,9.74802,9.17753,9.82711,10.16356,9.99323,9.77279,9.4805,9.14885,9.48769,9.15136,9.63767,9.36381,8.98424,9.57798,8.84644,8.95846,9.2362,8.96358,8.95399,9.22107,8.96091,8.72415,8.53377,9.12384,8.49592,8.97665,9.44242,8.72558,9.53214,3.59809
aa,13.59939,13.464,13.50993,15.41242,19.78704,19.83436,16.56929,13.36435,12.56098,20.04349,21.88941,20.44826,14.2707,14.24135,18.20836,21.71948,22.18034,19.0556,15.54744,17.4026,21.84915,23.60267,22.32872,18.27034,15.32565,20.60207,23.74574,24.12751,21.4999,17.93348,16.96175,20.34652,22.08271,21.45993,18.83656,17.3244,21.31775,23.82224,24.35202,22.32322,19.46732,16.28512,20.39204,21.85524,21.48849,19.27571,15.25074,17.25601,19.66219,20.37183,19.06876,16.27948,14.19164,17.25342,18.4947,18.20474,16.42256,13.86286,16.14743,17.85093,18.5632,17.7178,16.27207,15.01031,17.26069,18.81006,18.75797,17.69348,13.20295,18.56599,20.14105,20.13725,18.92998,17.37292,15.45825,17.87418,18.43455,17.8191,16.89922,13.45647,15.98978,17.16725,17.35678,16.9109,15.35578,13.00911,16.4299,17.10842,17.2355,16.31926,13.77022,16.5939,17.81479,17.64895,16.19429,14.86758,13.71135,15.72423,15.33839,14.82589,13.68316,12.7684,13.42391,14.30794,14.67166,12.96518,12.07403,11.73404,12.66288,12.23178,12.08281,10.19189,11.30554,10.28762,7.15248,11.6969,10.23508,11.64596,10.46573,9.72486,11.03628,6.58895,10.40341,11.03878,10.21372,10.05352,10.27867,10.03288,10.00768,8.73768,8.27401,9.64731,9.2416,10.05063,8.15793,9.16855,9.35326,9.51371,8.30727,9.69109,9.39488,9.59349,9.67581,10.35518,10.69429,11.47644,10.74564,11.31428,11.5484,11.42858,12.73348,12.00043,11.791,10.04713,9.20397,12.31031,11.52465,13.81116,13.95039,12.9364,12.72536,12.31527,12.9112,14.16871,14.02435,13.94645,13.7822,14.51025,13.59122,15.03181,14.53843,14.44685,14.87933,15.82532,15.09153,15.91098,15.03864,14.35522,14.29707,10.75542,14.27284,12.96495,12.38099,12.77658,12.33469,11.85941,12.59281,10.92308,10.80998,11.13634,8.33721,12.20234,10.79645,10.61796,12.10321,12.58292,12.32465,13.65505,12.85022,12.53393,13.82576,11.81027,13.07668,12.79929,10.46389,11.61851,8.43791,10.37926,11.56696,9.69037,10.981,11.59926,9.95057,12.16776,12.18387,11.68635,12.28713,12.64821,9.94054,11.9021,11.10086,10.86577,11.7584,9.25442,10.88604,10.66767,10.76731,10.43852,11.11957,9.61567,10.25952,10.97764,8.87753,11.00688,7.998,8.14481,10.43655,9.2467,9.5432,9.18971,8.89518,8.88876,9.18802,7.61754,7.07242,9.4335,9.2781,6.32917,9.08518,9.03298,8.98454,9.19637,8.89983,8.99692,9.93831,7.42891
aa,11.31837,16.11485,16.93521,15.66934,17.61564,18.54265,15.91517,17.66163,18.33018,13.89584,18.87643,18.97395,16.52985,20.50681,20.30889,16.23092,21.67503,21.76722,18.70858,21.30854,20.60702,18.62859,20.35066,19.13958,18.27027,19.92069,18.13102,18.95772,19.79283,17.86087,18.91322,19.24139,17.69658,19.55874,19.51732,18.66703,20.40348,19.68934,19.84916,21.18182,19.81746,17.60067,19.91174,18.50872,16.26201,19.06665,17.57295,17.14061,18.70408,17.08326,16.90863,18.00627,16.4374,17.5421,17.96172,16.63402,18.42237,18.80882,17.33428,19.53663,18.9057,16.77031,18.39649,17.37128,12.51517,16.63803,15.86097,11.99396,15.66787,14.68065,13.22269,14.85245,13.63223,13.06825,14.43654,12.55509,12.54434,13.84058,11.44928,12.70892,13.41261,12.22316,13.17218,13.67913,12.27294,13.39711,13.19816,12.45661,14.46675,13.8454,12.02652,14.98079,14.45998,12.9001,15.53554,14.84683,14.34176,16.52547,15.77288,12.9998,15.72051,13.86531,13.37257,14.4394,12.50048,13.0347,12.60354,10.68184,12.67737,12.74068,10.58605,12.04931,12.63877,9.58142,12.83449,12.89168,9.42099,13.12598,12.608,8.76489,12.37752,11.11483,9.57168,10.10455,9.83683,9.50461,9.01068,9.16497,4.28074,7.84911,9.55052,8.44221,8.19519,10.28925,8.79142,9.9515,10.66148,9.84952,10.80735,10.36418,9.61358,10.00642,8.72527,9.38099,10.14957,9.50795,9.8623,7.90963,10.87683,10.5031,8.81115,12.04557,12.61244,11.40587,13.15713,13.1536,11.15332,12.73436,12.30227,11.44064,11.68482,9.91101,8.98394,9.21541,7.90286,9.13529,7.44081,6.71229,8.69485,6.15254,8.71655,8.58832,7.9823,8.9004,8.45845,10.2256,9.52896,9.20515,8.34826,8.10263,11.76821,12.30216,11.89657,12.61126,11.92634,9.72609,12.6507,11.21474,10.00783,11.38334,10.48927,8.70365,9.88195,7.2302,9.62397,7.70044,9.71414,8.72675,8.74942,7.74151,8.71864,10.28055,9.21081,10.315,9.90543,8.86937,10.3426,10.28164,9.43425,10.41951,10.64664,9.56664,8.88535,9.97531,6.96422,9.97058,9.41412,9.46971,11.22692,10.67105,6.52709,10.30941,8.89995,10.46207,10.91883,9.95497,10.21435,10.10934,7.83189,10.37008,11.3814,9.42376,10.26151,11.13749,7.93933,10.4965,10.90787,10.10891,10.52307,10.52597,9.368,10.89577,10.37015,9.30752,10.37906,10.33149,9.08955,9.55263,8.16214,9.77817,9.89184,7.28416,8.60083,9.1713,8.06737,8.35347
dcl,8.78873,4.0581,14.13041,14.47957,12.1647,14.71084,17.22262,16.19525,10.46802,12.841,13.65229,11.36327,7.88123,11.90132,12.00273,9.44079,9.65186,11.32496,9.62442,3.47392,8.68908,8.91913,5.72405,6.64172,7.46523,6.76839,6.00018,7.76021,8.1239,8.3828,7.69014,6.4416,7.67284,7.45103,6.7256,6.28555,6.20432,4.95417,5.95178,4.89155,5.72943,6.77833,7.7025,6.26746,5.02947,4.3613,5.90002,7.11676,6.55881,9.87434,9.53121,8.33248,8.14336,11.10792,10.6096,9.97241,10.42224,10.77136,8.24773,7.16269,9.43466,9.38286,7.77153,8.54502,9.83681,10.11185,9.21948,7.42758,10.3874,10.24297,9.98666,10.01542,10.02335,9.14949,9.27791,10.57809,7.8071,9.33172,9.33346,9.61084,8.48299,7.36164,7.96204,4.06385,7.02665,5.97472,6.0924,6.8975,6.29095,7.77162,6.70033,5.08918,6.03855,5.53396,6.15879,6.57573,3.29253,6.20654,5.11479,6.30463,7.13904,6.94688,3.51624,4.33077,6.56582,7.00454,6.53894,3.48407,6.4703,5.99164,5.77568,6.26692,3.33052,5.15391,4.22044,5.7027,5.28138,4.66611,4.1422,6.83047,6.3474,5.27265,6.03383,6.28706,6.81856,4.44569,6.35697,6.17791,5.77299,6.21963,4.87214,5.83152,6.85627,6.77153,5.96317,6.11562,6.22126,4.58021,3.85156,5.47687,5.69788,6.46173,2.3802,5.31626,5.39418,5.41964,5.94043,3.99645,5.76215,6.35421,5.68753,6.28615,6.33935,4.73669,5.09311,6.36691,6.50532,6.09136,5.52618,6.7321,6.34171,5.20521,4.99775,5.50537,4.68943,6.00889,6.393,5.40283,6.40684,6.46416,6.04782,5.91976,3.93668,6.71292,6.87304,5.05754,4.09858,1.7695,5.61523,5.70479,6.646,5.97704,5.07408,2.53972,5.50008,5.76018,5.6607,4.00934,3.8776,5.66007,5.79386,5.03606,-1.6702,5.62613,5.5403,5.36734,5.36466,5.63937,4.10286,4.79257,5.7426,5.11338,4.76503,5.54171,3.3266,4.65403,6.34082,6.14734,4.42535,4.76167,4.18803,4.06696,5.32762,6.67421,6.34551,6.45991,6.8811,7.22693,6.06928,3.32731,3.9981,5.62563,5.67424,6.3779,4.37106,5.61646,6.61145,6.91092,6.14676,5.87663,4.63394,6.44284,6.68137,5.61371,5.37168,6.96232,6.25142,6.42391,5.42704,5.76144,6.95673,7.04613,6.34621,5.5411,6.77365,4.69166,6.1003,5.171,3.80677,5.01721,6.34154,5.70099,4.34771,5.36777,4.64605,1.93554
aa,7.34707,14.66137,17.43616,16.18959,15.95638,18.82899,18.5809,15.39229,18.70647,18.94477,15.91228,19.71462,20.49259,18.22562,20.3571,22.17036,20.37047,21.78635,24.22122,23.37217,17.13482,21.07495,20.4753,17.87226,20.84746,20.86691,17.64053,19.64946,20.62028,17.97798,19.38119,21.32474,20.19225,18.25639,21.89976,22.44853,20.87679,20.19923,20.98109,18.9653,18.75202,18.86312,16.14764,17.08644,17.71814,15.25716,16.01622,17.55688,14.92011,15.52356,16.75347,15.83164,14.64231,17.05158,16.06584,14.61757,17.06,16.61927,14.36096,17.24035,17.93716,15.15718,18.40703,19.49877,17.00874,17.70243,18.80821,17.61205,15.25613,17.44303,16.15488,12.27341,16.32497,15.99805,13.67621,16.02146,16.78275,12.21278,15.7192,17.57539,16.26808,14.94097,16.75921,15.91219,12.65802,14.76937,13.96652,10.18162,13.59305,12.0189,11.61592,9.80715,12.68878,10.78069,11.70521,10.81179,10.76526,10.57311,11.0235,11.21286,10.70033,11.5341,11.56076,11.71737,13.01176,13.49732,11.67937,14.30777,14.60319,12.76416,13.31436,13.10953,12.08709,10.28893,12.98593,10.4346,7.95625,12.58382,9.39507,10.12032,7.587,11.36831,9.98518,10.69867,9.72066,10.63154,10.30873,9.70956,10.5874,8.59815,10.92122,9.76168,10.10949,9.85449,9.61437,10.32681,9.61851,10.55177,9.65063,10.55997,9.02922,9.8495,9.26858,10.73849,10.03834,10.70156,10.45718,10.48628,9.93881,8.56263,10.13138,9.9634,10.6057,8.58085,9.66779,10.1266,10.06801,9.6915,9.2938,10.1725,9.74689,9.99085,9.56727,9.22523,10.23737,10.12696,9.18326,9.75943,9.24273,10.40188,9.33948,9.35845,10.17157,9.25904,9.9335,8.2186,10.36848,9.15677,9.8145,9.8865,9.24868,10.24909,8.94291,9.93428,9.11227,9.66138,9.61044,9.74634,9.88143,9.16045,9.72157,8.72556,9.65304,9.67181,10.05577,8.37981,9.9811,9.39391,9.72863,9.0196,9.50178,9.34873,9.87058,9.96425,8.47786,9.83165,9.06578,10.10929,8.56204,9.41856,11.13739,8.1385,10.47084,10.12392,11.2856,9.78833,9.93854,11.08666,5.81403,10.82793,10.71756,11.16459,11.12587,10.1501,10.46869,9.20595,10.13838,9.23918,11.07381,10.21475,9.94066,9.86157,10.23288,9.7739,9.2519,10.4727,8.52326,9.78977,9.17171,9.38794,9.34053,9.06437,9.9037,8.65962,10.0066,8.34081,9.90015,8.71002,9.92968,9.64737,9.40847,9.80742,9.79233,10.03581,8.42438,10.45944
ao,8.72991,8.89152,15.61385,17.78666,16.65304,11.47661,15.97267,18.93602,18.32295,12.21961,15.28699,19.00367,18.77108,15.03457,15.12047,20.14797,20.60251,17.30949,15.64263,21.86505,22.87023,20.45467,15.60348,20.42644,21.9447,20.22119,14.76853,20.10646,22.0954,20.91529,16.6751,17.88367,21.47428,21.26534,17.06928,15.80569,18.65478,17.82811,12.96302,10.92822,15.07188,15.16995,12.16521,10.52368,14.07107,14.96844,9.62969,10.17209,13.00181,14.27295,12.19209,10.92306,12.86082,13.45794,11.97306,9.88773,8.7024,13.93293,12.52195,10.25561,10.85828,13.54396,12.4836,9.6636,10.80761,13.35998,13.57981,8.449,11.18487,14.06298,13.65005,10.76865,12.2421,15.51097,15.88776,12.65246,10.90683,13.24789,14.1283,12.1957,9.53163,11.36853,12.65217,11.63219,8.89886,9.3435,12.9954,11.14431,9.41474,10.64281,11.75013,11.77736,9.14126,7.76458,12.06396,12.14115,9.15734,7.74161,11.68681,11.3571,10.43428,8.72851,11.09,12.65606,8.94987,9.04904,12.27053,12.84405,11.10362,10.16146,12.39313,14.39552,12.9814,10.58964,11.43938,13.40665,12.28842,9.362,11.32169,13.96121,13.31044,11.11736,8.47941,12.38364,11.96432,8.00764,8.03176,12.04139,11.33112,8.60046,9.06594,9.65931,10.76842,8.12248,8.30217,9.57181,10.14224,8.49625,7.981,7.35356,7.69981,8.4083,6.75157,6.58791,9.08065,7.38747,8.32462,7.74642,3.98785,9.283,4.17512,7.16535,8.50992,6.26648,8.43046,6.542,7.81512,8.49508,8.15446,3.66584,8.85914,6.6755,7.96217,7.66689,6.92269,8.44751,6.2451,8.21456,7.94301,9.16968,8.24771,9.34879,5.67669,9.07947,10.05849,6.82192,8.02883,9.52586,9.581,8.4622,7.06639,5.43787,9.89566,6.41982,9.08577,9.18286,9.19301,8.27759,8.21101,8.99731,9.38724,9.02115,7.13414,3.70426,9.42212,7.27265,7.68963,6.84173,7.57147,8.97591,6.34076,8.35011,8.48412,6.2597,6.84675,8.19246,9.91217,9.29144,9.87162,7.83311,9.40628,11.21594,8.84231,9.10542,8.9384,9.56337,9.44844,4.87516,8.82187,10.52885,7.3829,7.15704,8.12336,9.81118,9.42317,6.41334,8.75543,9.42965,8.88945,6.0484,8.14121,9.32277,8.86097,8.73832,7.62455,7.82873,9.23284,5.93303,8.41987,8.52254,6.67805,8.39638,6.83581,8.77131,9.05338,8.28611,6.75945,8.62532,9.03545,8.81476,6.79593,8.78903,9.73536,10.10659,10.00843,7.65598
sh,10.0106,12.91394,13.65176,13.46066,14.96715,15.44874,14.02487,10.00423,14.03134,14.80914,14.78313,11.97614,15.03588,14.33109,13.13107,10.96569,11.23745,13.46517,13.56841,11.80528,13.69818,11.06359,13.56313,13.0462,12.82313,11.34169,12.5011,12.1593,11.8671,11.06479,13.41793,12.77408,12.25867,11.41482,11.48863,10.77205,11.96281,11.86839,11.86081,10.80767,11.28541,11.28251,11.85838,11.03745,12.00117,11.26119,11.26103,12.93686,11.76425,5.21049,11.99301,12.52096,12.28914,11.82865,13.68639,12.56637,10.81471,14.41684,15.99766,16.26595,16.62169,14.57774,14.04011,12.66309,13.28415,13.53754,12.32791,14.19034,13.94783,14.30951,13.15931,15.00026,16.46235,15.68632,15.33992,13.80888,15.21818,16.93542,16.20905,12.46426,17.33641,18.74016,17.09661,18.31738,19.20751,18.75128,18.24395,17.07413,17.08902,17.59236,18.38052,18.04447,17.61906,17.4085,17.01775,17.66635,18.4906,18.10156,19.57651,19.31651,19.37186,20.19511,20.2471,16.95176,18.78016,15.4428,18.2487,15.94299,19.40647,12.8471,19.91189,20.14526,19.9608,19.2681,19.52841,17.70439,17.18652,18.35733,17.8706,15.1333,17.90801,18.97291,18.38709,18.29727,18.45895,17.62302,17.86328,17.59116,12.98244,13.93359,17.12239,17.44927,18.33409,18.38284,15.32949,16.33375,16.88048,18.38101,16.42314,16.56197,17.86698,18.66194,18.20276,17.87003,17.5527,18.28924,17.57547,15.01921,12.87726,17.0655,18.04972,15.75934,14.22781,16.84265,16.46656,11.43928,16.03719,17.93109,17.10792,16.66791,18.51495,17.94285,17.99266,17.7366,15.02374,18.08962,16.86642,16.00175,16.01426,16.92375,15.56115,18.07309,17.77066,17.92686,18.24509,19.24606,19.50781,18.13297,16.64196,17.09507,17.00302,17.44037,17.74654,16.9408,17.52472,18.55793,18.60924,17.00147,18.85022,17.98952,17.59441,16.42091,18.17148,19.27041,19.43647,18.61948,17.66552,15.46042,19.18861,19.84241,19.56817,17.36566,18.4347,17.97055,14.54087,17.17734,16.94863,17.3655,17.83046,16.40941,14.7059,16.17569,15.7669,15.96137,15.5467,15.97625,17.23786,15.2641,14.74219,15.11795,16.34686,15.66876,15.07258,14.13591,14.69542,15.20745,14.88611,12.52557,16.0234,16.61178,16.53153,16.00023,13.62378,16.2122,14.25506,15.76932,16.38904,14.8911,15.5022,16.38626,16.26618,15.46581,14.65116,14.33656,14.91446,14.17166,13.8519,14.15033,15.70243,15.9711,14.47292,13.22086,14.05302,14.85011,15.45141,13.82051
sh,11.21236,10.3337,11.62585,11.71363,9.12874,8.07315,13.10865,12.95258,13.37015,12.62882,8.92788,11.79545,13.80311,14.14551,13.36452,13.46755,13.40466,13.65593,13.65822,13.10268,13.32645,11.31222,10.92371,13.47205,12.83377,10.84334,11.37384,12.8183,12.53071,13.10721,14.11349,14.11634,14.19048,13.49488,12.72797,12.5196,13.22908,13.40505,12.66838,11.22243,12.12434,13.14258,13.55801,12.70925,13.70078,13.23403,13.4606,13.2954,10.20616,10.38368,10.45798,12.98844,11.42591,11.01647,13.48199,13.25665,14.0115,13.20221,11.29211,12.06437,11.78741,14.61885,15.24103,14.44176,15.20046,16.89703,16.27816,16.86614,16.18189,16.02689,17.65852,16.37699,16.01797,13.60299,15.63665,16.642,15.45771,16.97325,16.48136,17.94904,18.01077,18.20317,19.27264,18.58867,16.4567,17.84752,17.2668,18.6162,18.58504,17.92576,16.99155,17.05405,16.90724,17.55819,16.50838,15.88582,14.27822,16.10772,17.18171,17.74383,17.58275,17.73311,16.20172,13.99686,16.30731,16.2838,16.80004,17.91172,18.78999,18.45023,18.45926,19.32701,19.68682,19.92293,18.88366,19.03737,17.03781,19.41426,19.82231,16.96562,17.00997,18.39013,18.96566,18.23866,16.64153,17.73487,19.52303,18.4103,17.16947,16.4838,16.92053,17.78576,19.20329,17.93438,17.56613,17.37298,17.56222,17.98604,16.15331,16.34362,16.64201,16.98582,14.3015,13.65902,13.94061,15.92796,16.11494,16.85757,17.38745,15.85399,17.7922,17.38498,15.05803,15.69612,17.16756,17.5786,11.94612,17.43272,14.93812,17.71536,15.79365,16.8885,18.27689,18.6525,17.40704,15.15589,16.49856,17.30873,16.78412,16.48334,13.59637,16.48942,15.9515,16.65884,15.29157,16.23181,16.7696,15.97802,15.89483,17.31332,16.94247,15.17967,14.21146,12.88692,14.0472,16.16426,16.25294,16.72217,15.52147,17.22233,14.15521,14.02419,14.13457,15.78915,16.29321,15.27949,15.9443,14.92478,16.65806,16.8795,17.28832,17.51479,18.42803,18.71922,17.29452,16.66743,16.84508,16.57698,16.38918,17.08524,16.12748,15.56511,15.04646,14.90442,15.5234,15.36275,14.60874,15.50454,15.89067,16.05187,15.81418,15.66361,15.71564,15.72643,14.63688,14.49987,15.02984,14.39123,14.34783,15.86954,15.83802,14.36057,14.49348,15.35947,12.56504,14.57251,15.2036,15.08887,14.45671,15.56701,16.16039,15.31954,15.01557,14.76228,15.61152,15.25713,12.82267,13.81735,12.19804,14.88507,15.65909,14.89502,14.1066,13.21746,13.47364,13.17819
dcl,8.41919,10.18707,14.2607,14.51737,12.66268,14.45634,16.52349,15.57512,12.42474,13.84041,14.22896,12.2998,8.66892,12.26406,12.00324,10.77592,10.63803,11.12104,10.0766,8.1735,8.41012,8.99054,7.24055,6.40886,5.85948,2.87456,7.73241,7.75972,5.74619,5.75583,4.2723,7.82718,8.11558,8.23352,6.86944,6.91927,5.22823,6.84415,6.23725,8.10249,1.36523,4.61869,6.73085,5.42265,6.6592,7.45798,6.97358,7.66146,6.6064,5.61144,4.9547,8.84373,5.57875,4.82738,7.21085,7.67246,8.70084,8.8904,8.70382,8.44991,8.21928,8.13912,5.92779,5.91471,5.96107,5.22197,4.03431,5.74498,5.56429,5.9603,3.27916,5.14512,7.32776,7.23407,7.87016,8.78352,8.66613,7.9501,8.82684,9.40184,7.18066,6.03892,5.63182,4.79261,6.38846,4.91491,6.2575,6.51402,7.61208,5.57224,6.12056,6.4932,3.85134,4.90211,5.7185,3.73159,5.30622,5.73747,6.54215,4.48994,4.39956,6.16066,6.84906,4.00646,3.37438,5.58262,7.36421,5.0692,6.32725,4.94019,4.6763,4.26916,5.03268,6.63496,5.67945,6.25376,6.62737,5.76526,4.70626,4.90847,6.54319,5.89996,6.51689,5.32805,4.49707,5.41853,6.47443,5.39044,4.78325,5.04093,5.06241,6.21384,5.96376,3.86022,5.18066,5.0874,3.77255,4.64896,4.60363,6.06573,4.04877,4.80837,5.98016,5.98821,6.1669,7.10172,6.53693,6.34922,5.43657,4.36495,4.99199,4.7182,5.00857,5.74921,5.82262,5.87738,7.0562,5.70248,5.75071,6.36191,4.89869,5.19265,6.53024,6.42688,6.23823,4.88615,4.62501,5.07348,6.08714,5.35524,5.39517,5.39065,3.85028,4.56747,6.49096,5.96605,5.81675,6.68479,5.4274,4.0545,5.68197,6.04338,6.10826,5.75418,4.4036,3.24205,5.1031,5.30975,5.47647,5.30056,7.34021,7.36807,6.04878,4.74777,5.02351,4.56409,3.84409,-2.43517,4.52831,3.34345,5.72966,5.57627,6.16496,5.87624,5.38014,6.38406,6.53608,5.37551,3.14249,5.02856,5.36104,5.38996,6.00395,4.99128,5.61118,3.65316,4.93331,2.9639,5.99125,5.17892,4.54097,6.07561,5.28728,3.01353,5.30573,5.34349,4.77396,4.92525,5.54651,4.77005,5.26788,3.06019,3.65015,6.0345,6.95437,7.1275,6.38733,7.24522,6.54972,3.14613,2.19703,3.90615,5.94765,7.00724,6.21943,4.77656,5.04598,4.12333,6.26181,3.86057,6.11668,6.34881,4.49316,5.72484,6.32766,3.05207
ao,9.82795,15.25728,17.88181,16.9177,14.6527,18.34091,18.09024,13.72294,16.50094,17.01689,13.82886,16.71748,17.92243,15.68512,16.91121,18.65857,16.65018,13.96129,18.36145,17.82986,15.40128,17.20538,16.73259,14.10301,17.33179,17.92426,15.65039,16.70802,18.2514,16.66438,14.42383,16.74245,16.0124,13.94467,15.80536,15.39495,12.77545,13.16818,14.86679,14.27024,13.57096,12.52084,13.60813,14.08758,14.54298,14.33628,13.7716,12.59697,13.39794,13.18958,13.04898,12.23761,13.52722,13.73348,14.40412,13.17321,13.56594,14.0105,13.30682,15.08794,15.35655,15.08875,15.22309,14.15958,13.70255,11.97506,11.22809,9.19218,7.751,8.65519,10.42098,10.7393,11.39719,7.12549,9.82348,10.37709,7.55833,9.07574,9.65122,7.80365,9.18575,10.4437,9.96155,8.76545,9.5135,9.2072,9.47549,8.60746,8.12793,8.21181,8.80411,10.24098,10.43303,10.41797,10.58247,10.66505,9.80067,9.35815,8.46523,8.44411,9.76852,10.40593,8.82617,8.74882,7.55766,10.48268,11.39479,11.71218,10.39131,10.24084,11.6741,11.03386,5.95211,7.82678,9.8977,10.95907,10.26423,9.61925,8.72704,9.334,9.2735,6.95145,9.39654,9.2953,8.10365,7.77256,6.63389,7.3075,8.48695,9.0023,9.78924,9.4459,9.41424,9.43557,10.44315,10.62296,10.09486,10.39676,10.08365,10.07161,7.83728,7.46673,8.59687,6.96311,9.7557,9.58753,9.44472,9.04524,8.95688,10.31214,10.28737,10.30929,9.55714,9.3243,10.29432,9.23589,7.58754,9.18621,9.47682,5.17625,7.83428,8.89887,8.32288,8.61561,7.58941,6.99404,8.15727,9.70243,9.82166,7.04381,8.85866,9.56491,9.19444,10.1744,9.0024,5.81172,8.84663,8.90543,8.25996,8.63217,9.29386,8.22534,8.17309,9.6886,9.26783,9.36859,10.26679,8.9082,8.17371,9.46936,9.62873,9.37018,10.14805,8.78857,7.45874,9.53635,10.71175,10.78068,11.15064,10.70494,10.18504,11.70153,10.74156,8.01959,9.84768,8.29954,8.70077,8.47327,6.8014,7.9844,6.64136,7.73902,8.11366,7.85646,7.80601,9.26922,9.20189,8.83824,7.77912,5.32396,7.0648,7.78002,7.72267,8.42903,9.32382,7.14923,9.71969,6.49974,10.72323,10.70014,10.64785,10.93356,10.59047,11.46774,12.95401,12.67081,10.84685,8.31791,9.72072,9.7258,10.42713,9.65236,6.13482,8.97412,9.12207,8.24719,6.16543,6.60796,7.62061,4.49683,4.55822,4.56404,6.99831,7.44433,6.23731,4.16445
iy,11.58568,10.80234,11.37209,19.35798,20.77214,18.8483,10.75713,14.85553,21.92833,23.16763,20.90965,13.66901,12.15279,16.36884,17.32006,14.40789,12.67752,12.34458,16.74935,17.60222,14.31741,10.67993,12.65549,15.59034,16.01649,12.52614,11.74788,12.27294,15.86723,16.43179,12.34793,9.63734,12.61681,15.03854,15.38078,7.63887,10.68346,12.38007,14.786,15.04392,3.04147,10.08062,13.34436,15.33172,14.97097,10.38382,10.34546,13.43919,16.18816,15.61362,11.57151,10.48914,15.06442,17.74052,17.00934,12.89001,12.27901,17.20328,19.74877,18.98931,13.31021,12.28813,16.41976,18.3547,17.1047,13.09129,11.99926,15.2891,16.98914,15.69172,13.33245,11.79857,16.00033,17.23783,15.58249,13.5592,9.45936,15.51053,17.07347,15.59794,13.3888,13.47467,17.24767,18.37273,16.60116,13.81986,15.42983,19.04756,20.17943,18.20193,15.36423,16.18411,18.82483,19.33134,16.35753,14.17943,15.47602,18.67728,19.23349,16.04306,13.35576,16.83266,19.76925,20.03575,16.01298,13.63198,17.10206,19.72259,19.5705,16.24106,10.54248,12.74588,14.40548,13.64594,12.05017,8.3671,12.70762,14.52563,14.17181,12.7131,10.05747,9.94809,12.90972,12.37323,11.87908,10.11897,12.44138,11.8916,12.51268,11.40328,10.32998,12.38854,11.63733,11.63734,10.54868,6.40336,12.38771,12.66849,10.52378,11.64216,11.09528,13.71345,14.71078,11.43353,12.54634,12.66007,16.10696,17.2218,14.74965,13.22578,10.9153,14.31134,15.22371,11.75385,13.09275,12.65165,13.3152,14.69343,9.19531,11.8127,13.51335,15.12046,15.62419,14.69638,14.77458,12.39458,14.84998,15.52425,11.33592,11.12369,12.3084,12.48469,13.10021,11.79281,10.82483,11.13296,11.81561,12.57578,9.79342,9.48964,12.45365,12.62039,12.56737,10.55076,10.87974,11.96074,13.56778,13.30048,8.77612,9.92006,8.16091,9.79375,9.40991,8.57873,7.9623,10.5556,10.24201,9.49853,8.03171,9.21842,10.39433,9.5119,9.52647,7.87654,8.34052,11.34306,11.65354,10.74674,10.38368,12.29112,13.50273,13.62399,12.37472,12.38783,12.39453,14.06607,14.04867,12.48705,13.07249,12.99821,14.16891,14.57482,14.00447,13.21999,10.41154,13.64208,13.97508,10.12049,11.58722,12.55288,13.64028,14.1266,12.23587,12.53837,11.46229,12.27678,12.87316,11.22623,9.38158,9.93895,12.2486,13.05954,10.92261,11.78817,8.53068,11.84764,12.6818,10.63201,9.45262,10.76441,10.12306,11.9859,10.14832,11.13835,11.93796,11.92382
ao,11.87744,15.70798,16.2987,14.79564,17.77347,16.90691,16.7184,17.96872,16.39625,17.95262,18.02346,17.01666,18.53204,17.54259,18.65039,20.05122,18.77343,21.20544,21.64453,19.93599,20.73221,19.91917,18.95001,19.52428,19.05568,20.51841,19.78063,19.25773,21.13441,21.05187,20.28646,19.66931,18.47341,14.45788,16.55502,16.1467,16.18647,13.38427,15.31503,14.61128,10.09671,13.64518,12.46606,11.95251,12.27191,11.76224,13.09897,11.90951,10.929,12.74945,11.11823,10.03202,11.37268,10.21181,10.89952,10.77307,11.34293,11.62078,10.45839,11.67417,10.17289,8.99152,9.79877,10.69121,11.11234,11.04872,10.15978,11.93027,10.86343,11.14359,12.23589,10.43027,11.30294,12.80027,13.03243,14.35043,13.92371,13.50386,13.45616,9.74062,11.58593,11.74153,9.66482,9.6482,10.11891,10.31674,10.24256,10.11641,10.44742,8.90937,9.39391,9.45529,7.63561,6.74728,8.6877,8.4932,8.53556,6.12431,9.14061,9.69053,8.277,7.75382,9.0519,7.53423,9.64562,9.44003,9.3521,10.16109,9.85794,9.32815,9.53721,8.87315,10.02995,9.77382,9.88739,10.40407,7.88029,7.3187,7.29691,7.38459,8.83702,6.0789,4.21846,3.78137,6.37133,6.14289,7.3516,6.45639,7.21149,9.20606,8.89683,8.61126,10.35108,8.66326,10.26841,10.25511,9.99661,10.0217,9.69314,10.68254,9.0224,9.37459,10.62459,9.82156,7.56604,10.28168,10.95846,9.96329,6.71165,10.94753,10.60388,8.11157,10.1683,10.29562,9.95622,5.18189,9.953,9.62347,9.01372,10.05004,10.10625,11.41254,12.00879,10.53774,11.92133,13.24277,11.37725,11.20961,12.62027,10.43983,10.73629,11.30118,8.57374,9.864,9.4045,9.1011,8.49934,8.83307,9.52418,7.25639,8.32952,8.35317,7.477,8.06729,5.35861,7.02992,8.4526,7.12625,6.62206,8.21244,6.88145,4.58612,4.22004,5.96421,6.18,4.4039,7.69527,8.22643,5.1142,7.20777,6.99048,6.0788,6.65573,5.8374,6.20915,7.04279,6.23354,5.38395,7.40673,6.92408,5.10464,5.40043,5.78536,6.31561,6.81693,6.63326,6.55114,5.13558,6.77233,5.87113,4.8906,4.24268,6.62514,6.76326,7.37994,7.73357,5.70362,6.16354,5.94091,7.81521,7.66551,6.49312,6.79133,8.495,5.5871,5.87646,6.92484,6.05875,8.21135,8.81027,8.67397,9.854,10.13978,10.44271,10.78204,10.34531,10.59966,10.56813,10.17676,9.80449,10.65071,10.41628,10.13386,10.81758,10.20739,9.83585
iy,12.37922,12.13229,12.14689,16.98651,20.56935,20.31079,16.18665,12.82946,14.40139,21.0813,22.4441,20.36041,15.95371,14.75426,15.3213,18.69914,18.0918,14.46983,12.56979,13.80259,17.00646,17.50615,15.10648,11.38293,13.0494,14.82836,16.80761,15.65786,10.86498,11.61971,12.91563,15.79922,15.97261,11.333,10.59438,11.09998,13.62549,15.44369,12.9139,11.3802,10.90356,12.90059,14.94566,14.7472,12.53028,10.11404,11.56103,15.34403,16.41501,13.98818,12.12912,10.90998,12.25747,15.61996,14.90487,13.26332,10.86911,12.86442,17.24168,17.55913,14.51064,12.22275,13.23235,17.58972,19.38388,17.60247,11.78263,15.18492,15.66958,19.09625,19.55429,16.61122,13.56263,14.3763,17.2271,18.22416,15.42728,11.75194,13.71227,14.88254,16.93929,16.9207,14.92706,15.09169,15.88031,18.45613,19.68129,17.87479,15.73689,15.34134,16.74444,19.5246,18.82662,15.73512,15.92522,14.67345,18.31552,18.9174,16.50987,11.70262,12.67714,16.95645,18.62642,17.21005,12.43808,12.3993,14.20118,18.08828,17.92846,15.16693,14.45915,15.20358,18.03586,19.50704,18.22456,14.75644,14.6549,16.54809,20.1766,20.13191,17.21301,13.91312,14.04649,17.65299,18.38715,16.28663,12.41829,12.69938,15.86392,17.50516,16.76468,12.23951,12.05778,13.65517,14.83282,16.22915,14.95013,13.58351,12.82838,12.44905,13.11937,12.25841,12.19715,12.14323,10.92388,11.3734,11.42787,9.44847,7.3747,9.44648,8.18136,9.17538,9.45408,10.64239,11.17643,10.9081,11.2823,10.12849,10.69779,11.34873,9.87882,10.35759,9.28621,9.73286,11.33678,11.10668,9.2681,10.47841,9.67077,10.96212,10.98407,7.44711,9.67051,8.65963,9.40188,10.00963,9.55126,10.91184,10.75118,10.26916,9.65249,9.19003,11.48002,12.21615,12.63385,12.64304,11.89868,10.26749,10.87452,12.2756,9.67283,8.18232,9.45662,6.63513,10.05053,7.21031,10.88867,10.60283,9.66403,10.9775,11.72956,10.7693,9.54455,9.16336,9.53298,7.58264,7.14851,8.77461,10.0172,10.276,11.11046,11.10991,10.54851,7.6062,8.74252,9.83512,11.47131,10.84544,10.33133,11.26114,6.4005,10.88832,10.62729,10.53605,9.44671,7.58345,9.89202,10.85659,10.4765,5.54808,7.64884,9.67129,7.71935,8.79474,8.1256,6.79852,7.82842,8.36578,9.13012,7.02656,7.00717,6.75332,7.47927,10.58326,10.34905,8.98467,8.81057,9.84709,10.42927,7.23696,10.67183,10.6656,10.00824,10.75463,11.72352,11.81851
aa,11.91349,9.85172,12.06827,17.66327,19.89794,18.83741,12.44717,13.63638,18.38949,21.39758,20.84915,15.97285,13.23848,18.5197,22.8073,22.94322,19.41226,16.20585,17.49767,23.05665,24.09776,21.93255,16.43882,14.04048,19.48806,19.83708,16.53405,14.12228,13.95378,18.79978,20.32299,18.91608,14.73142,13.92237,17.05617,19.96918,19.48557,16.51258,12.98704,18.98805,21.52906,21.02147,18.07042,15.80154,20.5067,22.28943,21.525,18.50267,17.30559,18.42939,19.37069,19.94356,17.65481,15.22568,15.68864,17.79872,18.61228,17.16411,14.73208,15.56999,17.18395,18.72613,17.70423,14.8737,11.72815,16.4845,18.23861,17.75187,15.80185,15.14869,18.40809,19.68695,18.64482,15.47781,16.94801,18.06963,18.36003,17.50899,14.91103,14.78481,15.83788,17.32415,17.25153,15.61343,12.391,12.71732,14.99001,16.09386,14.74277,13.26255,13.98832,15.55853,16.1086,15.22034,12.96053,12.06162,13.92413,15.74589,15.23578,12.56421,14.58035,16.02865,16.9268,16.7067,15.26441,14.9833,15.72235,16.61403,16.09111,14.64385,13.71587,14.01817,14.99983,14.99351,14.33888,12.87886,4.60511,13.10269,14.26052,13.76729,11.99259,11.40577,14.24657,15.13595,14.77177,13.00829,13.21388,13.12587,13.6267,13.30295,11.4434,12.19312,11.25999,12.64295,12.62176,11.0008,9.47514,9.87693,9.1178,10.52694,10.42413,9.8166,8.02638,10.28068,11.29432,10.49305,9.74115,9.50126,8.58064,7.05151,8.65901,8.14544,6.89145,7.89272,7.20032,7.37445,6.64873,8.17055,8.02669,9.13697,9.4801,9.09472,7.54065,8.01979,5.33686,8.29193,8.21248,6.759,8.62275,9.57537,10.2011,10.28595,8.38356,8.80934,10.16098,10.30232,9.44046,7.82825,9.05918,11.44372,12.03851,11.68611,11.43098,9.67292,12.35907,13.5104,12.88144,10.78788,8.99756,12.79618,13.34857,13.16439,12.3003,10.61156,11.75641,13.04631,12.95832,11.95852,12.43711,10.40205,12.71576,13.61725,12.34309,11.96497,10.99097,12.05469,12.02596,9.98866,11.06795,9.58149,7.56236,10.01239,9.82495,7.98437,8.72096,9.07672,7.28921,7.57861,6.44333,5.88958,7.95517,9.22588,8.6972,6.74055,7.71123,6.72258,7.8319,8.66029,8.21378,9.10163,9.51869,9.46373,10.01681,10.33321,11.19934,9.57599,9.64789,9.04178,6.69589,9.45604,6.13597,6.83862,6.46215,6.12097,8.03593,7.17861,6.38631,5.99084,6.16931,5.98702,6.82683,6.53783,4.50392,5.78211,7.09213,7.78451
sh,11.61739,12.87238,13.00708,10.9623,10.73968,11.56286,13.74899,14.12496,13.89499,12.17787,13.15538,9.92457,12.69177,13.20254,12.99716,14.323,14.88765,13.06197,15.20388,15.39981,13.83061,14.77603,13.28782,16.01406,15.25975,12.99425,11.50806,14.18189,14.19421,12.85938,13.23533,14.83013,14.50173,12.24061,15.12857,14.60436,11.8925,12.8104,14.89678,15.10233,14.21546,13.77947,16.45894,16.95686,17.21842,15.22151,16.28532,16.55281,15.97819,17.3066,17.47807,15.04635,17.49208,18.79148,18.56761,17.08787,16.70359,16.11858,13.05818,16.7165,16.37332,16.77157,14.44893,16.02562,16.24083,16.39951,16.94734,16.2679,14.8775,16.69657,16.70695,17.52396,15.63389,16.20752,16.62363,16.19692,16.44306,15.50939,14.94983,15.73912,14.34688,13.38665,11.76959,11.7858,14.54424,15.45641,15.20268,14.34477,14.14385,14.64263,14.04906,13.97837,15.07966,12.9169,16.11869,15.99653,13.68119,16.01447,13.45243,16.23777,17.04562,16.91427,15.5745,17.51313,17.31138,16.40493,14.76761,15.05287,16.57636,16.22839,16.12198,14.35429,14.76138,15.57477,16.87644,15.93935,12.25614,13.86489,15.51007,13.92774,14.92014,15.52258,14.55661,15.3546,14.15696,12.73111,15.44389,16.05082,15.70415,14.86712,16.05397,15.27047,14.23337,15.25473,15.88191,15.45656,13.9914,12.55129,13.98534,15.61001,15.81574,16.09631,16.02579,16.02714,15.67574,15.43287,15.45857,13.00341,14.87662,15.06503,15.36906,15.84083,14.33751,15.69372,15.89948,13.87195,9.66296,12.06874,14.53611,15.53643,15.71289,15.58132,15.21798,13.51139,14.16696,13.77069,13.95992,12.55106,15.13652,15.21793,13.88952,12.89555,12.08597,12.68902,12.6522,11.70233,12.8733,12.33146,14.09534,14.24097,13.46164,14.93034,14.14094,13.37008,15.0381,15.66938,14.73893,13.61921,14.22155,14.15292,13.43816,13.50954,13.64654,7.37991,13.63702,12.50151,15.27207,14.15824,15.34131,14.39567,12.11398,14.82805,15.16683,14.84879,15.42479,14.33458,13.99608,13.27235,14.48865,14.17719,14.37312,12.78821,9.01789,13.58401,11.89522,14.24212,15.30499,15.22005,14.7406,12.36769,14.28527,14.32159,14.6361,11.09831,12.19835,13.26928,13.7173,13.93063,12.01731,12.66555,10.58874,14.18469,14.63544,14.19509,13.73823,13.88346,12.55313,15.40025,15.50244,14.58568,14.75071,14.57111,15.22271,13.60371,12.49124,14.03016,14.67258,13.23086,11.89393,11.72364,14.47573,13.53406,10.95358,14.52046,14.60314,14.66907
sh,10.0598,9.36808,9.65221,10.38627,9.94585,8.13781,10.18215,9.88953,7.38191,9.01199,10.23979,11.3857,8.29832,10.96151,8.5762,9.98215,10.99828,13.09308,13.07247,12.53769,12.90373,12.77725,12.4223,10.80039,11.97507,10.77315,10.05261,10.43214,11.95701,12.9161,11.07037,9.54882,10.1992,11.27123,10.63088,11.12576,11.06355,9.57158,9.31583,10.57759,9.85425,8.82452,11.27421,10.66624,5.8489,10.31319,9.413,11.4609,10.02894,9.40721,10.85291,11.20068,11.50976,12.11752,9.40452,11.79431,11.11326,10.94493,11.06519,10.72599,11.2372,10.18415,8.18139,10.85549,12.20569,12.13582,9.40798,10.03016,10.43668,12.11424,12.71591,12.87579,13.82009,12.89907,12.64262,12.32535,13.05806,13.69955,12.38267,15.76147,13.87464,15.72821,16.84942,16.28294,16.7618,15.18925,14.92504,15.04008,14.86437,12.81597,12.8845,11.93475,13.11633,13.36696,15.48865,14.47003,14.14986,13.13868,16.02008,16.85083,16.96467,15.56146,17.42168,16.84722,17.2288,16.13776,15.89191,16.06477,16.25365,15.51317,15.11063,15.93772,16.2423,17.16684,16.26589,17.14637,16.96306,17.48615,16.46973,15.57715,16.04562,15.64462,16.1259,15.82978,16.5016,17.418,17.23057,11.93031,16.30458,16.46704,15.37074,16.04467,15.34641,16.05093,16.57657,15.46995,14.2385,14.79685,12.16069,15.01102,14.75472,15.23752,13.96226,13.19081,15.05918,16.3014,14.43904,13.72044,14.37968,15.44667,15.91478,14.22126,13.6024,15.19944,14.72646,14.38744,14.14719,12.86966,14.63347,13.93778,14.34857,15.0498,13.87862,10.49743,13.345,13.7365,12.53221,14.16033,14.60357,13.86249,12.64098,11.65624,13.73561,13.73415,10.8716,12.63042,12.65582,13.15447,11.68834,9.53159,11.22617,10.09372,8.42496,11.74054,11.94265,12.37324,11.47623,11.87107,13.22909,11.08669,11.33197,10.72225,11.63876,12.4099,12.49838,12.37378,12.82338,13.61176,10.73674,11.04896,10.7612,10.0153,11.30132,12.72526,12.02607,12.62088,8.70523,11.24744,9.16838,10.37235,11.27508,13.07111,13.32163,12.79153,12.80218,12.78768,9.12782,12.53804,12.75703,10.99761,10.06104,11.62011,12.68458,12.34648,13.40896,13.22528,11.45725,11.45699,12.02115,12.27351,11.43184,12.42972,13.08993,13.44198,12.86609,13.30446,13.93906,13.74164,13.43482,11.84157,12.73054,11.66805,11.49494,12.13464,11.43017,11.25456,10.95528,11.39226,13.43101,13.70042,12.02818,11.66846,12.77561,11.28672,13.02033,9.00571
ao,12.8533,11.14672,16.82563,16.68893,14.43007,15.45041,18.53639,17.3288,13.89745,17.90798,19.08739,16.26054,16.71592,20.21681,20.02869,15.49082,21.308,23.11367,21.36958,18.29014,22.56179,22.90487,19.6112,17.32139,20.53079,19.61444,16.60074,20.13565,21.20465,18.72934,18.70828,21.7676,21.24309,16.90629,18.49017,19.74055,17.58567,10.12231,17.407,17.7905,14.62163,13.6833,16.25206,14.92259,11.46445,14.11158,15.79852,13.17046,12.42184,14.35722,14.19536,9.80049,10.90827,14.20985,12.50981,11.68096,12.60019,13.66799,7.5449,7.80876,13.1515,12.1954,10.39746,8.3197,11.67268,9.29389,8.20647,10.15021,11.01798,9.34905,8.3785,10.87285,7.87844,10.44252,11.0711,12.5442,9.52347,9.42116,13.33875,13.18875,12.43417,14.10266,15.83597,14.84354,12.33144,13.42761,14.47632,12.93827,12.28073,14.26201,13.24831,5.24481,12.80952,14.3079,12.87241,12.12446,14.63439,14.3445,10.38928,14.36404,15.86797,14.62116,11.28928,15.59116,15.63367,12.74817,13.37429,14.94573,13.88046,9.90581,10.35467,11.18764,10.75489,10.37676,11.78448,11.72233,7.21089,8.55349,5.54067,8.98612,8.24222,8.96543,9.75224,7.87189,5.82396,5.70236,7.3052,7.68493,5.90442,7.15031,6.95499,7.50272,4.88575,6.50073,6.79566,6.19455,7.91188,6.67898,7.40149,7.73944,6.04607,7.19246,6.38849,7.36992,7.06363,7.6693,5.82112,6.85662,8.45828,6.18622,9.40438,6.98642,6.86544,6.0879,7.33051,8.66369,6.87023,9.38867,7.50652,5.84468,8.27574,9.0546,9.57474,6.91547,9.78349,10.02693,8.7447,9.66817,9.71718,9.91565,6.9011,9.5389,10.17564,9.43026,8.47206,9.61129,9.361,7.8007,8.95631,9.98363,9.87227,5.666,9.99231,10.36099,9.00409,2.34199,8.63556,8.74711,6.22866,8.47877,8.68038,8.13998,4.37604,8.87864,6.44227,6.11256,8.24674,7.79448,7.98732,5.97605,8.22757,2.65002,5.15222,3.22957,8.06613,6.98213,5.54028,7.19575,5.58853,6.57498,6.34468,7.99313,8.50841,8.42197,5.98565,7.80488,7.85075,7.01099,7.42946,6.39487,5.51363,6.17182,7.51951,6.04983,7.53002,7.75058,7.40787,6.20892,7.02232,8.48082,6.43131,7.07453,8.54692,7.61563,8.36358,4.19275,4.78978,7.41548,3.56349,6.8966,6.41494,8.70931,5.98984,6.46962,8.09623,5.22693,6.29123,5.93055,7.91111,5.90759,4.06014,7.949,7.45024,7.71286,6.24882,5.82108
ao,13.16646,12.40657,17.28935,16.52037,15.36306,18.1383,19.10485,17.37374,17.2919,19.00526,18.61378,17.62403,19.85749,20.33352,19.19989,20.12005,21.4951,21.33657,19.75386,22.00657,22.5201,20.79325,21.13797,22.16421,21.64858,19.95802,21.59515,22.02127,19.69002,20.56961,20.81799,19.50057,16.26066,17.52829,17.28313,14.38428,15.88655,16.4898,16.00718,13.97599,16.26688,16.03006,14.174,15.2137,15.53364,14.94899,13.51893,14.99972,14.47644,13.05391,13.87535,13.88947,13.58367,11.95966,13.61683,12.67695,11.87809,12.58435,12.24782,11.96668,11.00132,12.78594,11.70946,11.72253,10.62951,11.40198,11.37322,11.52575,11.83362,11.42921,11.71114,10.87407,11.88381,10.52614,11.7286,11.68832,11.70522,11.77793,11.84942,11.92309,11.14445,12.16227,10.31215,12.00491,12.3344,12.66659,12.25715,12.51003,12.81333,10.48548,13.41124,13.99847,13.821,14.37494,15.54021,15.14837,12.65922,14.59116,14.68186,13.41938,13.52703,13.57291,13.23556,11.56008,13.21566,12.68204,11.68923,12.75561,12.66134,12.68333,10.53687,13.15556,12.83821,9.9494,12.58815,13.31674,12.58686,10.86616,13.26176,12.59133,10.69434,12.80415,12.98046,10.5347,10.66749,11.59456,11.0087,10.77036,11.17419,11.48377,9.45987,7.42561,9.2854,9.54236,7.70745,10.51081,10.79791,10.04137,10.89814,11.80213,11.48033,11.11207,11.47254,11.08375,12.25396,12.34715,12.32037,11.46584,12.22374,12.34065,10.69153,12.92401,13.02985,12.35999,11.56523,11.3915,11.59033,9.18236,7.62528,9.43851,8.45004,7.00465,8.95416,6.82291,8.26522,9.11845,6.5814,6.17367,6.57668,9.02191,7.8155,5.37835,9.47964,8.54081,8.63582,8.09248,9.18962,6.17285,8.85371,8.67346,9.71454,8.80307,9.13179,10.37639,9.32822,9.56273,9.39313,10.43925,10.09917,10.43044,11.17455,11.64593,10.67405,10.6388,10.78714,10.88189,11.5782,10.70441,11.3721,11.29719,10.64897,8.61789,7.69483,8.18388,9.45314,11.80395,11.93996,10.51107,9.47333,10.82924,9.87059,11.8538,12.68017,11.69011,8.07409,10.64962,10.24558,9.21174,9.30047,9.83394,9.27613,9.12301,10.8651,10.56276,10.50882,8.79617,9.61828,7.84816,6.47131,10.18607,9.52874,9.04601,7.23597,7.91971,6.92261,4.44819,7.98075,7.42875,6.91948,4.23291,8.55029,6.98224,7.76893,7.84696,8.40314,6.63414,5.57801,8.98045,9.05183,9.32545,8.44691,7.99794,9.74275,9.09756,6.61405,6.68429
aa,12.55911,12.62586,16.59826,16.70941,12.85408,16.51901,18.36512,17.16222,12.64617,18.04136,18.45527,15.36402,17.44685,20.09067,19.05245,16.05379,20.61935,21.65481,19.35167,19.06493,21.81102,21.32203,17.89621,18.76433,19.98241,18.00975,15.26451,19.5073,19.06618,15.97586,17.48168,19.34112,17.61485,12.9986,19.04934,19.80926,18.45107,14.1387,19.31026,18.90949,16.20348,18.08428,18.48701,15.58756,15.39187,17.22029,15.89157,12.42375,15.86082,16.26229,13.56712,13.52444,15.51104,14.35463,11.79997,14.52169,15.19456,12.74577,13.27213,15.13759,14.1376,11.62683,15.03133,16.1971,14.68296,14.32771,17.03654,16.7628,13.20265,13.4517,15.43171,13.77614,12.46139,13.975,13.64514,9.52809,11.23256,13.28344,11.3746,9.3381,12.06846,12.22314,9.19211,10.58901,12.30014,11.15725,9.65491,12.02286,11.76385,8.08654,10.53321,12.43639,9.08992,7.21971,10.64125,10.45466,10.74679,4.85779,10.82767,10.75599,10.67857,5.58231,9.29732,10.34122,10.07838,9.95674,10.17523,10.52497,10.02597,10.39547,10.00221,10.73278,10.82901,11.45316,11.20633,11.57911,11.83075,11.39764,9.72881,11.10997,11.03902,10.3055,8.94004,10.16536,9.69507,7.62657,6.82441,9.31211,7.71786,8.88505,9.14089,9.50051,7.32931,8.71116,9.15271,8.69513,9.42365,9.91942,8.34361,7.62718,9.17714,9.65641,8.35035,9.31981,9.74999,10.05235,9.13539,11.63529,13.15107,12.63944,11.78032,11.90871,12.91583,11.59742,11.48716,13.13776,12.74766,10.28304,10.1868,11.55929,10.02634,8.66951,9.22082,9.01909,6.86651,7.52847,8.65784,5.61606,7.86188,7.70993,7.9777,8.3367,8.401,9.28705,9.26757,9.61778,10.72101,8.25305,10.84035,10.98247,11.04655,9.76853,9.26466,10.52712,6.84458,10.28289,10.5817,10.85909,9.25219,8.32288,8.78592,9.10264,10.37581,10.43466,10.77004,9.88199,7.13051,9.63173,8.53399,10.01111,10.32681,11.61963,10.64955,9.45465,10.94965,11.69329,9.74192,10.36242,11.54113,10.8023,8.89435,9.51446,11.27614,7.94971,10.68064,10.12709,10.29189,9.65257,9.16341,8.63575,9.34459,10.61614,10.73431,10.53174,10.19822,8.84786,10.57925,10.17932,11.4763,10.15651,10.43337,10.05483,9.34029,9.51375,7.76453,9.19895,9.04049,9.03348,8.24621,6.54983,4.57479,4.25245,7.49224,8.68543,5.85628,6.47569,6.35423,6.08499,6.9589,6.99031,7.63299,7.6625,2.69485,6.76023,6.19886,6.68021
dcl,7.44301,7.37576,14.00103,14.56343,11.33877,13.0414,16.34448,16.21235,13.01415,12.76894,14.6434,13.34671,11.04719,13.32738,14.10034,12.16812,10.55686,12.56535,12.56568,9.94679,10.14213,11.11036,8.87671,6.472,7.39027,9.09313,9.83074,8.71053,6.91632,8.89961,9.15191,5.557,7.50158,9.06111,8.68073,7.71767,8.2516,6.54626,8.17394,7.96415,8.08169,3.25544,8.52286,8.88457,6.27253,6.76185,7.29299,6.05385,7.5581,8.34928,8.98102,8.93461,8.44575,9.58487,8.64036,9.65003,10.384,10.65589,10.64877,9.95894,9.76564,7.98554,9.49803,9.39399,8.07802,8.50425,9.60359,7.87127,3.09376,3.12022,7.90377,9.55044,9.78041,8.90095,8.94985,9.5387,9.47035,9.44918,10.58718,11.00865,10.23461,11.44071,11.56835,10.16673,10.37215,8.32033,8.09566,9.60911,9.63915,7.97723,7.32429,8.92103,9.03967,9.05593,7.69326,5.92788,8.10348,8.38304,9.17417,8.01738,7.3326,8.22433,9.15906,7.47078,8.85572,8.31993,8.89925,9.28039,8.39508,8.82034,9.05182,9.88628,9.50209,9.16508,9.74182,10.68168,10.13077,11.16985,9.88636,10.90244,6.99553,10.5836,10.25498,8.27787,9.77326,10.23345,10.25913,9.3234,10.94402,10.11592,8.43444,8.35413,8.40482,8.76779,7.33497,9.19338,7.0672,7.40395,8.39085,5.31376,8.28135,8.20408,6.66496,7.94859,6.12596,7.00503,7.20841,6.42217,8.62326,6.95619,6.8154,5.99429,5.88047,7.88964,7.16924,7.77449,7.68131,6.43638,6.57294,7.17355,6.5184,6.66579,7.38072,6.98005,6.02313,3.66303,6.81357,4.39051,6.60507,7.41107,6.69972,7.2641,7.30284,7.028,8.32087,6.68284,5.7428,7.28358,5.64521,5.14665,5.48593,5.95189,7.85017,5.66859,5.48637,6.68344,6.74378,5.75683,4.48954,6.90146,8.1043,7.28696,4.82138,7.0519,6.39333,6.36282,7.113,7.91582,4.34467,6.08787,5.98547,5.70604,7.73214,7.81625,6.06694,6.56723,7.06851,6.52806,6.5961,5.26867,6.51746,6.37531,6.92438,5.35247,6.38857,6.71929,3.20609,6.76642,5.48978,6.99165,7.02466,6.91273,6.83074,6.68342,6.14677,6.55613,5.16401,6.42964,6.42614,6.46811,4.72295,5.77932,6.99215,6.79768,7.10556,6.86016,5.69208,7.24324,5.72006,6.66354,6.99521,3.45641,7.67282,7.73231,6.79141,7.14905,6.90385,6.7265,6.88379,7.28469,7.33815,5.87081,6.92742,6.20791,6.36159,3.45919
ao,8.97726,16.30469,18.03649,16.28714,17.39539,19.11475,17.40418,17.57014,19.27049,17.50987,18.2033,19.77199,17.79488,19.12638,20.85554,18.82852,19.81196,21.7407,19.9862,20.6581,22.51488,20.86525,19.67853,21.72487,20.37682,18.86246,20.85521,19.42297,18.69268,20.01748,16.40277,18.86266,21.81959,21.42365,19.78892,21.44915,21.27059,15.94207,18.92907,16.77654,16.48667,17.51321,15.60931,14.70084,15.74223,14.0143,14.67561,15.09676,13.07037,13.96229,14.12394,12.01587,12.97534,13.67456,9.57512,11.71722,13.41247,8.89192,12.37534,12.29721,9.92191,12.40563,12.17593,9.7457,12.53593,12.97285,10.12255,11.79066,12.66263,9.65073,11.62312,13.36936,12.51587,9.12729,12.19772,11.64871,9.44868,13.02368,12.11286,8.08235,11.2612,9.87004,13.08671,14.28571,12.9911,15.45209,16.02417,14.61609,12.8494,13.27465,11.47368,13.13137,14.32445,13.08127,12.49068,12.98939,9.61753,13.04694,13.90306,12.69967,13.2449,13.53065,11.36686,13.19341,14.21829,12.73728,13.90197,14.42904,11.51996,14.0285,14.61187,13.22692,15.54711,16.25945,15.8731,15.86886,16.10117,14.06547,14.55985,15.30446,14.41389,14.78298,15.00799,13.43597,13.73647,14.6054,13.2075,13.86815,14.40983,12.89045,12.68749,12.82292,10.84533,13.43515,13.71399,13.42968,14.1837,14.02943,12.70853,13.33324,12.96042,9.79033,12.45926,12.57443,11.48344,11.19641,11.3298,9.1862,11.02659,11.91054,11.43569,11.38642,10.90405,10.20521,11.00073,11.27635,11.45344,11.56024,10.19492,10.20827,11.11515,10.58149,10.34157,10.36195,9.3907,10.58739,5.63271,8.83344,7.56699,4.87956,9.1168,8.83733,8.59024,7.56905,8.65165,7.70012,8.11863,9.34128,7.80798,9.57041,7.45916,8.4884,9.03538,10.10715,10.42324,9.50609,10.24405,8.6482,8.55374,7.47969,7.98874,7.97922,7.75633,8.47582,7.54184,8.81827,8.85735,9.07015,8.18585,10.08009,9.85363,8.79791,10.63744,10.42771,9.28714,11.60516,11.51359,11.08181,11.18672,11.95786,10.53348,11.84554,11.67402,11.98687,12.90128,12.45341,10.84828,12.096,11.34901,10.56899,12.41113,11.08711,10.67945,10.89131,11.54219,9.02612,11.53845,10.32854,9.37759,11.38584,11.77739,9.26335,10.76596,10.05215,8.84102,11.90746,11.45639,9.28793,10.78752,9.55081,9.96006,11.57248,11.37794,9.33632,9.4005,7.58963,9.6903,11.34835,9.57879,9.49839,11.30059,11.46413,9.53592,11.11721,10.60002,8.15946
dcl,7.97829,10.27118,15.23546,15.78889,12.6372,14.39481,17.31579,16.72327,12.36143,12.30969,13.6305,11.78787,9.20561,10.87819,11.55422,9.83591,8.48613,10.6891,9.5766,7.78992,5.0402,7.44078,7.42765,8.59196,9.73529,9.25554,8.14022,7.06961,8.52792,6.5077,7.44814,2.73442,6.73896,5.3272,6.80478,5.19939,6.74926,4.60035,7.32335,6.98096,7.99077,4.62382,3.55413,4.56165,6.00963,3.81753,5.06833,6.05886,7.01641,3.94572,7.75308,6.90559,4.15914,6.95064,7.56688,9.03555,8.69715,9.12735,9.0966,8.62516,6.98224,7.13543,8.20122,8.224,8.20095,8.01772,6.91445,5.76937,4.69873,4.39553,7.09867,3.94807,6.61554,7.72004,7.857,8.89697,9.51939,5.70401,6.72098,5.51508,5.55651,7.00653,6.14928,4.35744,6.17177,2.86381,5.05968,4.15522,4.28339,4.82168,1.10872,4.63822,6.52584,6.58609,6.22972,5.52258,6.28977,7.23137,6.07211,5.29193,6.47208,5.69519,5.00609,4.51068,3.69821,6.2324,6.36394,6.69934,7.82029,6.40294,4.9842,5.28878,5.99906,7.64085,7.84045,7.26802,6.83751,6.81883,5.71677,6.43855,5.38055,6.14803,6.40443,7.17755,5.67665,5.49215,3.50895,3.36907,3.078,5.9099,3.18178,4.08989,4.67448,3.0815,5.45994,5.81175,6.50682,5.73962,6.12917,5.73189,6.71443,5.91228,5.10142,6.88904,6.98817,1.48554,3.41023,5.39909,3.14302,6.19043,7.09754,7.23067,5.1652,5.20922,5.41787,5.92896,6.29591,6.30862,5.92606,7.22077,6.29122,5.96838,6.61063,4.98469,5.31707,2.18621,5.90055,6.92346,6.25938,6.66896,6.33279,6.53538,5.4302,4.27696,6.31725,6.92426,6.76883,6.47787,5.72835,6.47246,6.4608,4.55476,3.86044,4.72285,5.995,6.81989,6.82386,6.83647,5.28828,4.75427,4.44649,4.69046,3.71772,6.57171,7.19736,5.51191,5.77333,4.76983,3.95458,3.10627,5.6973,5.07146,5.28136,4.87012,4.57202,5.35375,5.40789,3.77519,5.23023,5.55423,7.50768,7.2977,6.99305,5.77571,4.45259,5.98942,5.39185,4.93358,5.0216,3.90008,6.20757,6.04482,5.60493,5.73264,5.40156,5.00596,5.76528,6.06742,6.75115,6.12837,5.15148,2.86353,7.23716,7.16682,3.45443,4.33684,3.29317,5.96575,6.76647,5.02268,4.85948,1.45864,3.90239,4.33851,2.91856,6.78905,4.75618,6.09668,4.60724,2.81529,0.74058,3.12809,5.39554,5.02526,6.8389,7.98226
iy,10.48923,13.04399,16.91436,17.15611,12.54785,17.54075,19.62345,18.36596,14.45081,19.6181,20.24793,17.1416,14.86207,16.78497,15.69183,12.41752,14.61951,15.42601,12.44671,13.33465,15.25444,15.0058,10.47875,10.98452,12.11757,10.03226,10.26151,11.65201,11.42296,9.54651,10.53884,11.67955,8.06535,6.74514,9.72464,8.56486,10.33562,10.57602,12.01026,8.7829,9.77374,10.22545,9.97368,11.11067,11.58426,12.34716,10.57106,10.39907,10.53418,11.44029,10.36523,10.99917,12.58943,12.37404,8.60956,10.66804,12.42783,14.14229,14.8972,15.68094,15.63699,13.95501,14.89205,14.32464,15.53849,15.5548,15.05426,15.81182,15.45202,15.98576,15.57331,13.14844,14.2509,11.87755,14.79365,14.19583,11.93033,13.59354,11.0702,11.8894,10.8828,12.05149,11.98291,10.67849,11.87709,10.41214,9.79332,10.21139,10.55626,8.48085,10.01703,11.41853,11.29774,10.72753,10.82977,11.49013,9.48377,10.94024,12.05262,12.089,10.14029,12.17154,12.94816,11.63126,13.81689,14.65065,14.4229,12.0053,11.79524,12.17924,11.12933,12.12534,12.67941,12.51413,11.71862,8.97794,10.96453,10.33011,12.58278,13.11032,11.84357,10.6325,10.52259,9.52383,8.91592,8.98748,8.36905,7.89982,8.87063,11.50727,10.8447,10.31363,8.78064,7.13809,7.59969,6.15776,7.13265,5.95467,7.67407,7.60879,7.4414,8.63633,8.59009,10.19579,10.59462,9.83128,9.33892,8.81897,9.07514,8.24943,9.48512,9.32277,8.87497,7.61565,7.91045,8.83042,9.05293,8.84299,8.88228,8.18028,5.28907,7.45835,4.27202,6.6242,6.54678,7.16091,4.38816,4.96313,6.05519,6.788,6.15534,3.74399,5.44205,3.96547,4.98362,5.7948,3.29395,5.01489,7.27939,5.841,7.54084,8.16812,8.05765,6.97097,5.04975,6.43728,7.33562,5.58483,5.98544,7.06946,6.94404,7.54191,6.0701,7.3515,7.87207,8.97564,8.14409,5.1688,8.07411,7.23622,8.08671,8.12663,9.20102,9.70896,9.46899,9.67888,9.36557,7.78436,8.26741,6.46497,4.71322,7.14559,7.63231,6.12845,6.01448,7.94688,7.30086,7.1079,5.94243,5.31311,3.96133,6.49071,7.42605,7.10192,5.77887,5.78374,6.4091,6.21235,4.91854,5.58041,6.60915,6.94253,7.86935,8.64962,8.01766,7.60212,7.36253,9.36117,8.46054,8.00776,9.13922,9.99179,8.83627,8.5921,11.16917,11.05399,9.48277,7.92636,9.26236,8.19672,9.09082,8.87075,7.28441,8.82675,8.75252,7.9445
sh,11.78063,11.01489,13.1207,13.35257,11.78996,12.27358,10.42676,13.51269,13.60084,10.05473,12.95961,13.88258,14.55643,13.28712,12.6386,12.48911,11.64818,11.95151,11.36179,13.48388,14.43734,13.09871,12.15716,13.24453,13.83504,9.85601,13.92894,13.2324,12.02804,13.45235,12.82965,12.79748,13.62213,13.23479,12.10112,10.83977,12.69389,13.72421,13.28369,10.36026,13.62972,11.53525,15.39656,15.20173,14.92433,15.52548,12.89189,15.82384,15.54269,14.60724,17.05131,16.34838,16.05059,15.42474,17.41811,17.62228,17.25652,16.64163,14.50716,12.32084,12.26298,13.00434,14.30439,15.452,17.59951,18.39198,16.32134,14.74187,16.09408,17.8967,17.53401,16.45554,13.77685,16.27752,17.20212,17.18809,15.92339,11.84991,13.91686,15.46419,16.34472,15.53686,12.35967,12.42096,14.29194,11.36106,16.02563,15.53009,13.6866,13.68333,13.5543,14.65552,14.22299,14.00059,14.91431,16.54226,15.23648,13.56681,15.01534,16.10454,13.79803,13.22788,12.73988,12.0627,15.11,16.40822,15.23264,15.648,15.01729,14.42866,14.53329,13.57923,15.16244,14.21826,13.47848,14.76944,15.23637,9.70603,13.91395,11.32443,12.51885,13.80291,15.13839,13.80548,14.36867,14.94117,15.16421,14.86487,14.97548,14.74299,14.75918,12.34295,12.64544,14.79957,14.5445,8.18761,14.75354,15.07116,11.85242,15.43504,15.74169,13.41209,12.75199,12.96981,12.42337,13.59786,11.84043,13.28239,13.34967,14.90236,15.17487,13.49784,13.67331,12.35059,13.90504,14.8221,14.56279,13.82609,13.29788,13.83651,11.51724,11.27456,14.29304,14.91269,14.22544,13.23945,11.6204,13.23674,14.85558,15.42517,14.497,13.88587,12.87408,13.06776,14.57404,13.32683,10.82086,13.54309,12.2049,13.48842,12.55702,13.08047,14.15576,14.18408,13.9875,13.76149,13.21908,14.49189,13.35699,13.05479,11.28001,11.63068,12.57668,13.95427,13.05991,11.01869,13.62712,14.03524,12.16009,12.00643,12.94969,13.85513,13.60294,13.78154,13.39421,11.79734,12.39354,14.0619,13.67127,14.38582,14.69215,13.02967,13.25499,10.75743,8.88724,10.5325,11.38174,11.41346,11.96875,11.05259,8.8515,11.72107,11.1767,10.63184,9.02628,10.70518,10.04278,13.03306,13.93085,13.68882,12.72044,8.18667,10.97128,12.13249,11.67169,12.00637,12.67749,11.72538,12.4935,12.8961,14.07802,13.27483,13.11383,11.99946,10.53005,12.34472,12.65072,10.67086,7.612,7.42327,9.87073,9.42777,11.3874,10.27516,8.42806,10.19463
dcl,10.73027,6.96389,14.36992,15.31388,13.04759,11.37151,15.89969,16.25881,13.1955,10.15918,12.75169,12.30177,7.73352,9.57947,12.22431,11.2735,8.02391,9.65087,10.34132,9.61739,6.94699,9.42737,10.39539,9.40457,8.73423,9.78463,9.76156,6.59967,6.92646,8.19431,8.42271,7.28516,7.68693,6.08549,5.34985,5.24498,5.94272,8.42571,8.12672,5.10156,3.93347,4.88922,5.63772,6.16632,6.29276,5.86996,6.30739,7.92227,8.59597,7.23415,7.40402,7.65155,9.53662,10.06809,8.87453,7.16861,5.76713,5.47168,4.85867,2.63105,7.12881,4.82781,3.79359,5.05739,4.81087,5.97296,5.6785,5.92537,6.00737,4.50882,7.09337,7.4089,6.65705,6.95129,7.7869,6.24112,5.06312,7.28727,8.42873,8.87591,8.37354,8.05616,8.15811,8.3913,6.17944,5.12276,7.07591,7.52596,6.16736,4.91799,4.64251,6.82874,6.22893,6.98669,6.03016,5.72316,7.50993,6.50076,4.3237,6.65718,5.09846,5.4365,5.64346,4.85419,4.41668,6.26592,5.62571,4.46793,6.09735,5.6659,4.9045,4.54771,5.86862,6.23812,6.10065,3.93196,6.70965,6.70822,4.53127,5.85361,6.15337,5.49929,6.11967,5.72949,2.18209,5.58862,5.83753,3.90396,5.07256,4.89924,5.65013,3.98421,5.60306,4.94288,6.27388,5.39725,3.25093,5.35714,6.09744,2.56358,5.1053,5.13046,5.50591,6.37585,6.91074,6.06018,3.93307,1.42757,5.2497,3.29254,3.53205,5.32247,3.41478,5.85559,6.55651,6.27643,1.21426,5.90932,5.28124,5.85593,6.06931,5.86132,5.96436,6.12558,6.0809,6.83286,5.98597,3.96763,3.36768,4.88962,5.64571,5.6044,6.14273,6.63489,6.03716,2.0652,4.93443,2.59522,4.93838,3.11815,2.21034,5.19011,4.93314,4.10456,4.65863,5.0503,6.78139,4.75152,6.52204,5.95983,6.50699,6.70984,5.58599,1.09065,5.40817,6.21943,6.7766,6.00104,5.39754,5.29833,5.74247,6.04462,6.35171,4.4532,5.75727,6.25883,4.95183,2.30188,5.32234,6.04866,7.04765,6.00425,3.48796,6.90312,7.18985,6.26104,4.9187,5.31572,5.37577,6.48793,4.58889,7.15726,7.39873,6.48491,4.74962,6.21611,6.81992,5.18352,4.44173,4.25728,5.87226,5.24682,7.7201,6.89279,4.05578,6.38168,7.41809,6.00681,5.30888,6.14412,6.97256,3.32805,5.53065,5.70508,7.49496,6.87787,6.12698,6.12542,5.70596,4.55378,4.86752,6.1315,7.29893,7.03268,5.99618,6.25576
aa,12.46599,12.36539,16.72857,18.15717,16.71865,12.29502,18.12117,19.89068,18.02233,13.51879,18.93671,20.52033,18.95467,12.99698,20.76877,22.66367,21.01689,16.84423,21.75402,23.82297,22.53745,17.84673,21.15012,22.71286,21.02605,16.63641,21.2952,23.24609,21.93343,18.21373,20.72363,22.95719,21.99557,17.82974,18.26956,20.10767,18.62072,12.6797,16.39354,18.55521,16.8942,13.20138,16.03272,17.38881,16.21867,10.33803,14.57141,16.75746,15.07151,11.80208,14.54928,15.8688,14.48122,10.40405,13.74319,15.45218,14.07409,9.76934,13.65351,15.48898,13.76386,11.26438,13.47025,14.96784,14.10446,8.94258,14.06944,15.83741,14.40194,11.63683,14.52599,16.36972,15.35547,11.73336,16.99038,18.13195,17.04197,16.62024,18.21266,18.2992,15.99889,14.67115,15.70821,16.97864,15.17046,13.51363,15.04613,15.96585,14.82012,12.18473,14.42002,15.93252,14.36992,12.88476,14.54632,15.72144,14.51218,12.67428,15.05632,16.27132,15.23397,13.95168,16.52319,17.4862,16.15172,15.9733,16.77937,17.63843,16.08596,14.52453,15.38834,16.18629,14.95173,12.82694,14.38814,15.31603,14.28987,12.25635,14.11203,14.97431,13.6025,12.4635,14.02623,14.42845,13.68587,12.65352,14.04012,14.50285,13.21312,11.96697,13.29646,14.1744,11.7331,11.09434,11.65704,12.9551,12.78951,12.63093,13.5957,12.94635,11.9035,10.79425,12.52862,13.63537,11.86198,11.1743,10.31816,10.80413,11.11133,9.53806,10.31937,9.53081,9.94985,7.31671,7.6871,9.46359,4.83605,9.14389,8.63325,5.88724,9.76989,7.80654,7.88784,9.55062,6.09669,8.33186,8.06761,7.59952,9.34516,8.19039,7.24408,10.09427,8.55862,9.63783,9.5241,11.00164,9.97725,10.04333,10.18062,10.39751,11.17078,7.2663,9.47813,10.9595,10.3956,9.04572,9.28966,10.82495,10.30814,8.60194,10.99502,11.61728,11.81307,8.84297,11.28904,12.28162,11.9262,9.8292,11.2637,12.50754,12.34898,9.84402,12.62318,12.3079,12.64166,10.93816,11.13736,12.38422,12.07389,10.17822,11.46956,12.14713,11.10428,11.01136,10.83581,11.32356,11.82987,10.03309,10.98478,10.71839,10.92844,8.89236,8.1439,10.2757,9.32471,7.24983,9.094,8.97808,6.9387,8.41942,8.37363,8.16347,8.40307,7.41065,8.58176,7.76631,8.62923,8.42517,6.81641,9.77255,10.0365,10.09827,8.80887,10.54159,9.92129,9.5623,10.96495,10.46169,10.39124,6.96917,11.43532,11.73377,10.52569,7.61064,10.77644,12.37424
ao,11.08101,12.0312,17.38396,18.2826,15.60253,14.89571,19.05109,19.14689,15.83387,17.15094,20.04354,19.52841,14.59168,19.38793,21.48503,20.16678,14.65484,21.95452,23.10517,20.90946,17.58689,22.32737,22.83759,19.85168,19.32642,22.60469,22.31455,18.31855,21.00379,23.0273,21.73107,17.01868,20.62456,21.63168,19.36634,12.26219,18.0422,18.58294,16.25641,13.09086,16.12265,16.73044,12.78954,13.67146,16.55108,15.86034,12.63925,12.67601,15.59964,14.53964,10.88195,13.81393,15.09768,13.69287,10.43166,13.5077,14.96234,11.81294,10.5441,14.4975,14.05399,11.88547,12.59343,14.35417,14.13249,9.53905,12.65288,14.85027,13.24696,9.7491,14.17772,15.20217,13.11549,12.02386,15.28755,15.7744,13.43411,14.18291,17.10497,17.02511,13.97206,15.83945,18.44297,18.19079,15.0411,15.24638,17.24301,15.75896,10.92101,15.37918,16.25378,14.12162,11.56826,15.42839,15.58266,12.03829,13.43285,15.72497,15.18345,11.47891,13.85208,16.13769,14.92396,10.89104,15.69812,17.00165,15.36064,13.30206,16.69874,17.62937,15.87077,10.70762,16.05431,16.25557,12.33939,12.62489,15.15399,14.6024,12.05972,12.03456,14.51567,13.18394,10.15757,13.53423,14.29531,12.37703,11.03701,13.64951,14.17958,12.38786,9.50781,13.74587,13.47149,9.14632,10.06755,12.67685,12.53995,10.11907,11.93136,13.26177,10.70392,9.70352,11.37317,12.33414,11.40544,10.35072,12.83239,12.97518,8.91632,10.87868,12.6259,11.94598,7.04793,10.25333,11.18679,10.46447,8.62192,9.89804,10.57388,9.23661,6.77128,10.17473,10.28492,8.75257,8.80771,7.61416,6.74264,8.79746,6.42264,9.53284,2.57372,8.92309,7.49291,8.02921,8.43354,6.65533,8.68477,7.26091,8.39504,7.9046,4.56679,8.94134,8.08718,7.26638,8.56516,7.28757,7.15371,8.94887,6.4496,8.96898,7.79421,5.87435,9.59743,3.21916,6.5433,9.76565,8.32483,8.9026,9.67459,10.59835,10.77518,7.82533,10.82169,12.30788,11.25982,9.50175,11.47105,12.46876,11.77738,9.70329,12.02475,12.92004,10.7553,8.47103,12.06826,12.03827,10.3274,10.16656,10.90259,11.27594,8.57185,8.07768,9.98411,9.43619,7.53875,8.89338,7.86687,8.90928,8.06539,7.40843,8.64519,7.18711,8.42863,8.39528,3.53279,8.49528,6.47175,8.93835,6.04174,8.34702,9.21901,8.76751,9.04048,7.62278,9.25404,9.53438,8.82628,8.07492,8.43579,8.29834,6.6904,8.491,7.91241,8.71331,8.96569,3.10917
dcl,8.20318,9.76161,13.91923,14.84716,12.91745,12.59951,15.63675,15.92677,13.55053,11.65033,12.54338,10.5708,7.9603,11.13787,11.66645,11.25741,8.82724,10.48909,10.69137,9.60816,7.59556,8.55826,9.41359,8.48777,8.62747,8.93253,9.66238,6.24137,8.91337,8.45043,7.87443,4.40831,7.98505,7.46902,7.256,3.67075,7.13362,6.90922,6.88642,6.70848,8.35863,7.39197,4.00641,7.05687,9.50915,7.80516,4.0416,8.7526,9.63323,9.24257,9.65851,12.73985,12.4041,11.59322,11.76784,13.80477,13.19214,9.18421,7.81989,8.2486,8.55673,9.10403,6.37596,8.93085,8.46077,7.51481,3.57783,7.02702,7.76286,6.50032,8.10326,7.70584,6.78965,6.74916,7.19314,6.37426,6.34607,5.87197,6.25836,6.14684,6.6752,7.23305,6.21102,5.7909,4.91696,7.36007,8.34016,5.5278,8.40412,8.70126,7.78109,5.64515,7.16422,7.761,7.50666,7.4343,6.24729,5.88241,7.20319,6.88915,5.36641,5.01839,4.48303,3.23291,5.44504,6.13608,6.2982,3.62163,5.22099,5.53211,5.67323,5.35437,4.30968,1.33297,3.93605,3.52958,6.75622,6.4357,5.62345,5.7126,4.54515,4.98604,6.45925,5.53523,5.56098,6.78271,6.35147,5.94134,5.72119,5.90012,4.83763,4.81561,5.44816,4.64984,3.10811,5.60403,5.4288,5.14459,2.47626,5.1406,6.38205,5.58666,5.07063,6.29332,6.85537,6.08665,1.81196,5.66965,5.08389,3.54478,5.81955,6.16429,3.94168,4.83198,7.05602,6.70174,5.83714,6.11148,5.97644,1.64773,5.40808,6.80164,5.04037,5.79268,3.94429,5.31525,5.70173,4.26647,5.51569,5.22785,5.72678,6.83964,6.91927,6.17631,4.91633,5.01505,5.17472,5.92975,5.59503,6.35735,4.98787,1.02451,6.29941,6.73674,3.42897,5.57644,-1.57511,5.08098,5.78996,6.30552,6.78798,6.50871,2.92597,6.16736,6.63849,6.84274,6.33956,6.41365,5.99196,4.85148,5.64527,6.13809,5.53093,3.1824,3.40464,5.72764,6.32891,4.09601,4.52192,5.09229,6.30024,6.21573,3.59226,6.07599,6.3359,4.22871,2.72048,5.66513,5.43325,4.50878,6.37463,6.22761,6.49193,6.19208,6.30368,6.61074,6.18745,4.47061,5.49437,6.24247,5.41144,3.81121,5.59916,3.99861,5.35605,4.93946,5.98939,5.36791,6.24804,3.85124,5.14217,2.20646,5.73215,5.06699,5.57197,7.46415,7.99571,6.33385,5.52834,5.39888,4.51102,4.7928,4.28064,5.76219,3.32874,4.92668
ao,7.64517,10.24052,16.15947,17.92532,16.34455,9.60846,16.96723,18.86529,17.45673,12.63763,18.50289,20.57267,19.35741,13.12646,19.12136,21.45973,20.46595,15.23483,17.63254,19.67572,18.41788,13.77788,16.41685,18.79129,17.81814,11.57073,16.81234,19.10544,18.36013,14.75067,16.99982,20.1642,20.75203,19.30079,16.95889,17.88472,17.47394,15.25546,11.92859,15.67632,15.32272,12.82705,10.7475,14.92879,14.59441,12.47892,11.37465,14.15269,13.92072,11.33571,11.51808,13.90954,13.75818,11.16846,11.30275,13.74207,13.89512,12.20298,12.03336,14.77083,14.72794,12.85732,13.84998,15.58982,14.60746,13.29602,14.625,14.57073,13.95718,11.3978,11.72504,12.9284,12.66814,9.50386,11.14874,11.79339,12.09377,9.87469,10.64648,11.54055,11.64932,9.91034,10.17588,10.78446,11.23411,10.33002,10.36902,11.36974,11.6564,9.87864,9.94297,10.65744,11.22575,8.80594,10.96278,10.98494,11.71125,9.57912,10.67036,11.26659,11.79783,10.39906,11.23546,11.01264,11.8327,10.39514,11.51151,12.31545,12.83421,11.9375,12.14204,11.99278,12.96157,4.71425,14.12866,14.6009,14.40112,13.53251,12.16775,12.49454,12.75347,11.35516,12.22215,11.93574,11.90594,10.99024,10.94445,10.72795,11.09837,11.31616,11.20795,10.90129,12.31283,10.47443,11.83346,12.00827,13.05432,13.20894,11.42608,11.18198,11.7891,11.2989,11.01333,9.66414,7.99692,9.33544,8.8704,8.87708,9.12149,8.59318,8.30269,5.60052,7.19338,7.26618,8.35428,7.78711,7.07071,7.94789,5.99225,6.82703,6.8554,6.83334,6.98656,6.87599,2.83991,6.65564,7.55144,7.85823,6.86642,5.63056,8.3767,7.70981,6.96987,5.64167,6.74309,5.4551,8.02873,7.85052,7.57177,6.74172,4.72165,6.7164,3.32112,4.62817,4.16564,4.8666,2.16896,5.7088,6.60965,4.55748,2.03543,6.98188,8.70252,7.23637,6.50392,8.01457,5.87279,5.0224,6.58458,5.49871,6.64083,5.87514,5.94574,5.44828,6.56161,5.1873,6.2573,6.64737,0.60538,5.56395,3.18593,5.37441,7.14667,6.0395,7.26661,7.69774,6.65313,7.18196,6.36741,8.11858,0.72957,6.89681,2.95184,8.38653,6.91981,8.09026,6.87741,8.83253,8.66738,6.26823,6.8529,7.70438,8.09941,5.56441,4.82484,9.50055,9.88385,8.81017,6.87766,8.55786,9.75946,8.31757,7.18894,7.61547,8.94543,7.22356,7.45027,5.6534,3.41592,7.29835,7.39732,5.05756,5.15811,5.61396,6.47872,6.03043
aa,7.11437,15.97315,18.84331,18.24158,14.10584,18.6891,19.16238,15.56345,18.9247,20.43613,18.52702,18.31708,20.79403,20.22781,17.52402,21.58252,22.13494,18.25673,22.08336,23.7087,21.9542,20.35859,23.1956,22.81133,19.0148,21.25258,21.79573,18.92362,20.02228,21.52872,20.11147,19.28125,21.30798,20.87932,18.80811,21.40678,21.68691,15.82989,21.41632,21.66453,19.97363,19.40204,20.58085,19.65516,15.09763,19.16115,19.2595,16.67811,17.77396,18.51092,17.50341,16.38586,17.75298,17.4934,14.42913,17.16617,17.4187,15.5099,16.57236,17.45018,16.67381,16.5791,18.03282,17.87113,17.09141,19.09382,18.76932,17.39951,19.50028,18.9154,17.52202,17.00946,17.51413,16.57733,12.67875,16.0764,15.84327,13.20078,15.10889,15.37379,14.31556,13.86124,15.11911,14.77427,11.89055,14.81957,14.83932,12.45289,14.67385,15.01399,13.72362,14.34238,14.97893,14.43097,13.00949,14.97394,14.80309,12.37734,14.42317,14.19672,13.77461,13.18194,13.33476,13.56605,8.39166,12.84075,12.96676,10.64302,12.63382,12.1815,11.62681,11.70688,10.8033,11.25558,10.54928,11.17653,11.41122,7.60258,10.43713,10.47194,9.10527,9.774,9.99664,8.56244,9.78966,9.85789,8.28319,10.83253,11.56975,11.30328,11.73347,12.25689,12.09848,12.64309,10.62585,12.28003,12.92262,11.74608,13.92827,14.23872,12.45028,13.92798,14.37751,13.47279,12.23663,14.04217,13.80083,10.45759,14.1289,14.11283,11.6477,13.58787,13.7476,11.45447,12.50098,13.02725,11.65359,10.90456,12.86557,12.36058,10.64529,12.0154,12.38587,11.07372,10.6146,12.85837,12.47258,12.0914,13.72784,13.94875,12.46856,13.68709,14.26926,12.84952,13.26034,14.07265,13.66157,11.69983,12.95833,13.48783,10.7726,11.44193,10.65947,8.98952,9.74315,9.76441,8.53213,7.87263,8.60295,8.66329,6.54403,10.73717,10.71741,8.8663,10.92852,12.14912,9.45428,9.21481,11.65849,11.51729,5.57521,10.70787,12.42449,10.00324,10.75292,12.63568,10.53209,5.47182,10.84423,9.61032,9.91287,9.68992,10.51281,10.37161,8.27342,10.32589,8.99519,9.26658,10.05743,11.24427,6.93794,11.33843,12.20872,11.08847,10.55614,11.38944,11.86868,9.18481,11.30477,12.28498,9.88849,10.22145,11.66618,11.53771,9.34325,11.81706,11.63796,9.3557,11.49646,12.11367,6.25137,10.29838,12.57506,10.78115,9.55509,12.12964,11.60012,9.82259,11.55877,11.64954,9.58166,11.34942,12.49474,9.53238,8.96481,13.11604
ao,12.28873,16.44179,17.59132,15.32224,17.14737,18.08451,14.55849,18.25995,18.78702,13.46259,18.89477,19.12123,13.30825,19.67293,19.63868,17.02629,21.14997,21.01941,18.35527,21.78283,21.21303,18.77743,21.69956,20.55437,18.94834,21.09271,19.78288,18.74018,20.73639,19.12529,18.93462,20.73995,19.57712,17.0836,18.14236,14.52274,16.54614,16.15337,12.93168,15.17112,14.5766,12.62151,14.67693,13.57046,12.45651,13.76431,12.20664,12.01916,13.25317,10.70328,12.04264,12.43841,8.40489,11.54013,12.03321,9.0434,10.82632,11.29891,8.55473,11.0723,10.95385,8.83275,11.12413,10.76079,8.85998,10.79378,11.43036,5.95497,10.68778,11.80289,9.69763,12.61008,12.68151,8.2675,12.44086,12.0338,11.61902,12.3302,10.34495,9.87914,10.92052,9.29874,9.9241,10.94877,7.86008,7.89732,9.80724,6.60182,7.27922,8.44356,8.35865,7.59012,8.19446,7.87204,7.49693,8.09719,6.35405,7.90779,6.23245,7.61588,7.81036,8.98087,5.94565,9.0818,8.28642,7.47403,8.04699,6.185,7.58041,5.88805,8.5828,6.91101,6.13989,8.25468,8.87656,7.21865,7.31581,7.03253,8.46903,8.47925,5.2284,6.37074,7.9168,7.62459,6.86899,6.34526,7.77849,5.50722,8.61926,9.07324,4.84826,6.68645,9.32901,6.4764,8.50859,9.29742,6.36794,9.45964,10.61676,8.40519,8.21613,10.66857,9.27014,10.13654,10.46981,10.97262,8.92051,10.26766,11.48603,12.21244,12.41078,10.35751,13.52542,13.63677,11.30421,13.06603,12.59214,10.45606,10.20551,7.95182,11.61932,12.48346,10.68158,11.10962,10.94333,10.39468,8.9313,8.57813,9.76094,11.07874,10.36972,11.07632,13.01805,13.39402,10.84082,12.91274,13.45041,12.23759,13.26325,12.74714,9.70851,13.90593,13.37808,12.29353,13.11977,13.43858,11.42541,13.49338,12.14237,12.64598,13.46659,11.78334,12.25354,12.70048,8.4988,12.58784,13.09048,7.83578,12.60784,12.97589,11.76746,12.05712,12.06491,12.90818,12.04462,12.3428,11.69472,10.79472,11.38984,11.38132,10.71062,11.86468,10.49392,10.37116,9.99671,7.78343,10.26771,10.19808,8.97788,8.69464,7.40187,5.36121,7.90244,5.39682,7.10957,6.54585,6.86927,9.14728,8.43269,8.53433,5.03287,8.41126,7.45109,9.29028,8.89311,6.7042,8.90115,7.59586,7.58103,6.22781,7.53664,9.7025,8.32853,8.36723,6.21323,5.85046,8.77156,7.74933,7.54534,9.65096,9.14157,10.43218,10.92569,10.58731,10.61343,11.49649
iy,9.62632,13.90802,17.67285,17.24467,11.66827,19.58594,20.62652,18.40641,17.44594,19.55768,18.8137,15.21604,17.11669,17.66871,13.68975,13.0804,15.57752,13.68832,12.3338,15.72457,15.46818,12.05116,13.77578,14.25643,12.10662,11.60838,13.36206,11.35503,9.62453,12.25021,10.30291,9.32922,10.4556,12.23183,11.65126,10.94668,11.19827,11.65156,8.2635,11.53856,10.70631,11.17058,10.80671,9.95665,10.14492,11.17958,11.66238,11.71717,8.52471,10.74426,11.10825,9.85546,11.75839,12.02629,12.90454,9.97188,12.56198,12.79212,11.25774,12.60237,13.10362,12.66367,12.11207,13.56404,12.71901,12.90458,13.70843,13.75574,12.85707,15.36566,16.23431,14.87248,15.27255,15.99228,15.65466,14.83484,14.90594,15.13492,12.71223,15.5477,15.92499,15.4195,13.18208,14.90857,13.93728,13.308,14.94973,15.35987,14.58073,13.41898,14.58522,14.26924,12.67344,14.11404,14.23624,12.87401,12.13616,14.23245,13.53032,12.31365,13.70655,13.23753,10.87804,11.50408,12.99605,11.00447,12.73777,14.13537,13.16432,11.21827,13.17777,14.48288,12.4092,14.37665,16.33283,15.20253,11.39043,14.03569,15.21531,12.22795,13.23213,14.11376,12.48429,10.92118,12.80196,12.39055,14.3065,14.0698,14.73569,12.50226,12.7366,13.25671,11.78828,11.85193,12.04735,10.87469,10.55604,7.05171,10.04917,5.86233,10.03471,10.03144,8.69852,8.82487,8.78047,8.86243,6.50117,8.70535,9.26064,8.53712,8.42963,7.4977,7.53737,9.00226,7.94797,8.93898,7.63348,8.08256,6.40199,6.43973,8.56978,7.71296,8.53548,6.74613,8.75496,7.40121,8.10559,7.75257,6.63679,8.57416,6.40679,7.91946,7.77951,6.88414,8.32703,8.35573,8.89685,8.59397,7.28336,9.12306,7.41132,8.20625,8.47316,8.3545,7.14897,4.74884,3.2678,7.11675,7.72023,7.62436,7.47962,7.80012,7.22909,4.44078,6.33263,8.4919,8.89552,8.84721,6.02837,7.58383,6.71397,7.79008,9.3992,8.5326,5.89223,5.94858,6.54273,5.76883,8.91339,9.42148,8.75806,8.14354,8.89921,8.2793,9.41239,10.38843,11.49703,10.97209,9.22298,9.67182,8.71447,10.082,9.63247,11.02921,10.80866,8.20232,8.82232,8.81221,8.39495,10.44601,10.35209,10.1897,7.84111,9.34797,8.79337,6.81034,6.56727,6.50447,4.30371,4.2153,5.61239,7.43973,6.05576,4.73208,7.48407,5.93703,5.94962,7.20084,5.92482,6.18826,7.30699,5.79241,5.61303,5.73133,4.19567,1.70196
ao,11.14473,15.39533,17.75128,16.85881,15.91144,19.39215,19.07637,15.0311,18.55888,18.80582,15.83116,18.62547,19.62818,17.20551,18.39998,20.06134,17.94974,20.80692,23.07164,21.88029,19.67877,22.05994,21.30918,16.96931,19.54059,20.02758,18.11515,20.27616,21.26019,18.69763,19.81253,21.04466,19.28349,13.60768,16.68922,15.7487,13.78063,15.37169,14.83717,11.1115,14.4728,14.40031,12.48217,13.75894,14.69132,12.56603,11.56255,13.99966,11.79298,11.29333,12.49768,11.87951,7.75109,12.16364,11.32538,10.13873,10.61908,10.40181,9.6633,10.29585,12.01795,9.38806,10.94601,7.38155,7.5168,9.10507,11.14478,7.76579,10.24456,11.46911,11.92055,9.70418,12.59897,12.58823,11.78605,10.71209,10.16957,11.92657,10.79423,10.81194,11.33361,7.5495,10.31699,11.56647,9.02833,11.21494,11.78576,9.76666,10.50358,8.61051,10.22526,10.39031,11.90755,11.16027,9.4227,11.27044,7.5889,9.58366,11.09992,11.66315,8.68918,11.84278,11.30342,10.31108,11.27548,12.08006,11.82807,13.51909,13.82346,12.73911,12.60502,13.01194,13.09268,12.93791,14.86827,13.80704,12.27946,11.75491,10.77431,10.70796,13.37291,12.75073,11.54892,12.56117,10.91833,11.39383,10.55786,9.8403,9.44259,9.19878,6.44995,8.07227,6.91782,8.28472,7.95786,6.65384,10.26429,10.10619,10.19368,10.53592,11.01429,10.57773,9.06192,8.95125,9.33619,10.21054,10.8691,11.11564,9.76678,9.61303,10.20004,8.43128,11.34144,11.35175,10.34957,8.91392,10.74691,11.50808,10.62214,12.16467,12.16004,10.69836,12.11273,13.24174,10.76345,12.57172,12.95242,12.40772,10.87772,11.47202,10.7255,10.58401,12.04302,11.40374,7.57235,8.88896,8.24471,8.51209,10.4325,9.95257,9.42096,8.63498,9.08785,8.37987,9.99486,6.68139,8.23018,5.55493,8.57074,10.2504,8.84232,8.81987,8.54308,8.77293,5.08197,9.31135,6.05931,7.1322,8.00892,7.40242,8.77127,7.79256,8.68923,4.96378,6.42597,8.11787,7.97298,6.41115,8.15063,7.57568,5.81582,6.80765,8.21535,5.00542,7.53764,6.15728,4.49319,8.39718,5.29885,7.70506,7.68175,5.31446,5.0549,7.93496,3.51946,7.62619,5.64562,8.17875,7.74445,4.9798,7.03102,6.17192,7.59618,8.77776,8.97764,5.00791,6.90383,6.73277,5.53551,7.57981,8.6451,7.60534,9.43065,8.64379,7.31939,6.31606,7.86389,5.06748,8.17024,7.47046,8.13907,5.18231,8.22961,7.87152,9.43879,8.9151
dcl,10.48028,9.16005,14.85531,15.26098,11.85427,14.25552,17.38194,16.76316,9.08033,10.68474,13.02579,11.27526,12.10425,13.457,11.92945,12.23621,12.24934,12.98639,11.67756,11.43776,12.81066,13.18956,12.19225,11.25395,11.62519,12.13679,11.80645,11.88121,12.21805,11.91727,10.87269,11.38116,11.73713,11.33884,11.15377,11.65471,11.30665,10.50865,10.86692,10.83416,11.12743,11.00173,11.02098,11.413,10.6323,9.55212,10.46591,10.68412,9.62777,8.90727,9.71835,9.79543,9.80595,10.21486,10.30222,10.30458,10.64189,10.93169,11.04772,10.12414,9.97158,9.23226,7.73206,10.96658,10.76257,10.26227,10.58117,10.6956,10.81735,10.3207,10.01041,10.1993,10.64038,10.2893,7.98925,8.9792,10.20045,10.67356,9.71074,9.7967,9.57305,10.16097,10.51081,9.91095,9.46469,9.49064,7.99153,10.69967,11.23369,10.21246,9.55543,10.47166,10.61948,9.7371,11.14483,11.26468,10.39145,10.87878,11.22858,9.95199,9.88082,10.70199,10.55459,10.47944,8.8261,8.63442,9.39426,8.75748,10.4063,10.8605,10.65326,9.55518,9.19195,10.99618,11.25776,11.02222,11.93361,11.75443,9.30974,11.13319,11.27685,10.67316,10.98565,11.25717,10.82865,10.07838,10.19696,10.38019,9.52706,9.16367,9.97899,9.72714,9.44427,9.57532,9.72563,9.11391,8.29291,8.75309,8.86966,8.1195,8.6183,9.11372,9.28559,9.37494,9.11493,8.87522,7.86632,6.86869,7.69944,7.87399,7.33869,7.15072,8.28086,8.64949,8.77716,8.76963,8.18261,7.7297,8.21645,8.41802,7.76396,6.9226,7.26476,7.99145,8.25843,8.39478,7.85681,7.57272,7.75558,8.3568,8.60339,7.81478,7.37456,7.7273,8.49754,7.91456,8.73137,8.83382,6.88947,7.81478,8.58802,7.87951,6.07483,7.03231,7.47361,7.64092,7.03147,8.10705,8.22385,6.76091,7.74271,8.63361,7.67102,5.64893,6.2614,6.40001,6.75153,7.93767,8.73291,7.66189,1.886,6.42568,7.74503,7.43646,7.36957,8.44828,8.16567,6.63163,7.59666,7.65429,7.17657,6.08275,7.46843,7.92982,7.16868,5.94001,6.81232,4.46537,5.2321,5.68522,7.39732,7.48178,6.71142,7.05446,6.99253,7.23979,7.07634,6.55918,7.60845,6.29043,4.97421,5.31371,7.23348,6.93693,7.22701,7.4075,6.17742,6.44346,6.91623,6.62425,6.29266,5.54268,6.0412,6.61791,5.38351,2.62238,4.89381,6.75547,7.11723,7.25361,7.64945,7.08908,6.16829,2.28211,5.59929,3.56265
dcl,10.77379,11.86871,14.41609,13.82684,14.04245,17.14956,16.65802,11.22923,10.79477,11.92575,10.21695,10.7649,12.13132,10.43902,10.89227,11.77107,10.0783,6.09006,9.36226,9.24011,5.22013,9.04869,7.29509,7.52785,8.66706,7.58228,5.15888,7.47766,7.58403,6.6545,6.77682,8.22548,6.7855,4.85702,8.65379,7.10277,6.40866,7.3756,6.33189,3.17484,7.28367,7.59619,7.62513,7.60141,8.83085,6.85305,10.45901,10.66547,9.35302,11.4482,11.44812,9.5016,8.72884,6.88263,7.81768,5.01756,7.3898,7.41989,6.98443,6.40117,6.92257,6.68316,6.18225,8.04481,5.19274,1.22956,6.87723,6.32802,6.54419,6.12438,7.20538,6.48267,7.98646,8.1686,7.17371,7.04809,9.76497,9.45227,9.5614,12.04984,11.66124,10.97193,13.1807,13.10945,11.94041,10.87098,10.51912,8.90676,7.71794,8.95035,8.25964,6.37945,8.86323,8.45283,7.71404,8.36584,8.15948,5.70055,8.44903,8.01014,4.51161,8.06641,8.61993,6.31043,8.79401,9.38588,7.94462,8.64685,8.47662,8.01129,6.79038,5.65867,6.27947,6.30506,6.23576,4.79649,5.97459,3.76205,6.37272,6.14479,4.01749,6.38341,5.69552,4.00183,6.16462,5.70437,6.19228,5.42634,4.38045,4.22095,5.80857,5.99609,7.34511,6.98728,6.41921,7.259,4.80896,4.1927,3.37979,5.86185,6.89116,7.08031,6.14629,4.82124,5.5001,6.47147,6.83438,5.55318,6.76935,3.36419,6.09007,5.62362,5.87412,4.48769,2.94055,3.94259,5.73258,5.99292,3.71761,5.91664,3.644,3.70155,4.30762,5.63539,7.77369,6.11436,5.58984,5.58316,4.62188,5.78683,6.2817,1.0248,3.82274,6.02317,5.50946,5.04769,3.35911,4.29414,4.51591,4.64582,4.03316,5.561,3.87758,3.52612,4.03499,5.06406,3.79574,5.21618,6.92947,6.7926,5.44769,6.99413,7.35984,5.48359,6.32678,5.91039,5.07647,6.38474,6.20197,5.4854,3.77684,3.5505,5.56419,4.74316,4.32912,5.1927,5.21282,5.28153,3.51048,4.29964,5.66359,4.85087,5.8932,5.34225,4.52913,3.37659,3.63766,3.46389,6.67877,6.07374,5.58051,5.67701,7.42988,5.65696,3.60065,4.46778,3.08688,4.3507,6.88984,6.09039,5.82398,5.86637,4.57762,3.72323,3.69481,4.72717,3.88019,5.37834,4.38876,3.23301,4.88137,4.10482,5.28442,5.75476,7.07864,7.11984,7.20014,4.2442,4.86964,5.6312,3.43136,5.28374,5.01777,6.23217,6.52128,5.49187
iy,11.05175,10.03994,15.12107,18.58282,18.25677,14.0979,15.2114,20.56885,21.81731,19.82572,15.35378,17.18714,19.83063,19.05998,15.07696,14.44659,17.31897,17.75129,15.08781,12.42413,15.07128,17.13545,15.96649,13.14587,13.56026,15.30819,15.15211,11.65935,11.92377,13.86294,15.35145,13.97331,12.11421,12.8345,13.55646,13.04289,7.47212,10.53118,13.9722,14.67913,13.0097,12.53881,13.17108,13.92237,13.06586,10.96497,11.80255,14.9376,14.97932,13.40614,14.28585,14.16412,14.5431,13.98992,11.25478,14.29789,15.97924,15.90885,15.1469,16.47453,16.39261,17.83984,17.52534,17.53345,18.92986,19.45529,19.40129,17.91102,18.14591,17.77507,19.11991,17.92524,18.68863,19.04085,18.19869,16.98316,17.2534,16.30943,17.93864,18.44007,17.41709,17.65607,17.01419,15.00557,13.39341,14.28304,12.22829,15.62689,16.22138,14.67662,16.00419,15.40732,13.87576,12.9343,13.26648,14.24405,15.85889,16.18929,14.772,16.34514,15.45167,15.36952,14.08095,16.63154,17.06007,17.90657,17.96381,18.20621,18.03656,18.37344,19.44274,18.99687,19.3743,17.93792,15.47606,13.73968,17.46363,15.83868,16.93824,17.608,17.03366,17.35841,13.94994,15.49951,14.85412,14.56517,14.35667,14.75489,14.67254,13.64527,13.7472,13.06922,14.46821,13.77053,13.13725,12.70097,13.01469,12.87563,11.7837,10.6803,8.71051,8.65203,7.56322,3.14107,6.05486,6.92449,7.99802,8.63293,7.52952,6.90495,9.18653,6.11907,8.80751,9.19527,8.90915,8.82306,9.13212,8.87753,8.62782,9.97308,8.11541,10.14878,10.39088,9.30079,8.48603,6.68537,8.18252,11.08697,12.06858,11.9298,12.38528,10.90309,9.09968,9.06325,8.22633,8.5301,9.42196,9.90135,10.32689,10.82219,9.28169,6.76317,10.31003,10.83594,11.01174,11.1901,11.724,12.49346,12.57842,7.48382,9.84163,9.40735,10.75047,10.56449,9.82479,10.77049,11.40632,10.60989,10.02638,8.39489,10.05581,11.77273,12.1878,11.60798,11.72931,11.86495,9.98402,12.08449,11.8628,12.12631,13.19258,12.28158,12.44066,10.99229,11.67743,9.60312,11.24487,12.12318,12.64231,13.16237,11.2774,12.95733,10.99687,13.52704,10.47547,11.42289,13.42536,14.63526,14.39312,12.96029,14.24348,14.23191,15.59126,12.89366,13.28431,13.65045,13.63146,12.84859,10.82609,12.84768,13.0358,14.22574,12.16456,13.4048,13.30076,12.8451,11.92666,11.57349,11.06996,11.88072,13.91141,13.44059,13.27978,12.73917,11.80891,8.51997
dcl,9.76713,12.18576,13.56965,12.31265,12.63669,14.02862,13.02562,11.5458,13.19215,11.67893,11.33884,11.29071,10.66166,9.35964,10.1007,9.97104,9.44054,9.07386,9.42006,7.91772,7.84349,8.33174,7.85691,7.46008,7.01052,5.61829,7.11572,5.82649,7.12343,5.31267,5.21796,5.69471,6.34702,5.64232,4.51951,4.51271,5.82993,6.89272,5.12395,4.62516,4.58578,5.15504,6.32764,5.9521,5.23162,4.47176,6.96638,5.03301,4.13548,7.40131,7.09546,7.07767,7.22221,6.76453,8.11424,8.39971,6.42741,8.89317,9.96263,9.28193,8.39664,7.61234,5.85978,7.067,7.69632,6.86501,4.35304,4.04509,6.32758,6.6689,7.0959,7.06933,5.40725,6.90189,7.03823,6.00976,4.50102,3.01419,4.51556,7.52953,7.80447,8.19492,7.39614,7.47056,6.96239,5.83959,4.43271,5.35692,6.1289,5.73471,5.76182,6.42766,7.65264,6.34288,3.37096,5.83559,6.71616,4.072,5.39932,6.9715,7.3664,6.2667,6.62851,7.82507,7.56487,8.26546,7.58396,5.5862,7.01077,6.72369,7.84992,8.12568,8.76147,6.712,6.54117,8.4723,7.58421,5.97214,5.86469,7.73663,6.56501,6.28363,3.41241,7.35719,9.07812,8.50949,1.06714,6.35285,7.4687,6.30497,5.97325,7.26717,7.81067,6.96876,5.48232,6.5317,7.01928,7.6164,7.17104,7.04666,4.5931,5.48929,5.63728,5.70363,5.61804,4.14211,5.29707,7.29998,5.95798,6.11861,6.86203,4.99457,7.06803,4.19821,5.05564,6.77201,4.2598,7.42135,6.02642,5.1298,4.45191,4.86776,2.93992,5.37204,6.32159,4.98664,4.98984,6.05636,6.7513,7.30393,6.40612,7.61093,6.70367,8.3453,7.35571,6.06159,7.40395,8.59457,7.56942,7.60829,8.91014,8.31919,7.16464,8.38276,9.51973,8.75973,7.65171,9.08824,9.74837,8.99967,8.80074,9.74958,10.01515,10.1326,9.75756,9.75785,10.41945,10.5849,9.48532,9.89965,11.10696,10.50735,9.13739,10.83432,11.33408,10.04474,10.18796,11.45889,11.28669,11.07744,11.07111,11.23379,11.32048,11.80448,10.78862,10.8877,12.15475,11.52896,10.20781,11.93339,12.46434,11.15039,10.93942,12.30472,12.08352,11.5443,11.6496,12.09555,11.66219,11.98292,11.75948,11.48386,12.04283,11.74237,10.58533,11.55971,12.28935,10.98772,10.24704,11.76925,11.39695,10.48204,11.38676,11.64686,10.4735,10.95847,10.9016,10.30188,11.09346,10.93125,9.40142,9.75849,10.70827,9.44994,9.11683,10.02518
sh,12.15406,11.38733,7.86952,12.08469,13.62595,13.61707,12.12914,11.94571,8.25269,11.46203,12.76729,13.57521,14.03098,13.83481,12.75561,14.22748,15.12754,13.66787,12.72206,11.84004,12.22035,11.5519,12.88965,14.53811,12.74175,12.81573,12.86045,12.22146,14.22108,14.73268,14.80525,13.48315,14.32375,14.20634,13.31473,13.15187,14.98467,13.83755,14.63458,15.5913,15.43711,15.42067,14.90256,13.66181,11.6212,13.50693,14.36885,15.11058,13.56569,13.32963,17.18604,16.82225,16.15442,16.90045,15.68524,16.10189,14.09903,14.12058,14.20588,15.02139,11.9645,15.23492,16.31597,15.68163,15.28582,14.89618,15.52599,17.67276,17.58846,17.88749,18.34978,17.15709,17.60593,14.99092,17.58902,17.96524,17.26442,15.96859,14.69009,15.51143,14.95512,15.31392,15.76323,14.68475,15.6379,16.61044,15.36203,16.05032,16.21394,13.5131,13.88526,14.21696,15.96756,16.50722,17.72575,17.31258,15.31241,13.95035,16.92456,17.24272,16.78987,17.31081,15.33496,16.07026,16.76077,17.17895,17.05408,14.91149,15.08615,13.89036,16.48251,17.15043,14.24351,16.51531,17.24348,14.6026,15.98236,15.00258,10.7528,15.50644,14.77606,14.03436,15.30235,16.05343,13.59044,14.82978,13.64492,16.44185,15.13506,15.15579,15.37566,16.17215,15.75073,12.67759,16.14871,15.58674,15.96493,16.48203,15.41004,13.92916,15.674,16.52935,15.66457,14.66596,15.37723,14.2162,13.853,13.66438,12.04419,13.45425,14.4697,16.90148,16.82107,13.02903,14.84792,15.0893,15.30736,15.04387,15.85567,15.10075,11.81454,15.022,14.12524,14.78077,13.78258,13.05085,12.85872,14.33016,12.22879,14.069,15.56249,15.38,13.95947,15.66993,16.00114,15.94907,15.29338,15.19457,15.95635,16.44116,16.38882,15.99873,15.66135,15.19686,15.54408,15.1277,15.55445,13.85046,16.18094,15.63739,13.77643,14.97977,16.1124,15.10512,14.81095,15.0176,12.54715,14.89306,14.96593,14.52927,15.20719,13.50553,12.8967,14.82022,15.29092,15.39051,16.1,16.04457,16.773,16.75213,15.87528,16.10328,15.71819,15.23965,14.54638,15.45181,15.88574,15.04878,15.99885,16.33787,16.83958,16.86889,16.29857,15.46028,13.6611,13.1911,14.07456,15.1543,16.02742,17.12837,15.22044,14.16768,9.75983,15.00754,16.42899,15.54737,16.4118,15.80684,12.56983,12.41721,13.79735,15.72347,13.12379,15.20243,15.56354,14.55597,15.01847,15.42178,12.65412,9.2345,13.14438,14.39171,15.60729,15.28644,15.11273,14.86803
dcl,10.88465,4.80879,15.02739,16.50467,15.14171,7.5597,15.18709,16.20356,14.14106,9.89212,12.94306,12.62284,10.80726,9.28412,11.57238,11.23584,9.23445,8.88653,8.81798,8.28904,9.39542,8.48981,7.86333,9.00999,9.51197,9.68491,8.99753,10.45519,8.37967,8.57777,10.38564,5.83378,9.45701,10.05647,8.97521,9.69595,9.32648,9.64959,8.26057,9.42033,8.89766,9.12432,8.45711,8.67627,8.42202,8.2594,8.8383,7.08971,8.17648,8.31561,8.46553,8.94525,4.95671,9.16551,7.8452,9.31222,6.53601,10.14415,11.1132,8.01092,7.31628,9.76322,8.41173,9.80313,9.22863,9.71491,9.36088,9.37603,10.04925,9.75003,10.08741,9.76257,9.18904,11.12227,8.66126,11.6591,10.40782,10.43069,13.31521,13.08538,13.20483,10.76139,11.11151,10.94284,9.609,10.49414,11.20242,9.60321,10.00283,10.0173,8.06183,10.00198,7.5169,7.77899,9.73418,7.30323,9.26506,8.91629,8.96485,8.73384,8.97865,5.59441,8.53575,9.115,7.41926,8.95696,9.68793,6.79006,7.19972,8.10967,9.18778,8.98113,5.65637,8.08133,6.58413,7.19801,6.89327,4.74891,7.0824,6.67123,3.67095,7.35011,6.89035,5.01046,5.64564,4.66105,4.35309,5.31194,6.51462,6.17581,4.80561,7.04695,6.82472,6.85501,6.48242,4.34737,6.53629,7.02647,7.10394,6.759,5.70966,5.46627,5.4334,7.54753,6.40419,4.89171,6.28168,6.79766,6.68011,5.84686,4.98147,6.26534,2.88143,7.05289,6.36983,4.5618,5.96561,5.08948,3.64171,3.75324,5.68266,4.38559,6.05052,6.25706,2.76059,1.43739,6.28225,4.47567,5.87615,5.88335,6.18873,4.8677,5.73743,6.15744,5.4846,5.38301,3.17754,5.25329,5.82391,4.95494,6.75086,5.19974,3.07986,6.19306,6.2526,7.07423,5.74679,6.44447,6.5148,3.4286,6.40249,6.57859,6.89617,4.79683,3.60609,2.67706,3.49866,5.65535,5.88261,6.1597,6.30818,2.98163,6.18918,6.56353,5.9202,5.3239,4.81067,5.54619,4.98366,6.6218,4.64463,6.89634,4.0444,4.35505,3.60679,5.56695,6.32009,7.03986,7.08505,5.7221,4.76863,6.34856,3.03124,5.2304,5.712,6.58979,7.06251,7.1286,6.58063,5.61637,6.27729,6.433,5.53712,4.66447,3.49662,3.20975,4.17987,6.68117,6.85448,6.02111,3.7299,2.38268,5.31118,5.40692,7.19541,6.44025,4.2916,5.43722,3.10867,5.10804,5.66085,5.10833,3.93612,-0.0862,5.49246,6.28176
dcl,10.50533,10.97086,13.06107,12.2926,13.05384,7.28125,13.84725,13.58802,10.21615,10.09612,7.9781,8.60675,4.7982,7.8148,8.37255,7.18352,8.67409,5.7926,7.0345,5.29406,7.75664,8.40254,5.98265,7.41981,7.83014,6.06603,4.87409,5.9173,6.91259,6.18442,5.58813,4.95907,6.81056,5.37974,6.17866,7.30426,3.35286,6.7294,6.7024,6.58065,4.86013,6.73646,6.81431,5.17922,3.15409,6.20174,6.85569,5.32579,6.70847,6.22547,7.59451,6.95439,4.78412,7.20818,7.43224,7.3626,8.71235,8.57489,8.60735,7.80732,6.47318,5.78747,6.9165,5.89376,6.59385,5.04061,4.49987,2.8766,5.74828,5.63317,5.59564,5.01742,4.64968,5.17531,5.44639,6.94087,7.2704,7.31504,5.43592,4.41678,5.53657,4.53821,5.20491,1.98364,4.675,5.52863,6.59186,7.09077,5.54719,3.60363,5.26478,6.92047,6.89008,2.333,4.09704,3.79082,5.38615,6.18227,3.17836,5.25677,5.50025,5.21801,5.25316,3.66509,4.46929,4.20728,5.06141,5.62618,2.95558,5.05713,5.65418,6.40868,6.96933,6.28371,4.03811,4.72099,4.83596,5.02961,5.8609,3.033,3.46717,5.50269,2.48785,5.09119,5.21432,4.85536,4.73352,5.8474,7.08107,6.66808,6.83791,6.42986,5.56999,4.44201,4.91748,2.70882,5.90905,5.67102,5.87763,6.28027,3.94752,4.14279,6.32513,7.24983,6.75633,1.50009,4.00698,4.74169,4.84819,6.43945,5.58025,4.75027,5.48863,5.7503,6.15757,1.87183,5.62322,5.66166,5.21443,4.35048,6.96313,5.39483,5.97612,6.38105,5.83679,6.33807,6.34232,6.46688,0.8387,6.27851,5.99801,5.33985,6.0942,6.53985,7.15756,6.95464,4.61145,6.88299,6.54258,3.97903,3.20706,5.53946,6.73893,6.55555,5.97047,5.26388,5.65024,5.97651,5.51017,3.25888,5.07289,5.20152,4.92913,4.44055,5.29114,4.41346,5.90679,5.93806,1.92575,1.00337,3.43429,5.21217,4.21608,4.06857,6.92389,7.49075,5.31994,5.08343,5.24736,4.69326,6.1553,5.94584,5.44929,5.94972,6.39435,5.53069,5.23479,5.8102,4.63009,6.34898,5.92387,4.05415,3.34009,6.11458,6.0423,6.45053,7.12515,7.02821,6.59861,3.90062,5.36266,3.74822,3.5619,3.55302,4.21476,5.67212,5.18085,4.77434,5.43761,6.91815,5.5184,5.5965,5.74977,4.67093,5.49842,6.45423,5.56864,4.09941,4.16125,3.97778,6.21261,6.3809,4.83142,4.13589,4.48602,3.53723
sh,9.77879,7.1376,9.69061,6.13251,10.2255,10.90304,10.30634,10.61615,9.32388,10.79658,10.98325,12.83849,11.6557,13.95603,13.63091,11.59855,12.49768,12.91825,13.12096,12.21573,12.5146,11.52729,11.95182,9.49773,10.82242,10.81068,12.66612,12.59293,12.39356,11.51688,11.82581,10.84644,11.55945,12.34782,11.49023,12.76273,12.94781,12.45829,11.77998,12.94488,10.58888,10.73978,11.3662,13.85331,14.80175,13.78415,14.53771,12.87567,13.50513,11.41688,16.12994,16.64024,15.02236,15.76196,14.04362,13.58217,13.29225,14.37288,15.12893,13.73174,15.4116,15.90387,14.92006,9.48946,13.53484,13.95149,13.32541,13.95626,14.41419,13.91915,14.20542,15.44638,15.42332,16.1806,17.12101,16.16006,15.43491,14.84562,14.12261,15.57863,17.11718,16.87529,16.8849,14.23307,14.78507,15.97136,14.66865,16.56605,15.84988,16.01132,15.39059,14.66243,15.2358,12.31943,15.91176,16.2607,17.38369,18.55142,17.27847,14.84074,16.0583,16.91642,18.21228,17.12458,16.78186,17.35938,12.63301,17.32617,16.8042,16.80871,15.38464,14.81824,16.77328,16.70942,16.38616,16.46652,16.41271,16.32197,16.10111,15.52359,14.56797,16.61321,16.67461,16.11033,15.43264,14.16995,14.68636,13.99151,15.35318,14.67145,15.72147,14.8233,15.61959,15.9551,16.50625,17.11248,14.93081,14.13083,14.07899,15.77903,15.83374,15.06535,15.79282,15.36608,12.53724,14.15428,14.79306,15.69718,15.97483,15.339,15.01033,12.96256,15.83098,13.93282,13.63142,14.31078,13.60605,13.37122,12.53398,13.5236,15.11832,15.58055,15.24635,15.21293,15.00886,12.05763,14.40007,15.02876,14.38612,14.30003,13.45358,15.46099,15.66327,13.52196,13.91118,14.35059,14.02075,14.20417,15.24469,15.20304,14.82124,12.30939,14.61726,15.81322,15.02468,14.11546,14.01853,13.24315,14.26385,15.45419,14.74404,14.10453,11.19504,14.44625,13.40479,13.59794,15.24003,15.39912,14.99283,14.06949,12.79642,11.30768,13.84517,9.39943,13.46079,14.05615,14.5094,14.08765,14.0029,14.36872,15.38958,15.12238,12.81379,13.61513,11.64906,12.31641,14.88181,15.44617,12.72797,15.43051,15.64453,15.09933,13.0375,15.17336,15.33081,13.7893,14.52044,14.33195,13.46261,13.96258,13.0569,13.60311,14.93236,13.30053,12.0706,14.13186,14.94374,14.53877,15.4362,15.17718,13.20128,14.30624,13.0557,14.43071,11.96734,13.54645,13.21282,13.92679,14.22975,13.1965,15.38408,14.11601,13.9606,14.77211,15.16126,14.09106
iy,9.96766,10.81773,16.4819,19.73061,19.34067,14.80524,14.62634,19.75166,21.13096,19.26218,13.25539,17.21818,19.38515,18.45992,13.37642,13.39187,16.80693,17.49264,15.22137,10.73293,14.51992,15.43507,14.14972,10.28314,13.79103,14.68234,14.33949,12.53734,13.33097,14.84687,14.88753,13.6266,10.62,13.88021,13.81594,12.15616,10.36541,12.26115,12.77071,12.50474,11.54582,11.56359,13.18191,13.61136,13.03469,11.54787,12.47933,12.19004,10.59096,11.36354,12.71326,13.01722,12.63512,13.03265,11.94258,14.15953,14.00747,13.53858,13.1899,14.30023,14.47831,11.74488,13.41754,14.09731,15.00483,13.46427,15.47287,14.61567,16.85443,16.89409,17.43027,17.75204,18.04275,18.98163,18.60773,19.47045,17.38729,19.61834,18.65405,16.71192,17.68269,18.34266,17.40252,17.1898,18.45985,17.13368,18.90901,17.44333,17.30866,17.85917,16.34924,16.76697,14.89355,15.91988,15.97684,15.93568,13.92297,16.20415,15.86285,16.85632,16.51432,15.94537,16.36003,15.57949,16.28614,12.30013,15.79899,15.287,16.76436,13.69192,16.73333,16.77007,17.85583,17.16112,17.00836,18.47397,16.60114,18.97898,17.4312,18.36528,17.60285,17.07161,16.30466,15.73998,15.93651,17.06739,17.23601,16.42088,17.47041,14.38541,18.09844,17.66232,17.26042,16.69381,17.06478,17.29113,15.25537,15.66178,12.17997,15.34877,12.5173,14.67992,13.08786,14.50014,14.20755,13.19687,13.6543,11.72562,12.65711,13.32869,13.08085,12.99607,10.16881,10.89682,11.9115,11.36225,9.31852,7.32739,10.73791,9.77315,10.87582,9.86765,8.44461,8.6685,10.43316,8.08346,7.15922,10.04233,10.16299,10.65587,9.31865,9.12288,9.97855,11.11001,8.7926,10.00928,10.99123,11.68624,9.16242,8.88899,10.31089,10.72367,11.00855,10.98385,9.72948,10.41905,10.0758,9.85486,10.03604,9.40962,7.88258,8.60535,8.95991,9.90866,7.68768,8.23649,7.58456,9.82795,9.46791,7.4724,9.83113,9.62198,10.22953,9.90712,10.78949,11.1136,10.62638,10.3926,10.39846,11.85487,10.97843,10.70058,10.90518,10.02506,9.71394,10.87662,9.42535,7.42376,7.80285,8.69666,9.27668,9.52699,5.94028,9.91224,9.47511,6.25443,9.11731,6.69364,7.96605,8.01921,7.99111,5.56957,7.8494,4.28732,7.93321,7.38068,6.64418,8.13173,7.48412,8.74553,7.57221,9.98978,10.58584,9.532,7.30821,8.22226,8.72402,5.73775,8.84381,6.74881,8.95966,9.1226,8.13227,7.75634,5.82602,9.26422
dcl,8.26841,8.95776,14.85907,17.21841,16.16668,11.23692,13.25146,15.97256,15.25979,11.94443,11.90513,14.12483,13.87352,11.2417,10.41061,12.56067,12.23019,9.63038,6.06347,10.23713,10.21951,9.83318,6.00739,8.83399,10.18782,9.83728,8.485,5.94233,6.20111,4.4184,6.49917,6.09043,7.15126,5.37626,0.87831,2.81468,6.71869,7.54449,6.50057,6.58613,7.46864,7.73812,7.22134,7.85863,7.26473,4.98941,7.20207,6.4798,8.47225,8.37499,8.20859,6.4913,8.54239,8.17704,8.38791,7.24961,8.70184,9.05751,9.95246,6.85549,9.72494,10.31798,11.20783,9.59293,11.35071,11.81798,12.18754,11.2507,11.72091,12.26035,11.76424,10.78436,9.29679,9.30902,10.17034,10.0587,10.16256,11.93127,11.68978,11.12036,10.68112,12.41032,11.89077,11.14027,10.85022,10.43316,9.78057,9.08943,6.30184,9.05552,9.26724,8.05414,4.06721,8.56149,7.68144,7.69216,6.79748,7.09788,6.04617,7.32247,6.39509,6.38218,8.46659,8.97565,7.92217,6.77286,8.69281,9.27768,7.67453,7.61215,8.15436,10.20362,9.25866,8.79958,9.59283,11.54368,10.2044,9.65062,9.26996,12.02043,10.88763,9.83085,10.86276,11.83961,10.96389,7.3662,7.63657,9.94971,8.87756,7.81808,5.09808,7.78276,8.72852,8.46556,5.51273,7.26275,8.47091,6.94232,4.72099,7.02734,4.99459,5.83779,3.54491,5.59667,4.89771,2.45337,4.34132,5.00474,0.02391,5.34948,4.73047,3.07273,5.93133,5.84148,4.12502,4.11436,5.76712,6.02694,6.25357,6.66612,6.5258,6.00644,6.97016,6.8733,5.35749,4.64987,2.05841,5.88366,4.29352,6.293,7.72948,7.56097,4.5482,6.83212,7.14391,7.23249,6.66097,6.1244,5.49533,3.90423,6.51965,6.1288,4.9137,3.54423,6.20257,6.9911,5.50268,4.88502,6.2148,5.54125,4.6868,4.98473,3.70694,3.25516,5.42287,4.39076,5.14687,5.21277,6.37294,6.30703,5.62295,3.47028,6.19194,7.61321,7.33609,6.1536,5.50078,5.76819,5.45204,5.27875,3.67736,4.66605,3.85631,5.45622,4.41784,5.0909,5.03321,5.39357,5.84772,5.89446,4.39546,6.75094,7.34223,6.49339,6.11595,5.69139,3.16031,3.31978,4.68819,4.3204,6.09956,5.64701,3.17544,3.53076,4.19826,2.93771,6.38228,6.32517,5.39842,5.48527,5.15618,5.06529,5.70229,3.9413,5.50457,5.79049,5.70454,6.7827,5.50405,5.64382,6.14004,5.71888,5.76112,3.57845,6.05885,5.11847
dcl,8.89361,13.19037,15.47605,14.45736,14.60516,17.00788,16.08944,12.42071,14.75361,14.45024,9.80601,13.20158,12.72864,8.11578,11.5309,11.48439,8.65996,7.90694,8.69089,6.48844,9.23677,9.76515,7.0603,10.34113,10.44475,7.034,7.42291,3.17652,7.36454,6.3706,7.05622,8.49118,5.66584,4.50726,6.59487,5.15636,6.42188,5.63366,6.10417,6.90208,6.56087,2.95068,6.23831,8.61296,2.47702,7.52866,8.35788,7.51976,7.60038,8.92071,7.16441,8.96824,9.04701,8.82846,9.33666,9.82711,8.27477,10.81665,11.74159,9.16543,11.20559,12.36715,11.10718,8.01037,10.37367,10.62306,10.00262,10.17371,9.88183,9.19002,10.58367,11.06123,9.83028,7.26994,8.15794,9.2244,10.69299,10.63244,8.07502,8.52567,8.50088,7.90877,10.09274,10.2381,8.16598,9.71858,9.12699,7.30367,8.95669,8.64468,6.47797,7.19529,7.78424,7.04553,7.08413,6.87914,6.58105,7.72096,7.61386,7.2083,6.05964,6.39118,6.96031,6.95792,7.40671,7.92245,8.02722,5.71526,6.87322,7.1848,8.22251,7.60612,8.2395,8.67059,8.52161,6.92002,7.76776,7.90052,6.6981,7.34656,8.21082,7.25647,4.55207,6.36011,7.06947,7.13106,8.06657,7.51116,7.43093,6.84695,7.12445,6.03231,5.93491,7.06709,6.94591,7.68839,7.31091,6.8717,7.71111,8.38339,7.44997,7.42724,5.5276,6.14281,7.62554,7.51823,7.6834,7.64092,7.05075,5.83463,5.82793,6.27044,7.59572,8.29964,7.65181,5.98502,6.56364,7.45945,7.63853,7.46301,6.70941,7.51567,6.55905,4.96739,6.76002,8.03823,8.53374,8.46273,8.13287,7.76449,7.88505,7.58799,7.79619,8.43621,8.52451,7.77876,7.96893,8.04717,7.95294,7.80918,7.50569,7.61649,7.52965,7.59868,7.70139,7.64905,7.68291,8.13118,7.82853,8.0362,8.74171,9.0415,8.78957,8.35002,8.83948,8.86948,8.95496,8.76186,8.85342,9.33572,9.54209,9.47975,9.41858,9.46272,9.23936,9.20696,8.99291,9.04374,9.44152,9.55464,9.08948,9.26768,9.46893,9.30251,9.32547,9.31717,9.45835,9.46189,9.2424,8.88663,9.0418,8.66642,8.79471,9.00221,8.74064,8.52729,8.79018,8.54719,8.22632,8.15548,7.68902,8.29636,8.20704,8.16742,7.96659,8.4211,7.85717,7.46581,7.60698,6.89124,7.6992,7.98493,7.87769,7.62088,6.81284,6.03582,7.17455,7.29255,6.88038,7.19025,6.97608,6.52967,7.00326,7.28419,7.22353,7.12641
ao,12.02492,12.18832,16.78953,16.92702,13.63491,16.29435,18.19265,17.07095,13.7519,17.88372,18.67684,15.37861,18.02109,20.76801,19.72209,15.69756,22.07838,23.13522,20.79975,17.50234,20.68304,20.26245,15.62041,19.21767,20.56502,18.61664,14.57879,18.02011,17.99728,11.81552,18.23388,20.8459,20.03766,16.9686,17.63,19.47745,18.80995,16.16852,17.93736,16.85146,14.01657,15.56293,16.0015,12.93569,13.80985,15.65624,14.50641,6.14846,13.54928,15.24052,12.32,12.61416,14.53307,14.76815,13.24427,15.5325,16.51296,14.50612,15.25831,17.76536,17.52584,14.65689,16.22132,15.98994,12.03696,11.83219,14.23196,14.70436,11.88433,13.30974,14.5187,12.58193,11.18982,13.99338,14.28698,11.92312,12.52274,14.22395,13.38197,10.99113,12.44739,12.92405,10.10204,9.21947,8.66147,9.81509,9.80762,10.34537,10.15881,6.82303,9.04592,8.6198,10.28916,9.04471,10.85496,10.98505,6.98657,8.6792,10.35086,11.63973,11.75419,11.58572,12.51546,11.59656,8.75399,11.25813,11.02509,11.03644,8.96001,10.72014,6.99178,6.16414,8.02875,9.74248,8.4479,7.60818,7.17652,8.85602,5.54221,8.94708,8.66442,8.40512,4.53289,9.03778,7.79808,8.37317,8.76819,8.34888,3.28761,7.91265,7.35012,7.06185,9.19356,9.33454,9.74638,8.65769,9.66478,9.23372,8.78404,8.35187,9.77286,10.70292,10.29621,8.46259,9.92497,7.56431,8.96148,8.46024,8.90823,8.86355,7.21708,8.0396,9.15281,6.59167,7.36096,6.88518,7.72131,7.58465,7.16618,8.39462,7.27839,6.87607,8.19131,6.32414,7.76721,8.92785,8.71996,8.91632,8.96113,8.008,9.10434,7.92591,7.90691,6.77185,7.73545,7.02977,5.81375,7.73886,7.90209,3.75548,4.87678,7.62836,7.52475,8.37667,8.89573,6.46315,7.75299,9.49341,9.93462,9.35465,8.06863,8.20821,9.56435,9.69855,8.0543,6.39175,8.60482,9.08962,8.84067,7.99372,7.15103,7.54872,7.45974,8.66096,9.55239,8.47924,7.67821,7.7684,8.69133,8.52421,6.81655,6.82153,8.17939,8.63312,5.41462,7.19099,8.66214,7.94304,6.03362,8.42555,8.73665,8.35983,7.97518,2.80792,7.88085,7.12387,3.86428,6.19421,3.32337,6.56301,6.30027,5.20391,5.995,5.84723,5.82191,6.66412,6.53044,5.08505,7.59146,7.73564,6.76154,6.68539,5.4043,6.2563,7.21064,7.7783,7.02699,6.86214,6.51929,8.19227,7.93989,8.4824,7.91632,7.91538,9.50516,10.52073
ao,7.44108,14.73996,17.76562,17.35561,14.10317,18.11534,19.06143,16.8895,16.26077,18.38763,17.82189,14.30905,18.64846,19.01745,15.97582,19.59632,21.02449,20.80692,19.43491,21.18203,21.16953,18.7907,20.4647,20.75942,19.89921,17.06525,19.05192,19.19708,18.02502,21.16222,20.78546,19.94366,18.20462,18.38414,16.41339,16.38286,17.08645,16.33592,14.83253,11.14045,13.87782,12.58576,13.27295,14.07433,12.93686,12.02758,9.69607,8.20989,11.13308,12.61361,12.76974,11.99952,7.87333,10.95647,10.95598,11.36476,11.90219,12.37804,12.25695,8.53391,11.33936,11.88422,9.45809,11.60109,12.65432,11.12737,7.78026,10.53529,10.97311,7.87852,11.64468,12.55077,10.79975,11.29429,13.01783,13.6949,11.81951,15.10469,16.39619,15.65112,12.9781,14.16994,14.4156,10.18785,12.63513,12.93859,12.24809,9.76213,10.1188,11.89165,10.74276,9.12936,4.58011,10.94374,11.81277,12.16904,12.40037,9.36777,11.83476,11.69956,11.93454,13.92835,14.69964,14.83282,14.73213,13.58287,12.75867,10.18,11.69014,11.6518,9.27466,9.10606,10.84272,13.02317,13.06821,12.00784,11.74024,9.56505,9.97204,10.02829,9.51669,8.34523,9.71096,9.74902,8.75368,7.8506,8.31558,7.36749,8.19968,6.36809,6.31201,8.14749,6.79033,5.93682,7.8219,7.76609,7.11375,8.51524,9.43102,10.89197,11.44475,10.37291,10.85266,11.60644,9.83161,11.54638,12.93013,12.73941,11.78507,11.73021,12.24878,11.04376,8.15065,10.73666,11.06837,10.36204,10.90731,10.65914,10.09416,8.27074,8.69633,9.82721,10.32728,9.33872,7.92734,7.95893,7.07557,7.2751,6.94807,7.10989,4.78959,6.68515,7.91906,6.42846,6.3937,5.71137,7.35302,8.35317,7.36791,7.8338,6.04986,8.11482,8.58033,9.32859,7.85014,7.67779,9.12044,9.95949,9.40792,10.46219,11.59097,12.06784,10.47108,10.40969,11.51241,12.07515,10.3543,9.24284,8.39903,8.61454,9.21022,6.87956,10.02991,8.61399,7.12749,8.73064,10.4747,10.8483,9.44345,8.6901,7.68978,8.70399,8.176,8.42345,9.35981,9.38537,9.20188,7.24604,6.94703,6.43587,6.83071,6.68211,7.69425,7.48273,7.83925,7.08812,4.20426,7.00486,7.42621,8.51415,7.91147,6.78802,7.51962,7.51994,6.98406,5.67558,7.9927,7.43002,5.07579,5.87477,8.21905,6.2076,6.24313,6.29919,6.84028,6.84428,6.31265,8.05136,7.82906,7.44406,8.1833,9.24317,9.52744,8.15621,8.69634,9.0917
dcl,7.62718,13.28694,14.05092,12.56792,16.73232,16.72205,15.86253,17.41617,16.4139,14.96503,15.47084,13.00512,13.87388,13.68851,12.37136,12.72957,11.61008,10.67343,11.28753,9.18765,10.37732,9.0803,9.55472,10.45559,10.17652,8.90689,10.83028,10.57882,10.86214,9.20441,7.67102,8.95012,7.5781,8.23264,9.35466,6.66354,8.98038,7.92149,5.31756,6.15956,8.29712,8.91727,8.45811,6.98105,8.24122,8.67092,9.4645,10.90314,10.43359,11.26807,11.8946,10.79467,12.97535,12.43972,12.16649,12.66263,12.04411,10.93528,11.47472,10.02609,9.28074,8.63273,9.12869,6.64158,6.77583,7.96859,7.09137,6.46665,7.58502,6.52055,7.7834,5.49847,6.44252,5.18191,5.26983,5.40938,7.08169,7.97765,7.33754,4.83611,5.84195,5.22114,6.22261,7.48171,7.15036,3.12193,6.00649,5.77971,4.34773,4.93789,4.15011,5.928,6.88711,7.71723,9.74572,9.33047,5.53702,6.55587,5.41095,6.99779,7.50338,8.61922,8.86125,7.76368,6.21757,6.16671,2.97168,5.75907,5.26543,3.9388,2.15662,6.6847,6.7407,3.33308,6.16672,5.25132,4.88562,4.49476,5.44585,5.213,1.8579,4.95104,6.94523,7.23005,5.86302,1.96825,5.2007,5.27769,6.65577,2.1894,6.62377,6.30808,6.39136,5.52597,5.58592,4.48337,3.95353,4.73726,6.78842,6.136,6.26015,6.27759,5.58231,3.88794,4.19163,1.33898,5.00646,5.61208,4.9894,5.40138,6.23013,5.99739,4.87912,3.63406,6.70593,6.21477,2.44406,5.23173,2.57728,5.69604,6.46047,6.77057,6.42955,5.63559,6.12881,5.88717,5.01647,5.73322,6.01462,6.50218,3.75495,4.71393,6.06576,7.2634,4.99552,5.95122,5.89396,6.0504,3.02373,5.10317,5.95121,5.29162,4.68017,4.89173,4.67912,4.31842,3.96883,5.58389,5.60248,5.09643,5.89966,6.2993,6.06888,3.93707,6.64975,5.11305,4.55613,5.89271,7.20425,6.14649,5.59093,4.1276,4.91144,7.09677,6.7283,5.60259,5.5182,7.10244,7.05787,7.20833,6.25263,4.88632,3.0495,1.04918,5.22126,4.86556,3.95489,6.53356,6.07488,5.67366,6.23627,5.26212,2.17073,5.67355,5.83185,4.88715,5.38336,4.39262,4.52359,5.39593,5.19892,4.49704,4.74755,1.91839,4.58693,5.42152,4.9141,4.86856,4.84291,5.5653,5.35364,5.2044,6.05026,6.1196,5.95535,5.25189,5.37586,3.12076,6.30438,4.97093,6.26344,6.30448,4.84519,2.98778,5.51623,5.76789
iy,8.8905,14.88763,17.14151,16.4533,15.5684,19.47655,19.4913,15.95624,19.4772,20.40987,17.92527,19.00675,20.66407,19.03268,15.45784,18.79507,18.075,12.23599,16.49293,16.53468,14.63354,16.47031,17.05507,14.47339,14.11611,16.55524,14.70934,11.59339,15.13474,15.64243,11.70812,15.59131,15.38285,10.85751,12.3372,13.5075,12.28516,13.19623,13.99565,11.0848,11.64272,13.49057,11.56469,11.55745,12.30824,12.59874,12.76385,14.15833,13.95656,10.71443,11.96169,13.84263,13.58486,13.67223,13.69563,13.72313,14.77642,15.94885,14.38881,13.28252,16.26049,17.70308,15.98383,17.31664,17.44789,16.02127,11.70573,16.80244,17.22294,15.92908,16.45001,15.11892,15.22976,14.96796,14.36403,12.81953,11.07652,13.66688,12.3388,13.46089,13.50581,12.74264,9.51351,14.37012,14.67062,11.94775,13.85465,14.58518,14.01763,13.24598,14.76518,13.84071,11.46452,14.64227,14.9648,12.09578,15.53967,15.90723,15.21447,14.29302,15.74003,14.68823,11.24424,11.58567,12.32748,10.9615,11.86736,10.25708,10.02187,13.10019,13.56488,12.30056,12.71188,14.68746,14.55231,10.43634,13.9494,12.97339,12.52447,13.9824,14.32598,12.13527,12.79884,10.04217,9.60634,10.30645,11.25444,8.26727,8.09852,7.56773,6.57054,7.10229,8.46709,6.60772,5.36521,7.12332,3.06964,4.81399,2.42596,6.21531,5.6655,6.3519,6.70855,6.49069,4.61203,5.71526,6.73063,7.53795,8.94744,7.12036,8.97201,7.85672,8.35551,8.61115,5.90185,7.90129,8.34711,8.16196,2.69219,5.95928,7.57393,5.65397,8.01245,6.58437,7.46888,4.49632,6.40218,5.79771,6.03261,8.5603,9.04804,9.53651,7.00484,8.95356,9.84919,9.34357,9.59445,8.53505,7.84945,8.51807,5.96396,7.82921,5.53972,5.92636,6.08489,8.27969,8.57301,6.45854,7.81436,7.60655,4.99133,7.71296,7.14838,6.29218,7.35597,7.60265,5.02224,7.66097,7.50099,7.89019,7.8329,8.97827,7.34194,9.33011,8.54926,9.90569,10.24827,8.96288,9.61393,7.51232,6.3864,7.22013,7.72822,8.89073,7.73416,8.53124,7.49431,8.41469,8.33259,7.26495,7.54096,7.15008,7.67266,7.46835,8.37197,7.54226,5.7401,6.47808,6.39817,6.03585,6.13611,5.61513,6.37508,6.17452,6.93647,7.21984,4.53009,6.3099,6.83352,7.07277,5.50086,6.03326,6.30337,3.20863,6.21854,6.2366,6.96256,6.67008,5.99747,5.75354,5.58497,7.53425,9.45347,9.42979,8.4867,4.02185
dcl,11.03856,9.78734,11.53504,15.13375,14.84779,10.0501,8.8002,12.03155,12.69149,8.84197,6.49041,11.81969,13.97703,13.40609,10.6186,6.9684,11.22501,11.83478,9.7456,8.81331,9.41333,8.73387,10.95592,10.5277,7.51455,8.83849,9.72779,8.35005,5.74057,6.44861,6.77187,7.31362,7.78012,8.82973,9.64741,9.37243,8.55659,8.75613,10.07542,9.47962,10.161,9.52337,8.64151,8.63019,8.04044,5.14462,6.11198,5.42636,7.10092,6.6489,3.81001,5.67982,4.90901,5.23779,4.85196,6.16581,6.60888,6.49942,7.18675,7.48592,6.95336,6.24714,6.90271,7.46654,6.29925,4.54461,3.10838,6.50252,7.61964,7.64987,8.53725,7.39259,6.86602,5.57079,6.90078,7.33332,6.31743,8.07788,6.91797,6.75936,3.2976,5.8219,6.47435,7.50554,7.16105,6.91082,5.93244,4.72343,5.64241,6.83146,6.52382,6.85193,5.4637,5.69178,7.41062,7.03824,5.95201,6.55384,7.15646,7.7093,8.0097,6.53436,6.11462,5.49077,6.40235,3.30449,5.66071,6.86058,5.65762,4.22703,5.16551,5.57098,5.96376,6.07812,-2.25056,5.06831,6.6129,5.69419,5.71194,6.44864,6.40163,6.35446,6.44566,5.67593,5.22378,5.88176,5.43702,3.93487,5.686,7.42425,6.4859,5.70868,5.61945,6.00726,6.19663,7.78431,7.15076,7.09535,3.20556,6.38439,7.88647,7.33869,8.00685,7.47287,6.74094,5.0823,6.11658,5.46337,4.73969,6.9543,5.62731,6.11825,6.40235,6.53884,6.54341,4.93361,4.60965,6.09628,6.57943,5.26804,6.15194,5.86138,5.46594,6.05162,4.14582,3.47613,5.60737,5.35532,5.58443,5.91628,5.25158,5.39132,5.83556,7.72528,3.82839,5.52992,6.3805,6.97214,6.27378,6.84233,7.1913,6.55829,4.40119,5.25882,2.0031,5.2661,6.27329,6.99686,5.38123,5.91069,7.00529,6.87693,4.28526,6.33146,3.91159,5.37076,6.68933,6.48857,6.38315,4.91444,2.99343,5.77296,5.88016,5.73521,3.31198,5.80766,7.07149,5.20403,5.54424,5.83483,6.6449,6.64058,5.11399,6.35041,6.43248,6.44609,4.98386,6.88394,6.55431,7.18193,7.09062,5.00664,4.97445,5.62965,6.16588,6.56916,5.32299,1.77107,5.16044,5.66052,5.83563,6.19696,3.52996,5.73252,5.76705,4.28009,6.83291,5.97426,-2.24331,6.28164,6.46134,2.07236,6.15632,5.30425,4.15244,5.49123,5.37164,2.90518,2.0289,5.51469,6.06368,4.86746,6.58613,4.15005,5.14081,5.99472
dcl,8.54961,10.20547,14.189,14.30423,10.93305,14.03465,15.55097,14.41534,11.86387,14.5568,15.06659,13.1964,12.02246,12.67299,11.69723,8.70473,9.32419,8.48235,8.10115,7.12477,8.22809,6.58634,9.62795,9.08689,10.11367,11.00788,11.11539,10.49354,8.50826,8.60438,8.11521,6.96616,7.25268,8.20879,7.72201,6.35695,6.54681,7.23648,7.1791,5.97736,7.0504,7.85982,6.72545,5.89936,6.29159,5.18277,5.30481,6.0675,5.41503,7.86599,7.816,5.31492,4.42093,8.60311,6.99259,6.70787,6.99879,7.10982,7.01272,5.97503,7.03076,6.91082,6.21757,4.82947,6.28129,6.37035,7.25525,7.50009,7.19653,6.25622,6.70584,4.83328,6.32683,5.75133,8.1887,6.09156,5.90598,8.24321,7.66811,8.9205,9.31758,9.868,4.91992,5.80932,6.65067,7.53233,6.4416,4.97327,8.03693,6.14622,6.66521,5.77845,7.03951,4.96931,6.1625,6.35659,6.75187,4.85282,6.67879,7.56204,4.5037,7.05073,3.96298,5.65573,6.6441,5.3839,4.77269,5.17164,5.36968,6.4395,7.49751,5.7459,5.84129,6.37468,5.47084,7.14265,5.29126,4.40471,5.6219,6.69324,6.79369,6.04821,3.43638,6.64234,7.63944,6.02229,4.36903,5.96157,6.51951,6.94771,5.95948,5.83667,5.33064,4.23634,5.75971,5.74736,6.55463,6.16823,6.44755,5.32,5.79419,5.74379,3.37848,2.887,5.04191,5.75027,5.29379,-0.24967,5.98612,5.4553,3.99259,3.72493,6.15415,7.05587,5.05557,5.08844,7.28545,7.09335,4.16199,3.43599,3.01583,3.20399,6.1094,4.93951,6.7219,6.09316,4.42499,6.16319,6.34113,4.28545,5.07596,5.91426,5.50598,4.8482,5.69579,3.59154,5.18327,4.03963,4.40888,6.21959,5.67992,5.2833,5.63798,6.82309,3.53066,3.62955,6.68081,6.70552,5.36905,4.34749,3.9002,4.22682,6.68976,4.39968,6.91418,6.18195,6.36113,6.23389,5.57191,3.74994,5.54069,6.24021,5.56506,5.67268,5.2443,4.0742,5.48759,6.48423,5.61019,4.6497,5.19751,4.3598,5.11137,5.08173,5.01606,3.81792,3.05948,3.2209,4.52349,6.66195,5.83545,5.35093,6.17772,6.46205,6.24239,3.85652,7.06711,6.6636,5.72836,3.67489,6.88071,6.40294,5.42343,3.81016,4.29564,5.37122,5.04942,6.42362,2.34023,5.91724,4.65644,6.28263,6.65384,6.9971,6.18993,6.09502,5.26414,4.99649,5.59202,6.42284,6.18572,6.47446,5.96668,6.52311,6.67268,4.29263
sh,10.9912,9.32639,11.4757,12.50476,10.76587,13.62639,14.03224,12.44191,11.20959,13.74768,13.20273,14.2558,13.77038,11.94892,12.50367,14.26582,13.20867,12.98217,14.66327,13.50719,12.15763,13.56823,14.13445,14.1167,14.6481,14.46939,13.85749,11.98677,13.82975,15.02313,12.75573,13.70074,14.14128,13.912,12.60011,10.12386,12.03509,13.22744,13.20298,13.82379,10.8607,14.76403,13.21248,12.33733,13.6832,13.52537,11.85244,12.40936,14.08527,14.38179,12.87368,14.79726,15.75349,16.30851,14.7464,14.47171,12.45149,12.78587,14.17758,12.23613,12.15547,13.1205,13.32101,13.41622,14.3797,15.12672,13.01892,13.3588,14.01199,14.71816,16.56568,16.44601,17.05219,17.73473,15.19488,18.17447,18.45642,17.46273,16.74941,15.6134,16.84621,16.67499,15.49262,13.83883,14.45084,12.52552,11.00162,10.59144,12.85007,14.12239,16.6245,17.18214,16.6955,15.37823,15.50221,18.02175,17.83988,16.98439,13.44981,16.27531,16.44837,15.9039,16.56953,16.74794,16.67802,16.79188,15.89238,16.29809,15.8092,13.75045,14.77625,16.30617,16.17993,13.44052,14.52009,14.25771,15.02055,15.30424,11.8021,12.91354,15.26075,15.20048,13.56222,14.09148,14.86753,15.19411,13.90671,14.38794,14.21933,13.12758,12.657,13.74598,15.01533,14.19993,14.58553,14.50606,12.01707,12.49071,13.27445,14.50877,15.39642,15.26823,13.87708,14.08086,12.94788,13.78966,15.1508,15.10286,14.51479,14.98974,15.42158,15.94001,14.80729,12.89416,9.76313,14.38565,15.08702,10.77515,12.78031,13.18975,12.65025,14.40461,9.4964,14.87056,15.68093,15.46991,14.69853,13.02734,12.55305,13.82603,12.90635,13.15864,13.07326,14.58904,14.48924,12.65297,12.65928,13.87815,14.30198,14.6107,14.48703,14.38777,9.41729,14.26329,13.28852,14.27557,11.77988,13.63064,12.44983,13.78647,14.73628,14.58676,14.29985,12.86052,12.84019,14.94126,15.19519,13.90286,12.69663,10.02044,12.8044,13.34938,13.00463,13.6599,13.30598,13.85044,11.521,12.40279,13.1014,12.88761,13.08664,13.67392,13.66886,13.40039,13.70451,12.21796,12.00079,12.87786,12.60406,11.51649,12.25289,12.529,14.31048,15.17937,13.94172,14.1108,13.62967,13.45591,13.80661,13.58728,14.28152,11.49647,14.07384,14.43037,13.96214,13.95601,14.03468,13.5825,13.31734,14.01619,13.60674,12.12357,11.43264,8.78067,13.82712,13.81688,13.02101,11.52628,13.15295,12.8236,14.33626,13.81582,11.39466,12.85143,12.04501,13.4876
ao,12.44682,13.10088,17.11715,18.01714,15.11234,16.00463,19.24067,19.08692,14.13843,17.70804,19.81274,18.40976,14.33298,20.5392,21.56953,18.84306,19.68989,23.33256,23.24278,18.90822,20.63818,22.82916,21.73991,16.49956,20.4052,21.86616,19.61838,16.51062,21.86362,22.19313,18.77329,19.41639,22.16196,21.3534,16.46033,16.24587,18.58592,17.19525,14.45596,16.48505,17.29436,14.75339,11.91684,15.78581,15.58865,12.22911,14.12324,15.7505,14.86772,8.85522,13.24878,14.81751,12.19171,11.12886,14.54959,14.51385,11.98242,12.11898,14.0992,13.53838,11.02367,13.17753,14.77708,12.82528,9.78165,14.25222,14.62768,11.56453,13.18258,15.49988,15.2289,10.81822,15.00216,17.16633,15.75993,14.58368,17.21772,18.46946,16.80178,12.84091,15.82636,15.79194,10.19406,13.76791,15.73167,14.67158,10.69127,14.02148,15.03207,13.10622,12.43387,14.87514,15.45016,12.15674,13.36158,15.84948,15.04956,11.20179,15.80807,17.2599,15.78483,15.49149,18.20822,18.59444,15.83583,14.59519,16.5279,16.2256,12.83091,14.71868,16.32976,15.32053,10.05357,14.64238,15.69402,13.55285,11.49618,13.54122,13.40983,9.21464,9.56512,11.7333,9.36749,7.93348,10.03159,9.39545,8.6485,6.40327,7.07871,3.79105,8.10763,7.65456,7.80767,8.2861,3.84947,6.91173,7.64017,6.98615,9.21746,8.54917,8.66162,6.09503,8.9023,8.78929,8.37537,8.45549,10.66828,11.07987,10.95921,7.96582,10.0213,12.16223,10.76439,11.63383,12.61051,12.97004,10.98979,10.74575,11.51831,10.98522,8.7272,10.20626,10.36728,8.54425,7.12523,8.64694,6.91587,7.30061,8.30164,7.73447,8.31008,6.70573,8.0537,3.50226,7.53415,6.39107,6.12786,7.77376,5.93432,8.07412,6.14887,8.88385,6.97856,8.49821,8.94219,9.77692,8.95078,4.91924,6.43907,8.94011,6.49359,7.04789,8.51009,6.83497,8.26871,5.27414,7.70771,5.96143,6.66947,8.29473,3.78597,3.45437,9.27333,8.00161,7.92871,8.14896,5.68775,7.62481,4.90924,4.98333,7.11465,8.06347,5.39172,7.48224,6.12353,7.52917,7.2007,3.03438,5.66276,7.72205,5.45014,7.51482,5.79454,4.91403,6.49516,7.10231,7.36961,7.33108,8.04018,5.12761,7.80356,5.8643,6.9267,7.63827,5.51286,6.5188,7.18744,7.71693,6.57437,7.1426,6.80226,6.51577,1.9376,7.83572,5.40238,6.89472,7.5036,4.78382,6.77981,7.26938,7.05966,6.61292,6.9398,7.65489,3.93771,6.94195
sh,10.78139,7.88454,6.92168,6.24993,7.25026,9.47468,9.56809,8.81159,10.11887,8.11215,7.85999,10.24821,11.36157,10.57214,9.35529,7.94603,8.73955,6.47366,9.02725,8.80591,11.457,12.00098,10.11911,10.70575,11.64381,10.28688,9.30591,9.80057,11.86198,11.97289,9.94478,11.5676,10.33746,11.60968,12.12204,10.26276,8.16413,12.59887,14.22941,13.7561,9.69356,10.03827,11.01624,9.44393,13.51839,12.90076,13.0977,14.01214,13.45363,13.66561,14.46799,14.98974,12.34565,13.69587,13.99866,16.81969,14.15711,17.72033,16.54508,12.50502,13.82716,13.73188,13.53253,13.74182,15.01487,13.17155,15.06379,14.46965,11.36071,14.4204,17.13974,18.39009,17.80168,18.66497,17.89424,18.14078,17.24975,16.4258,14.65308,17.69777,17.48896,16.70019,15.02372,16.35204,16.88373,17.97764,17.94234,16.91374,16.56129,14.36541,16.8408,17.00594,16.49446,15.94917,17.89714,17.35351,15.13015,14.25423,14.24311,16.93134,17.59065,15.54737,13.78976,11.65151,13.67241,14.53921,16.11002,16.05509,15.42333,16.22756,16.86003,16.53315,14.37235,15.18119,13.44044,13.77973,14.97197,10.96852,15.12921,15.77729,15.07906,14.08398,15.73024,15.45238,12.7265,14.75845,13.82446,13.73773,15.59079,15.45503,15.96837,15.99066,16.1526,16.33164,15.73432,15.08892,15.59018,15.32284,16.50375,16.95801,15.89714,14.58894,14.07941,15.39353,13.63299,14.74861,14.35893,14.03733,13.66764,15.57813,15.19316,12.54812,15.08544,15.49635,15.26741,12.8185,13.17422,15.49691,15.8776,16.24569,14.51101,14.76684,16.3502,16.06376,15.53027,16.4974,15.86851,16.18168,16.17795,16.59549,15.10452,17.0958,17.75306,16.34627,16.25584,15.97956,14.28662,15.93413,16.99273,10.64381,16.53504,14.27175,15.99987,16.75991,17.25676,17.32465,17.72054,17.22671,16.49481,15.98722,14.57916,14.61845,15.54059,13.5442,14.29956,14.24795,15.73078,16.05014,15.14954,14.27854,14.90082,14.48898,14.35272,15.44865,15.00032,13.72292,14.11926,15.00919,14.25936,13.95412,14.03558,11.16459,12.70805,13.49352,14.52811,13.08767,13.53992,12.26397,11.22587,12.43241,11.53906,12.74476,14.83937,14.05096,9.97008,10.36117,11.07694,12.44699,12.82998,13.49949,13.72359,13.07392,10.79471,11.78454,11.0076,11.99201,9.84748,12.85782,11.60387,13.34918,13.32785,11.97812,13.40448,11.99763,13.58761,13.2376,12.57152,10.70092,12.18686,12.00326,12.73905,11.49206,12.4328,8.94668,10.3516,13.03838
dcl,10.22572,6.67557,11.16859,15.53712,15.76838,12.34564,8.12057,13.42111,14.95944,13.30383,10.05275,9.27628,13.67625,14.07247,10.97104,9.92689,10.30718,11.11167,8.77911,7.56913,8.03482,9.84395,10.09933,8.66846,8.16338,8.66546,10.10426,9.31246,7.87452,6.73015,8.74879,9.07322,8.45272,6.17282,7.72701,8.06772,7.52234,5.84904,5.7746,6.92539,7.19932,6.33106,7.78578,7.28614,9.10333,9.22055,9.32656,7.3329,10.13975,10.10469,9.55792,10.02187,8.57611,11.70638,11.66112,11.29885,10.80176,9.78773,8.98277,7.04638,8.25638,6.03063,9.30556,8.91448,8.46832,8.74606,5.80329,8.5225,8.22564,8.9375,7.86279,7.85943,8.73189,9.12788,8.90318,8.673,10.82284,10.14921,9.43428,9.09073,11.45076,9.40613,7.04878,9.64663,8.14562,8.51417,8.6416,7.67149,7.89873,6.65342,5.13934,6.23794,8.30572,5.47934,6.82398,7.42064,7.99328,5.86184,5.1406,6.55895,8.25021,7.59417,7.51591,7.27001,7.43365,8.78574,4.45524,7.65246,6.98913,7.97251,6.07195,8.6685,7.45506,6.99986,7.71946,7.0501,6.61493,7.39006,7.44893,7.24725,6.86543,7.31233,6.48528,5.29371,3.61589,5.48396,5.32219,5.95323,6.12257,4.164,5.61797,5.30815,7.45276,7.45242,6.74416,7.25755,3.28493,5.84458,5.74334,7.38365,7.33155,6.75698,4.67357,3.24434,6.24585,6.31218,4.00975,4.90311,5.70699,7.29851,6.59274,0.37923,4.40536,4.2022,4.53312,5.14656,5.69216,5.07975,4.65394,2.94156,4.72754,4.79439,3.07105,6.12119,5.02232,4.61636,5.67842,4.77582,5.68565,4.30229,5.81495,5.74647,5.61621,2.42178,3.58037,6.113,5.90179,6.11526,6.23279,4.34917,5.34456,5.08247,5.76152,4.88779,4.11603,5.68272,6.75073,7.11574,7.13553,2.50951,3.60885,4.43058,5.11768,4.15777,1.72965,4.83186,5.65399,6.86945,5.9649,5.71904,5.86168,4.90365,5.83907,5.02122,5.42696,5.33197,5.95253,6.54077,6.57402,6.21327,5.90005,5.68419,3.87976,2.3134,1.73551,2.94529,5.77388,5.93056,4.12406,4.18046,4.51989,5.22294,3.89201,4.67974,5.85937,5.15652,3.45277,2.96526,3.50171,3.13275,3.67959,4.91804,0.13359,4.42741,4.70621,5.02178,5.10976,1.56926,2.75218,3.22877,6.65054,4.85681,4.74181,3.4996,4.79765,5.40678,5.08663,4.62349,5.93702,4.89014,5.9025,7.22409,6.57459,5.72374,4.99521,5.35841
dcl,10.08858,9.18323,13.73332,13.69932,9.7776,14.20431,15.70188,13.76327,9.68578,13.51473,13.40921,9.47981,11.57734,12.51634,10.56678,7.80801,10.96769,10.38167,7.54627,9.18054,9.90183,8.38085,4.53822,8.55254,9.04949,7.68455,8.6893,9.34078,6.60696,8.16128,9.15935,8.47529,5.85334,7.58603,7.90273,4.45509,6.40469,5.89955,4.08389,5.31557,7.35398,7.63454,6.8279,6.37004,7.38009,7.81351,8.83543,9.22029,10.12189,8.10865,9.57988,11.25494,10.44164,9.71209,9.20478,9.44043,4.63496,9.09309,9.52885,8.48497,7.66946,7.0243,7.91668,7.64734,8.32138,9.1595,9.4043,9.86577,10.09608,10.03206,8.70773,9.53271,10.49507,9.94297,9.6641,11.19734,11.15433,10.15372,10.7426,11.00386,9.89675,1.83184,5.58391,5.08459,5.50472,5.75145,5.60868,5.37245,6.12142,3.5713,3.23277,6.34135,7.43814,6.73867,5.45255,5.03716,4.44822,6.93388,7.35878,6.82107,6.08182,5.591,5.51022,5.23246,5.58954,5.54219,4.87795,4.66438,6.14436,4.99792,-0.27599,6.59564,7.18853,7.3885,6.72379,5.04395,5.91717,6.91128,7.12417,6.42814,3.33782,5.89274,4.19472,5.87489,5.60878,6.21559,6.71792,5.6616,4.34526,4.79508,5.3669,6.89943,6.21325,4.70955,6.49607,5.31984,2.33677,5.44043,5.61905,5.10865,5.8982,5.48491,2.62997,0.96943,5.38158,6.2362,5.49024,3.33277,6.00708,5.56879,3.76842,5.50358,5.21648,5.7696,5.98916,5.76308,5.54759,6.0139,6.43999,5.69637,5.42342,5.51519,5.91158,6.72794,4.57428,4.25919,6.12124,6.21268,5.86252,4.67672,5.34896,4.09372,2.71446,5.47019,5.91983,5.45361,5.33657,5.59498,5.7622,4.45346,5.73586,3.45675,5.1495,5.71814,5.29522,5.09242,6.00889,6.30366,6.13873,6.18977,4.83557,4.93603,5.09252,5.36107,7.0739,6.60961,4.58831,2.80312,4.71827,4.89086,6.45601,6.17074,5.2972,4.90392,5.3122,3.57315,5.83944,4.40773,6.36985,5.99315,2.76267,3.40368,5.58679,6.60659,5.45489,3.29692,5.92177,6.06002,4.92014,3.05695,6.12709,6.64573,6.72338,6.2541,3.19702,6.27145,6.94436,5.51256,6.31471,5.80855,4.91583,6.0533,3.34658,5.76913,4.79843,2.98826,5.32945,4.1787,4.60449,3.77039,4.75703,6.20631,6.16181,5.17732,3.09379,5.42015,5.61673,4.77652,6.21634,5.99147,5.0356,3.65732,5.08517,3.74382,5.23904,3.31465
ao,10.96676,15.93807,17.92697,16.4888,16.4259,18.58012,17.55157,14.88575,17.86071,17.06805,16.50448,19.09061,18.66153,16.66743,20.54,20.66142,18.024,21.33224,21.9131,19.48961,20.96949,21.33789,18.80556,19.00007,19.90654,17.23415,18.47383,19.76388,17.9578,18.58375,20.21373,18.75036,16.23493,20.59769,20.85394,19.8315,19.26862,20.52506,19.32315,18.9926,17.7764,13.3022,17.67859,16.9813,14.96726,16.29892,15.89837,13.85964,16.21213,15.74,14.67757,15.13591,15.07602,12.57958,14.71856,14.85991,13.31118,13.52499,14.58196,12.40229,14.20857,15.02594,13.81531,14.6375,15.63846,14.66804,15.56095,16.60541,15.9226,15.88583,17.76656,17.0339,15.39483,16.31627,15.44568,14.53811,15.67348,15.1476,13.68673,14.43551,14.41894,12.53839,13.7759,14.16264,13.02488,12.32794,13.83739,12.52117,12.90388,14.00468,13.2282,13.00229,14.78841,13.92167,12.9086,14.60994,14.2403,13.77356,14.8105,14.40925,13.4325,13.90554,13.06208,13.593,13.97457,12.92284,12.50698,12.82206,11.90687,12.78307,12.31493,12.00541,12.07984,11.79062,11.55398,12.01425,10.93597,10.87451,11.70124,10.66779,11.47564,11.13968,10.01665,10.58636,11.59508,11.37453,11.21965,10.52917,10.18721,10.42928,9.56944,9.67219,8.1515,6.76351,6.97179,8.68231,8.74887,9.05972,7.22209,7.10908,5.17517,9.50766,7.61923,9.04309,6.31795,8.20723,4.84839,8.94953,8.81131,10.32668,8.9552,8.74492,8.75671,8.45838,9.77846,10.81809,9.49998,7.64053,9.25393,9.01976,8.23118,8.33547,9.72077,8.64285,9.28821,8.39487,3.23549,5.32576,6.78808,5.77718,7.67546,8.10127,7.73242,5.75831,8.33503,7.08095,8.33301,6.98414,6.39082,7.01394,8.81778,8.91771,8.85146,7.38255,8.19179,8.74897,8.31561,6.00194,7.89851,7.55776,8.41913,8.9163,8.938,7.50335,8.91987,10.19064,8.8136,7.2067,8.79889,5.98494,8.76576,5.66663,6.50717,6.91147,8.43135,8.08145,8.03494,7.06753,6.18869,7.3569,3.70463,5.32794,6.20295,6.575,7.56508,8.52848,6.20794,5.72024,7.30482,8.04834,7.26798,7.22412,6.38221,6.51843,4.98391,7.43711,5.66998,7.69192,4.49073,6.0734,6.17039,7.40942,6.89983,8.01368,9.22285,7.41464,7.58257,7.74855,6.19006,7.10995,8.98747,4.84979,7.50775,6.56554,8.43267,8.6924,8.84832,5.68391,9.87367,10.03109,8.88135,11.37675,12.46893,11.71014,10.75084,9.13263
ao,12.57659,14.65292,18.01517,17.16457,14.69483,18.76408,19.06399,16.09492,17.22057,18.82155,16.91418,16.67812,19.64475,18.77364,15.90507,20.91437,21.31925,17.96493,21.18432,22.71024,21.10717,18.88639,21.2561,20.05835,17.42642,20.25322,20.29069,17.57909,18.19633,19.80387,18.21407,17.58388,20.78568,20.99955,18.92996,19.91968,20.33661,18.34278,16.74337,17.52052,14.22528,15.18728,16.74551,15.0831,14.32397,15.58829,15.08377,13.47178,13.95768,14.91945,12.79924,13.38621,14.88003,13.10282,12.43387,14.1156,13.62525,11.97476,13.0074,13.93055,10.75071,12.58584,14.30747,12.1298,9.30709,13.9726,13.42826,12.78793,14.12969,14.42164,12.20898,13.86756,14.64392,13.66636,13.5558,14.94528,14.87816,13.76316,16.75455,16.61599,15.28867,16.41783,17.80333,17.0257,16.27716,16.70676,15.97132,12.48042,16.67145,16.77401,15.0215,13.52083,15.82174,14.87959,13.78689,14.0526,12.53223,10.40376,12.70061,12.52979,12.53857,11.18792,10.14226,10.83649,13.5407,13.39037,12.63365,13.14059,10.24996,11.70032,12.21985,14.88917,13.11829,12.95115,10.60062,13.73762,8.65048,12.84468,14.10879,12.0601,11.6616,12.09731,11.95206,12.3227,12.90585,11.08217,10.49795,11.45987,10.07474,10.43178,9.88457,10.65553,9.85414,9.64671,7.81259,7.31952,8.11638,10.39813,8.8588,8.73104,8.49239,6.82978,7.78058,9.37661,9.96824,9.33409,10.28036,7.92981,8.56903,9.90126,8.44775,9.97195,9.97414,10.03005,9.69411,10.3242,10.14131,9.57979,9.56033,9.22915,8.25735,9.24312,10.88602,10.81887,8.50842,10.86329,9.28478,8.27412,8.20226,9.27275,9.85261,6.89579,9.21288,8.93202,9.66632,6.9937,9.82381,9.05272,7.33667,8.33903,7.43117,8.61659,9.39847,7.48436,9.17436,6.94104,7.38518,7.23874,8.09672,9.12026,7.96607,9.06072,9.03966,7.0656,8.41991,8.16889,7.75332,4.20116,7.54797,8.52807,7.43431,9.10102,7.73058,7.43371,5.04496,7.85676,8.55344,6.24753,8.14697,7.55657,8.33795,8.35643,7.46321,8.86625,6.86267,9.84828,7.25966,10.30472,10.24677,5.63291,11.31394,11.16091,11.23385,11.30651,11.22228,9.68732,9.12059,10.52669,9.73744,9.41636,7.69863,7.31666,8.85443,7.07064,6.76529,9.73256,6.47411,8.50656,8.74489,7.09166,8.7202,8.52651,8.32236,7.86724,7.98938,8.70048,7.06955,7.74776,9.43631,8.11048,9.41258,7.76974,5.3886,5.32044,7.43845,7.6393
aa,12.92012,12.27711,15.53996,17.5053,15.62485,11.66311,17.33028,19.29247,17.64156,12.07998,17.45037,19.33362,17.94606,14.34337,19.54265,21.7178,20.41395,15.74399,20.50758,22.87319,21.71448,15.45849,18.98506,21.74424,20.77469,16.3334,17.9524,20.30555,19.37876,16.0494,19.53253,22.02921,21.30082,15.64077,17.49633,20.87309,20.5613,16.5016,16.0569,18.91539,18.14247,14.83745,14.07529,17.15752,16.73432,13.43498,13.96685,16.7712,16.45825,14.23453,12.18297,16.64737,16.4244,11.23594,14.05986,15.8706,15.69651,12.49175,13.87054,17.38689,16.81437,14.11744,16.58927,18.1145,17.39642,11.99089,12.75914,16.36825,16.5259,12.80658,12.52667,14.4022,14.46292,11.54202,10.89157,13.75364,14.2809,9.68802,10.10878,12.65982,12.96798,10.5453,10.5383,12.67793,13.53887,9.0417,9.05114,12.25667,12.89928,10.91968,11.43746,13.23958,14.12425,11.14575,10.14194,12.79647,13.83357,11.25113,12.01315,15.00852,15.61148,13.28952,13.61858,15.0017,16.16925,12.97001,11.94409,13.76038,14.7141,13.23281,10.9171,12.2256,13.48793,11.27871,9.76759,12.71076,13.71485,12.21019,10.67231,12.08082,13.32777,11.89875,8.00322,12.75534,14.11454,12.71995,10.82142,12.15387,14.10085,13.1633,10.92649,12.11449,14.91163,14.37513,11.60095,11.07194,14.72245,14.16431,11.04304,9.18802,12.46787,11.59995,8.38457,8.78473,11.99632,11.26229,9.28271,9.78875,10.89075,9.03832,9.95347,8.15595,13.21869,11.70346,11.95835,11.4327,10.60039,11.29163,12.06837,4.69351,12.3855,11.39799,8.44878,9.97708,9.53659,9.70684,6.88361,7.95431,8.53818,6.41262,8.63808,6.69202,9.41781,9.31876,6.4071,6.77664,5.6635,6.60233,7.4082,6.66201,8.77365,8.91269,7.58952,6.29699,7.69888,7.65518,7.38578,6.97245,7.58526,4.80329,4.26001,5.13577,7.704,4.14731,7.32109,6.1972,4.87558,6.12563,6.08164,7.309,4.131,6.98323,5.9866,4.79248,7.60873,4.53581,7.15007,7.53678,6.09984,5.28315,5.51223,7.99685,6.10496,6.08649,6.71344,7.52261,7.89926,5.4187,6.44856,4.59113,6.79331,6.9879,3.33509,7.66679,7.16124,8.37692,5.17076,5.3229,5.87529,4.5738,7.56637,3.2006,6.45412,6.329,7.97955,5.19637,6.26889,6.05915,6.84988,6.60634,6.07805,7.58992,4.67489,7.10993,6.93389,4.33794,6.00861,5.76641,5.78801,6.58514,5.77421,7.02249,7.92793,5.81352,5.33135,7.60694
sh,8.94875,10.76586,10.37192,10.44366,10.44087,8.93542,10.48536,10.29551,10.47703,10.8848,11.64636,9.46475,11.16696,10.05134,10.97319,11.6418,12.33751,12.05481,11.85112,12.33605,11.08574,12.88231,13.58044,12.30025,12.81965,12.52379,10.05626,12.4045,11.17512,8.18533,12.51843,10.84253,10.66805,9.81874,11.31998,10.96912,10.58927,10.89462,11.32261,9.46888,11.53504,10.00298,6.29886,8.6805,9.80132,12.70685,12.2726,9.99861,11.30537,9.85062,10.97375,10.48106,13.28174,11.32813,13.0757,13.5651,11.31634,13.49878,14.57254,14.36718,13.99117,12.84029,12.83316,11.60959,11.82686,12.4027,13.09041,14.84187,14.80538,12.31608,10.65388,14.16992,15.55619,15.43082,16.20614,16.59309,17.79461,18.21742,17.33823,17.54833,17.43799,16.9212,17.31582,18.73586,17.52222,17.60439,16.84267,14.3821,15.87178,15.39903,15.09951,16.16825,14.89813,11.41117,13.66619,14.85391,13.81984,13.84515,14.63065,16.85974,16.62855,16.9131,17.25336,15.29244,17.94393,18.80097,18.94989,17.50042,14.85961,16.51676,14.73953,17.65655,17.18713,15.86398,17.54098,17.0442,17.4914,15.1391,16.20413,17.36412,15.6725,15.70547,16.65555,16.97177,17.6116,16.94572,13.51004,14.29916,14.58261,14.89768,15.76677,14.94565,16.62662,15.77949,17.13729,16.47766,13.50734,14.97777,16.68646,16.74899,14.46096,10.01547,14.83268,16.44729,16.15819,14.2781,14.61767,15.27991,14.90418,15.30106,14.29469,15.36895,16.8719,16.45929,14.97368,13.7034,13.23661,13.94008,15.57966,14.6801,15.05899,15.43314,13.22812,13.47652,14.29644,11.04524,16.02812,16.17795,15.94072,14.5045,14.94147,14.51268,12.40015,14.02757,14.63431,13.80795,13.81894,14.86557,11.66909,13.59884,14.74512,14.98571,14.68551,14.07532,14.85699,14.6242,16.13895,16.12186,15.80624,13.2458,14.64862,14.66261,11.50234,10.64541,14.1478,12.64138,15.57682,15.09392,10.1845,14.44651,14.61696,14.62181,15.18461,15.60806,13.93679,16.32217,14.85564,17.41011,16.78872,14.16702,16.33674,17.32082,14.62527,15.49203,16.19083,15.93198,13.97916,16.11407,14.7426,14.81068,14.53806,15.96746,16.85702,16.42699,14.88511,13.2267,13.35409,13.55313,14.22002,11.82826,14.47394,13.14452,15.16801,14.72743,15.01624,15.01682,14.86318,13.76519,12.75266,12.75122,11.89173,9.49789,12.43006,13.59227,15.15657,15.44982,15.59408,14.42977,13.41595,12.7294,14.37881,14.06591,15.31918,15.36875,14.41898,13.60826
aa,12.03835,12.76579,17.57455,18.67694,16.35576,11.88046,18.86091,19.30727,16.51989,15.29736,19.92311,19.81604,16.5184,18.19927,21.52995,20.93176,17.90367,21.48309,23.78641,22.97915,18.51011,21.14972,22.68634,21.53806,16.75479,20.07754,21.21317,19.64089,13.98346,19.39964,20.00867,17.79363,15.6097,19.51749,19.86383,17.63297,17.12691,20.38746,19.89435,18.15716,18.99017,20.52882,18.75196,17.84345,18.29308,18.70492,17.16981,15.7117,15.54033,17.11581,14.29648,10.40567,15.68094,16.3638,12.75718,13.55685,15.78642,15.90403,13.50464,11.0711,16.17401,15.70548,13.55885,15.80723,17.41,16.63359,16.33388,16.59522,15.69948,14.34208,13.51373,13.36844,13.98105,12.36227,11.74597,11.77672,12.3786,12.05291,11.99686,9.51638,11.13764,10.00153,8.19496,11.95069,9.80887,10.43401,10.74617,10.07214,9.50108,11.00548,8.55469,11.43033,10.59155,11.41524,10.57418,11.4286,10.03553,12.01517,11.4276,10.34093,9.87593,12.44266,13.67125,13.24218,12.03032,12.53267,13.77653,12.31634,13.30022,13.22637,14.7389,13.51091,11.58998,11.98674,8.63879,10.33974,8.448,11.21091,9.89446,9.83993,11.2682,10.824,11.01876,10.80535,10.00242,9.9207,11.5166,11.8347,13.18756,12.47308,12.55311,11.1726,12.94772,11.68196,10.29859,9.60518,11.17048,11.7928,11.19754,10.92355,11.98196,11.55523,11.40894,11.87301,13.30571,12.76678,12.47815,11.87131,13.89358,13.55535,12.06873,12.74362,14.78476,13.92226,9.77435,11.27865,13.25894,11.00452,8.5525,11.15541,12.15009,10.66407,9.00108,8.33177,10.6661,9.58518,9.0281,9.48444,8.3601,8.79719,2.1661,10.95993,8.57146,6.78663,11.07523,10.61493,11.15058,11.20223,12.28076,10.98523,11.39249,11.6462,11.28966,10.57055,10.00554,9.11002,9.69037,9.13692,8.24446,6.16168,8.73619,9.06481,7.13147,6.66132,7.72888,8.81873,7.17671,8.3666,7.96023,7.0557,8.3057,8.36486,8.11948,4.80315,8.85061,8.39716,8.31193,4.82768,9.26154,9.51674,9.6669,8.7908,8.58599,8.13286,8.13993,7.53354,8.14813,8.15149,8.19807,7.27089,7.87555,8.275,7.92387,7.41219,8.70844,8.12271,7.63577,7.94675,8.05768,8.02659,8.23954,7.75554,8.1892,7.87628,7.38041,7.66361,8.42114,9.14194,7.38094,7.96928,8.53125,8.26606,7.3772,7.16233,8.42928,7.46743,7.36432,8.35053,7.61688,8.0361,8.30553,7.1883,7.70928,7.95577,7.78472,8.77275
iy,12.50471,13.16284,18.41927,18.13217,15.21938,18.68618,20.309,18.8137,17.5061,21.6892,21.8838,18.36897,16.31922,18.24309,16.81137,14.22463,17.35991,17.49401,13.262,15.03098,16.75961,15.24733,12.62481,15.98827,16.2948,12.88276,12.90247,15.17273,13.5894,11.24909,14.62607,14.77001,11.76717,12.56796,14.48643,12.83419,10.31191,14.21529,14.07775,11.15746,12.45448,14.30553,13.18522,10.49969,14.15044,14.06861,10.36399,13.65498,14.91539,13.87528,11.99629,14.62752,15.00985,10.51758,14.57334,15.96907,15.08071,13.61564,16.61267,17.25156,12.61959,16.76727,18.81707,17.82975,17.10452,18.77973,19.27785,16.69097,16.3373,17.59717,16.6525,15.4344,17.56522,17.56635,12.99899,16.66135,17.87708,16.34433,16.73717,18.24554,17.88855,14.91236,16.52074,18.14126,17.32108,15.9243,16.55487,16.76087,14.21115,14.62357,16.0486,15.51948,14.04116,15.30151,15.8066,14.10593,13.97603,15.74524,15.09481,13.75177,15.47546,16.00678,13.7745,15.04843,16.23583,15.40819,13.83032,15.86381,16.13016,14.24699,15.28812,16.19114,15.48635,14.06562,14.67351,14.71878,12.15465,13.82351,15.5124,15.25754,13.2789,14.15306,14.87926,13.3626,13.71025,14.23529,13.6326,11.46217,11.9593,11.8233,9.7682,10.87511,6.71546,7.41016,9.02798,9.79344,10.39079,8.10862,10.25069,9.65838,11.78043,10.66014,9.67205,11.16908,11.11651,11.32243,7.41989,7.00196,10.36921,8.09813,10.46553,11.86591,11.26766,10.65273,12.22855,10.13321,5.5561,11.83991,10.60106,8.80563,10.39724,10.76161,10.91218,10.05177,9.89682,8.3782,9.31868,11.4955,12.21303,12.58498,13.29584,14.09198,13.39038,12.42692,11.5079,11.84908,11.57085,10.71282,10.74251,9.04643,10.31031,8.84337,8.03297,10.00406,9.21229,9.04099,4.57059,8.04138,5.73279,9.3043,8.44787,7.44749,9.75116,6.44503,9.15882,10.32475,10.64658,10.19362,10.75122,11.61608,10.41887,9.96914,10.4411,9.33226,10.27697,8.19866,7.37199,10.168,8.23161,10.28945,10.05063,9.78133,9.73784,10.92372,10.00686,8.58681,11.30386,9.62995,10.33145,10.2095,10.68827,9.64323,8.77507,9.1712,7.46517,10.1404,10.11087,10.754,8.87212,8.00879,5.44153,8.48696,7.93351,8.0387,8.25157,7.28724,7.92033,7.7535,7.64617,8.70281,6.46085,8.58858,6.99152,5.98345,8.1825,7.29809,6.57319,8.79607,8.66845,8.47567,6.5343,8.0843,8.20592,7.75313,10.30794,9.7378
aa,9.74861,11.00491,17.75589,19.54348,17.89619,11.74109,18.55688,20.4415,18.74348,13.52969,19.2858,21.19287,19.54492,15.95992,21.4092,23.25559,21.63857,17.6572,23.0115,24.87019,23.41587,17.53549,16.95621,18.59646,17.55802,15.04179,19.45413,21.24777,20.00398,15.7586,18.68049,20.58263,19.39502,16.56677,20.08018,21.87409,20.60974,18.10006,20.97387,22.35566,20.83716,17.22727,18.15713,20.06925,19.00319,15.50271,17.18041,18.96998,18.03161,14.86699,16.30059,18.03644,17.12902,13.91065,16.11025,18.0802,17.16023,14.32016,16.2536,18.20567,16.98649,14.80598,18.23646,19.46498,17.77124,15.84657,17.40447,18.06759,16.31285,13.24815,15.18507,16.68308,15.40814,12.96072,14.0522,15.81551,14.44708,12.43773,12.78554,14.96585,13.82085,12.53994,13.05275,14.8785,13.8759,12.71186,13.19833,14.65855,13.89773,12.28511,13.45939,14.58233,14.01003,12.22387,13.53444,14.39444,13.79515,11.85833,13.90752,14.75559,13.96204,12.22833,14.38274,15.50286,14.492,13.49226,15.15544,16.1336,14.56163,14.47535,16.42903,17.4072,16.00894,14.00385,14.24068,14.87435,12.78197,12.946,12.80051,13.41086,10.25935,11.78392,10.14651,12.65799,11.1853,11.45779,8.72462,11.87818,11.55333,12.7132,13.139,14.50374,13.07804,12.31788,10.96515,12.6199,11.40178,11.30659,10.75982,10.97279,8.74331,10.18622,8.61186,8.11374,9.38795,9.72306,9.23033,6.82146,9.43648,8.82427,8.55167,7.53711,9.4473,8.83795,7.43829,8.99487,8.29792,8.4534,9.17213,8.2749,8.98051,8.00597,8.37054,9.29168,7.42734,7.93743,9.30304,6.9417,8.84381,8.35296,8.57342,7.64813,8.89533,8.09533,8.48905,8.12635,8.18312,8.43034,7.77612,8.78349,7.52807,8.51184,8.17671,7.87988,8.05367,8.87686,7.7723,8.38165,6.86657,9.31851,9.37839,8.84263,6.21092,10.42319,10.64088,11.68394,10.70621,10.69661,11.23763,12.30746,12.17094,10.06545,11.56894,13.01387,12.32262,10.04724,11.69719,12.09873,11.5989,10.39393,11.16629,12.48002,11.52461,10.2179,12.18622,12.51673,11.8531,11.25199,11.98653,12.56953,11.66852,10.43428,12.615,12.82458,11.99199,9.51251,11.8317,11.04726,10.03167,9.83626,11.66778,11.84694,10.41231,9.46779,11.65503,10.31668,6.82995,10.25186,10.76787,11.25467,9.79255,10.18715,10.83611,10.75046,6.47542,10.60834,9.57118,10.65567,8.1236,9.47027,10.38726,11.49325,10.19665,10.69851,9.62443,10.70514
dcl,9.43556,8.48311,12.90085,15.86642,15.3432,10.8219,11.07269,15.72392,16.31629,13.39678,9.67114,14.41042,15.69027,14.76523,11.69582,11.75343,12.82864,11.10864,7.91336,10.11528,11.94394,11.60846,10.19386,10.177,13.12943,13.81437,13.04479,9.87055,13.59239,14.31598,12.75901,9.19943,9.89271,10.48124,10.94717,9.29476,7.07289,10.41487,10.71201,7.98411,8.63328,8.405,9.10178,8.44141,8.43811,7.58919,9.13771,8.26614,8.22995,6.39092,8.93715,8.93938,7.49326,7.01106,8.50058,9.52378,9.26878,6.26168,8.25777,7.48957,8.09865,7.09622,9.00321,9.95261,10.31117,8.66725,8.47048,10.16845,10.67334,9.12277,7.62752,9.02154,9.61741,8.19207,4.29321,8.25505,8.98191,7.54144,7.54736,6.23352,7.47461,7.25054,8.21607,6.57697,4.85761,4.83199,5.00053,6.228,5.58331,4.72878,6.45929,6.58713,6.52727,6.00982,8.02872,6.46799,6.72441,7.67848,7.37326,5.37813,4.80278,5.64494,6.68488,6.39898,5.87967,5.70011,4.27675,6.48703,6.87697,5.90271,7.54877,8.35859,9.10959,9.23298,6.50797,6.22017,7.28849,8.08633,7.33305,6.42453,6.83531,6.67799,7.2219,6.37135,3.28662,6.8649,4.80067,3.52826,5.63155,7.04024,5.62098,6.2579,6.57887,7.2024,6.93693,5.92212,5.78723,5.94387,6.08736,6.34447,5.83401,6.34849,4.86285,7.19722,7.60361,6.46962,5.05949,5.61151,5.9157,3.50825,6.04896,5.61149,5.744,4.66775,5.51719,5.89087,3.29126,5.78404,6.13372,3.35198,5.86331,5.05123,4.36822,3.28019,5.79672,7.00113,6.94909,5.01793,6.34868,6.3611,6.37175,5.89918,5.73459,6.51584,6.13099,5.13232,5.38747,4.485,5.55293,5.62267,6.69356,6.70892,2.86134,6.01992,5.25183,6.80033,7.8984,7.97977,6.29792,6.56753,5.76398,5.45894,7.36549,5.44934,7.91936,9.27314,8.52801,6.73743,8.2549,7.97453,7.49203,8.55172,6.67998,9.18158,9.94482,9.11197,6.6689,5.10308,6.71322,6.48074,6.10534,1.96916,5.55865,5.76148,6.47403,6.63897,5.71297,4.47737,5.29472,5.94674,5.14652,2.80765,5.0554,5.92299,5.62484,5.80845,4.30614,2.3449,5.55978,5.57086,6.19354,5.76794,6.73501,6.72455,6.01891,3.54861,5.18972,5.73931,7.50761,7.15552,5.48404,8.38668,8.6936,8.4189,6.44179,6.06807,6.88992,6.36649,7.0411,6.37973,6.5299,5.55087,5.90351,6.28597,5.81138,3.12706
iy,13.51566,9.73408,16.74912,19.69497,19.05551,7.22151,16.92748,20.90869,21.43009,19.84323,18.63355,19.46194,20.53974,18.89701,14.97425,12.33187,16.79586,16.68065,14.08591,13.77863,16.70622,16.73052,14.3466,11.26309,14.07283,14.97757,13.82929,11.22109,12.96691,14.72429,14.27646,11.97117,11.33868,14.02847,14.1707,12.71384,10.87286,12.83583,13.4628,12.93418,12.4483,12.30383,13.48081,13.31928,12.46515,12.28987,12.40358,13.38293,13.04322,12.44787,12.97527,13.88491,13.59218,12.31738,13.10488,14.08964,14.04828,13.08094,13.29885,14.16847,14.98106,14.47186,15.19364,15.71746,17.00887,17.24117,17.09578,18.01231,18.84746,19.68129,18.74547,19.22759,18.19736,18.95688,17.83604,16.59165,18.30446,18.57453,17.7454,17.82794,18.18009,18.3121,18.42001,17.68594,17.57645,15.34275,16.44021,16.13957,15.98874,15.29234,14.36872,15.43446,14.28476,14.2816,12.77796,14.75351,14.74546,14.33069,13.63148,14.4476,15.30881,15.34597,15.57035,14.58157,16.01,15.93533,16.34566,15.42969,15.67722,15.22575,14.99725,14.9981,14.56173,13.98788,13.74375,14.48675,13.61761,13.69489,12.60713,14.47731,13.46818,14.07227,14.15841,15.70097,15.24425,14.60495,15.4734,16.07136,16.24769,14.79467,15.35029,15.32363,15.94626,15.10163,14.04341,14.31611,14.6789,14.20015,11.31755,12.03594,10.97689,10.33372,8.73117,6.59612,7.58185,6.43139,9.01689,8.31488,8.84522,7.74474,8.72259,8.73026,5.8094,9.47496,10.27709,11.67019,10.68748,11.62029,12.14628,13.4363,12.98707,13.04273,14.24057,14.5105,13.25939,6.58135,11.91032,12.92159,12.37019,8.61737,11.01298,13.23873,13.32084,8.14981,8.84134,12.93935,13.92065,11.66477,12.15491,12.23221,13.2461,11.95631,7.90642,10.58357,11.57296,11.49989,8.44645,9.00611,10.08188,10.36893,7.49909,7.47692,8.57333,8.95611,9.16693,7.7873,5.66926,8.6549,8.97684,6.46575,7.45075,8.73911,8.4118,6.17472,5.2698,7.75237,8.99327,7.95105,5.73646,6.37707,8.31662,8.52657,8.3122,8.44947,8.55204,9.48246,8.10366,6.08257,8.56701,10.97193,11.31385,9.6986,7.97268,11.31566,13.20595,12.2784,10.89145,10.9072,12.31593,11.28454,9.50843,8.34076,10.77467,10.1609,7.48027,8.46761,10.69757,10.58688,9.75353,10.45458,10.52502,10.50269,10.75446,7.57943,10.88954,9.94266,10.47192,8.99262,11.67358,10.24491,11.51614,11.15845,10.41546,10.37051,10.78328,11.33983
iy,11.56677,10.83966,14.68296,17.46783,17.03667,11.54223,15.27359,20.0681,20.7292,18.03733,13.18446,15.68656,17.32136,15.92386,9.97282,14.16623,16.72481,16.19924,12.7975,10.00943,14.34243,15.27986,13.11361,9.03897,13.9841,15.49961,14.10461,10.99985,12.02368,13.29803,13.28168,11.10768,10.5828,13.42401,14.02854,12.13835,7.87939,12.21784,13.0022,12.18791,10.41328,11.2148,13.23316,12.74898,11.11917,10.40932,12.29472,12.75584,11.73575,10.50084,13.17962,14.02316,12.80508,11.76259,12.60299,13.54517,13.3525,13.29695,13.60911,15.33721,15.25768,14.70385,13.27152,15.5655,15.46585,16.62087,15.0962,18.00885,18.54592,18.7976,18.34456,16.85727,17.96189,17.4318,17.53479,17.17956,18.21328,18.13411,17.70949,14.92839,16.62368,16.5369,16.48915,15.34598,16.73313,17.28985,17.28421,17.12281,15.38134,15.17465,15.16791,14.66891,12.88509,14.8561,15.57028,15.15676,15.26274,11.6453,14.63254,14.54567,14.55337,10.78971,15.61444,15.69976,15.84442,15.43502,15.24765,16.43292,16.44341,14.63766,16.81758,17.49035,16.65004,16.62631,15.9764,13.95554,15.24923,14.77956,13.00729,14.49123,14.79362,14.41977,14.90095,13.25985,14.47169,14.59407,14.47503,12.19464,15.514,15.84434,16.01936,13.31737,15.68449,16.07398,15.52961,14.07479,14.42834,14.96615,14.17141,12.99598,12.3613,10.74773,9.88361,9.59096,8.99189,9.74894,10.18144,9.83041,9.90255,9.0795,10.59084,9.72573,9.00156,7.82228,9.98212,8.33679,6.21863,5.55981,8.68641,8.93451,8.84894,8.00681,5.81363,7.4656,7.93081,8.12793,4.08224,8.53165,8.9631,7.91101,8.18908,7.07408,6.47853,6.31993,3.47948,6.98535,8.23157,8.41516,7.08718,7.18811,6.81061,5.67623,3.15194,6.73991,6.57814,6.44688,7.68787,8.40988,7.31864,6.00826,5.99406,8.58087,7.18237,8.49806,10.81888,10.36515,8.65795,9.43941,10.81128,11.84051,10.66766,5.96417,11.14657,11.41667,8.29778,6.03428,7.74614,7.7792,10.16402,9.31643,8.668,10.83555,11.09219,8.13461,7.21855,8.96272,11.20192,12.07235,11.09159,10.49008,12.54843,11.97597,8.9516,8.49841,8.46949,10.02077,10.1488,6.59335,8.46337,8.80466,7.43339,7.65914,7.39403,8.03907,7.42449,6.17116,6.11304,7.52585,7.97271,6.07417,6.23364,6.94512,8.32462,7.49254,6.24602,4.38268,8.07082,8.33023,7.68873,8.34523,8.45289,6.4966,8.12972,8.29321,8.51091,8.04653
ao,10.31353,13.94108,16.50389,14.88564,15.94536,18.42582,17.61504,15.72629,18.71083,18.18888,15.84937,18.73836,18.72432,16.27898,20.1322,20.3412,17.25118,21.58127,22.84766,20.54711,22.0289,23.44297,21.7597,19.76888,21.52591,20.04305,17.49241,19.58285,13.54439,19.48893,21.81761,21.73735,18.94587,20.90003,21.507,20.15086,19.60333,19.15581,14.12845,17.9008,18.12094,14.51933,14.28651,15.65928,13.45797,15.37527,16.48667,13.78183,14.29302,15.82538,13.84225,11.17576,13.76069,11.99705,13.35966,15.1379,14.14637,10.77093,14.23831,13.03312,11.45592,13.73701,13.55047,11.71364,14.82238,14.74934,11.4344,12.60586,12.73556,11.17695,14.97328,15.78287,13.75631,15.99366,16.87505,13.24491,15.01708,15.49519,14.284,14.41983,16.00996,14.84723,12.38728,14.18442,13.03882,10.99927,13.45105,13.13325,11.76162,14.17031,14.1293,10.59893,12.23179,12.49227,7.68524,13.568,14.05691,12.28232,14.36023,14.90425,13.51274,13.29256,14.4776,14.44562,14.19078,14.54416,14.37106,13.31557,13.43461,13.39768,11.59365,11.33717,12.66657,10.95512,12.06365,13.55099,11.47467,12.2499,13.07204,10.49439,7.90826,11.72229,10.87296,12.35656,13.66673,12.42903,10.69435,13.09363,12.46529,6.77263,12.0142,11.33681,11.30829,13.73257,13.37742,10.30901,12.54798,12.45091,11.04426,13.14623,13.29806,10.08057,11.11724,11.51013,8.28991,10.86005,11.3954,9.41351,10.10754,10.1762,7.98246,6.95734,7.31274,6.03749,5.74592,6.86002,7.49303,5.16943,6.701,7.41619,7.07397,7.92637,7.2786,6.17424,5.95167,4.99228,4.96359,7.76486,9.20735,8.38644,7.19835,6.93821,6.12165,8.7062,8.87036,7.93767,7.43169,8.39728,8.37334,7.8334,6.75203,4.87594,7.84608,9.0343,7.66608,5.7006,7.80304,7.14381,5.51845,7.83212,6.40103,6.11265,7.98725,8.18746,7.63683,7.80673,9.23135,8.19817,9.45632,10.24967,9.41331,9.19678,9.97154,8.23181,6.66785,9.04247,8.35592,6.68261,9.14001,9.14927,7.31093,8.42573,8.59781,7.29413,7.55556,7.50269,6.8628,8.06318,7.94505,6.52805,7.13839,6.36634,5.11552,4.29936,6.62563,6.53708,6.70312,8.19054,8.05158,7.08787,6.94072,4.96849,7.30669,7.80732,7.42531,8.0432,7.77151,4.85923,5.89694,6.60449,7.38719,6.80384,5.29203,5.41343,1.43242,2.65314,5.61392,5.71278,5.75957,4.86036,6.64914,5.97298,6.84299,7.32203,7.01897,6.84762
iy,12.17513,12.21576,15.97695,20.53145,20.76658,17.42125,15.79712,21.27833,23.35095,22.34074,17.21617,17.92422,21.53761,21.97071,19.3092,10.95413,17.72881,19.6934,19.15376,16.74776,15.72157,18.1512,18.59594,16.46278,13.47878,15.96429,18.07576,17.67318,16.01196,14.68686,16.46528,16.9925,14.56179,13.81466,15.14222,16.44356,16.09888,15.35383,13.32152,15.40073,15.71696,13.30171,10.57157,13.82646,15.68812,14.81679,13.95882,13.38328,16.27978,16.774,14.09555,12.24649,15.78896,17.43132,17.04877,15.61139,15.5643,17.42322,18.19638,16.7618,13.43222,18.11809,19.75416,20.14709,19.59814,18.05629,19.1127,19.78476,17.63555,15.6495,18.07151,19.13274,19.15767,19.11626,18.55918,18.31408,18.76962,17.6739,18.31311,17.58584,18.84924,18.11456,17.4804,17.1287,16.28809,15.36532,12.46835,14.33222,14.75022,15.57671,15.78774,14.99325,15.44454,15.08641,14.82634,15.11968,14.77124,12.68188,14.33934,15.61583,16.20343,16.1564,15.88622,15.90147,16.12726,16.0028,12.90078,13.7393,13.11195,12.17937,11.4825,12.17803,12.6583,13.12838,12.20191,11.76233,14.25376,14.56629,13.92474,14.36684,15.23274,15.30001,15.72678,15.63548,13.89721,14.10901,12.60764,16.15398,15.93525,15.23278,13.9114,12.48112,12.964,11.95296,12.90134,11.40391,11.41684,13.23156,13.33755,11.54923,9.35841,13.42946,13.63742,15.20578,16.30636,16.09624,15.74689,16.12258,15.99713,14.76931,14.58076,14.72125,15.61158,15.90736,14.92857,11.99574,12.11354,12.80153,10.46912,11.33102,12.43844,11.44379,13.51907,14.30721,11.70177,13.17796,12.86246,13.82737,13.87815,12.31955,12.01943,13.44202,12.53107,11.32567,12.30675,11.34768,11.2842,11.48365,11.65414,11.89015,12.99488,12.90479,11.51131,12.89407,13.7716,12.82789,13.27083,12.67111,12.34092,12.16957,11.95604,12.42347,12.58478,12.91799,11.21525,12.57777,11.46044,10.93261,12.77818,12.82478,13.15338,13.32158,13.68982,13.96417,12.31657,13.26283,14.43423,15.30164,14.45645,14.40781,14.62741,14.82075,14.1868,13.38338,10.80797,12.76461,14.3069,14.32328,13.5656,11.82275,12.44972,11.16886,9.59147,11.46307,11.33746,12.84137,12.66627,12.35757,12.3911,13.37126,13.04653,12.33001,12.86058,13.17215,12.92373,11.20514,11.04146,12.66909,14.17359,13.66589,13.80137,12.0145,14.0551,12.42272,14.45008,13.76434,12.48087,13.71046,13.76028,11.67622,10.65057,11.83913,13.8934,13.01607,10.38069,8.02491
ao,10.76441,9.1968,7.89324,18.58008,20.37948,18.78056,9.72718,13.33995,20.72207,22.56415,21.06873,13.90411,15.71254,22.78202,24.58111,23.05144,15.51871,18.05969,23.96445,25.78372,24.27077,18.4,15.51029,22.47711,24.29647,22.87609,17.62064,16.92945,20.81357,22.97917,21.69361,16.7216,8.30055,17.04583,19.09264,17.97547,12.59693,8.64167,12.98035,16.22585,15.3601,11.79008,6.87797,13.40035,15.54186,14.29112,8.62769,8.95028,12.12511,14.02156,13.30963,9.56804,9.23544,12.08793,14.12187,13.55595,10.0154,9.00426,9.50431,12.05756,10.55064,8.51951,7.79701,10.64772,12.96326,12.43811,9.12899,8.99025,9.21588,9.96229,9.74809,6.12866,8.01564,10.78686,12.84239,12.17577,10.39626,8.93797,12.4563,14.0951,12.66581,9.60018,9.49417,9.25794,10.19681,12.30139,11.22077,7.09287,8.01197,10.69718,9.97415,8.20182,4.95961,5.41468,10.60326,10.29796,10.26263,6.59726,12.15946,14.55244,15.13793,11.29425,9.61126,14.84039,15.01345,13.8978,15.27197,14.14817,15.28602,16.62284,17.14149,15.46127,11.15592,12.84007,13.93744,15.41685,14.984,12.46202,13.07672,14.70839,15.2153,14.48746,11.42761,12.82013,13.89569,13.50245,12.41367,10.51544,10.5519,12.28766,13.87199,13.87825,12.95536,13.70761,15.14445,14.96056,13.63708,10.12062,11.65276,13.32035,11.57705,13.27203,13.81384,14.6549,16.27921,16.84925,15.96812,15.65419,16.51109,17.58042,16.9116,11.90715,16.16378,13.96563,17.21553,17.49875,16.46672,16.08503,14.64898,16.38291,15.75396,13.25601,14.23719,13.47207,11.83961,12.93889,13.47432,13.97217,12.36936,12.56168,13.03597,12.84821,11.96799,10.70162,10.8739,10.95039,7.36388,10.22285,11.49492,11.96031,11.91967,11.96853,11.59165,11.49732,11.73697,11.64736,9.84166,12.1416,13.94715,14.02334,12.45402,12.98686,12.66712,12.38819,12.11058,11.88547,11.87332,10.89776,10.56292,10.22813,9.31129,10.64952,9.82315,9.40031,7.55112,7.06248,11.14194,10.66074,9.56526,7.96669,10.33583,11.07009,11.68302,11.47242,10.47689,10.51782,9.31517,8.56626,8.65319,8.40304,7.34195,7.34709,9.04847,7.29474,6.61902,8.42394,7.84842,7.93879,7.01435,7.55577,6.59721,9.00599,8.41531,7.97472,7.55059,7.66088,6.69717,8.00177,7.92259,5.63616,6.41986,7.99146,7.45891,4.7872,7.74234,7.26599,7.73532,7.08488,0.19907,5.57279,5.59162,5.16885,6.26565,4.92073,6.77922,4.71784
iy,13.1571,11.56577,15.55792,19.75757,19.56109,17.53912,16.51749,21.43462,22.88092,20.99044,20.18132,20.21789,22.62748,22.17081,18.99469,17.1349,19.58502,20.79788,19.20598,16.90026,14.77477,17.78383,15.87532,14.55571,15.14642,17.11649,17.78406,16.34949,15.04713,12.47624,16.05699,14.37956,14.28976,12.50457,14.76293,15.75787,13.83247,14.03559,12.00756,14.38929,12.4937,12.68234,12.76486,14.21214,15.638,13.96434,14.64236,13.38213,14.71175,12.53183,15.19601,14.13347,15.13331,15.33691,15.68377,15.52383,15.10028,15.59751,16.55467,17.96744,16.21907,17.40376,17.61664,19.38579,19.5166,14.0522,17.52139,17.26176,17.46015,15.70339,15.40473,16.574,17.35586,16.85949,13.93428,14.72407,15.5142,16.49976,14.907,14.2592,15.7607,17.04613,16.59524,15.19414,15.72536,15.28859,17.50374,16.35252,14.71719,16.58544,16.93898,16.72119,15.24825,14.86068,15.28106,16.43689,15.31569,12.66078,15.07088,16.4981,16.14138,13.78872,10.92831,15.53291,16.70277,15.65321,15.38702,15.61496,17.06747,17.38389,15.67831,15.5138,14.5882,15.28173,14.2073,10.87918,11.37358,12.42675,12.6839,10.92123,10.25907,11.75187,13.99618,12.64069,9.88846,11.75115,13.71577,13.70021,12.74339,13.02606,12.59424,14.63972,14.06644,12.81864,10.92097,13.21601,13.72431,12.82407,12.76779,10.8497,11.9743,12.10397,11.4583,11.30904,10.72897,12.79319,12.91904,13.46336,13.01701,13.14863,13.84085,13.90087,13.7304,13.28735,13.29056,13.75689,13.67898,12.47094,12.11588,13.08363,13.02995,14.03973,12.92659,13.5187,14.41985,14.59802,14.40255,13.09012,14.1124,14.26483,13.87795,12.64216,9.65195,10.51757,11.8374,10.61646,10.00638,10.61914,11.14327,11.00071,9.54274,8.90524,5.88316,10.8094,9.5711,9.51099,9.45073,8.67705,9.61426,7.03949,8.45524,9.20358,9.5554,10.00351,9.85265,9.93662,7.54317,9.98485,8.84653,10.52347,8.16659,9.50184,9.08311,9.43853,10.5126,8.43336,10.29501,10.28569,11.42911,10.95011,11.32529,11.90814,12.11934,12.72779,10.58308,12.59018,12.1238,12.49186,10.64313,11.58439,11.95941,11.57637,11.232,10.21593,12.20976,11.07381,11.81799,9.487,11.29179,11.91542,11.3963,11.45379,11.37954,12.7966,11.63761,11.65402,10.4789,12.52923,13.07696,12.20876,12.80079,13.26416,14.44651,14.05311,13.22459,12.54969,13.64841,13.47524,12.35004,9.31792,10.86176,11.72832,10.44637,9.5701,7.90071,9.02915
ao,12.8403,13.05502,16.48192,16.86369,12.98235,16.56017,18.6902,17.41144,13.23395,18.57836,19.17446,16.21381,17.12362,19.6795,18.69101,14.37651,19.55421,20.42717,17.31279,18.62161,22.47393,22.13003,16.48498,19.43712,21.32968,19.85335,14.22783,19.24267,19.50253,15.0739,17.56577,19.35273,17.12038,14.58542,18.74962,20.12768,18.61937,18.46362,20.13081,19.63879,16.86834,17.30159,17.66715,15.80755,15.61028,17.51723,16.92021,13.03121,15.91606,16.95616,14.43106,13.45429,16.41986,15.37203,12.69943,15.0482,15.535,14.33669,13.09587,15.0639,15.12366,13.36243,13.44095,15.33877,14.18996,9.07978,15.17371,15.84022,13.99663,13.63391,16.17055,15.44346,13.73149,17.34431,17.82601,16.41224,16.45524,17.45944,17.18739,16.85273,16.70622,16.5493,14.7979,13.96141,14.83485,14.44597,13.61138,14.6899,15.30813,14.54943,14.73917,16.02422,15.92577,15.24082,16.72421,16.47982,15.62127,16.3591,17.05094,15.99961,15.49979,16.00809,14.45556,13.09431,11.14217,13.97313,14.00192,11.10041,11.69608,7.66265,9.3677,8.51705,8.32994,9.83602,8.33154,9.16918,9.72538,7.38443,9.38352,9.14807,8.58431,9.34633,9.08332,8.49441,10.16193,7.40913,9.43729,10.73954,7.93955,9.80919,9.47054,8.57074,9.45408,9.15335,9.76798,8.35112,8.98886,10.4236,9.67423,10.65221,11.22315,9.74335,11.27253,10.64794,11.44903,11.99189,11.84714,12.02583,12.30775,11.14954,11.41391,9.46235,11.14613,11.12531,10.89249,8.21266,10.28868,10.92932,8.90849,8.59601,10.89005,10.74534,10.79984,8.27443,9.77225,11.13963,10.02445,7.4889,11.35743,9.87944,9.67558,9.9925,9.22756,11.10057,11.06668,11.69904,12.41956,11.77009,11.151,10.85685,10.8817,11.16011,7.19186,10.43394,9.73323,9.35842,8.85957,8.79947,9.90364,9.31085,7.14807,10.42021,9.02455,9.56794,9.57196,8.90481,9.97104,9.86336,10.30811,9.90642,7.47955,11.19867,10.87003,11.40127,11.23344,11.42721,11.23379,8.22676,10.55842,9.82835,10.48239,9.64454,8.27386,10.17347,7.11914,3.23225,9.5095,6.82457,8.25575,7.69646,7.43941,7.06186,7.7827,8.66367,7.60308,8.22959,7.44186,8.00349,8.38707,7.56191,8.28329,7.65512,8.00779,8.41905,6.57958,8.69779,7.38512,7.83679,7.63521,8.33964,7.51569,8.02083,7.64248,7.71449,8.38784,8.34175,7.8943,6.79971,8.5551,6.10683,8.72108,8.92386,7.99503,8.6843,7.0435,8.18814
aa,12.08602,12.50511,17.67709,18.94482,16.34677,14.47597,19.32369,20.04097,16.97548,16.2762,20.49806,20.55217,17.37395,19.55546,22.84215,22.61377,18.56265,21.10373,23.8398,23.24498,18.96604,19.25232,20.69296,19.02248,15.65568,19.6619,21.08412,19.47393,16.18583,19.93494,20.88133,18.98492,17.99447,21.36952,21.80912,19.61593,19.97389,22.39778,21.9419,18.98655,17.81511,19.83733,19.04657,14.74894,16.40132,18.71727,17.86642,14.20231,16.26889,17.92408,16.72675,13.08561,16.62485,18.03058,16.36251,16.34631,19.13534,18.92479,16.7689,15.78284,17.11461,16.25163,12.78738,10.3465,14.7299,14.14613,11.01825,12.07787,13.5207,12.58913,7.84856,11.82176,13.052,12.33092,8.30056,11.01018,13.09362,11.5624,7.37815,10.85923,12.21444,10.17048,9.90848,11.05916,11.92322,10.50667,11.13946,10.76734,10.91018,7.3426,9.67928,9.67725,10.93387,9.0658,9.90136,11.79923,10.72871,6.55057,11.17446,11.80975,11.00618,7.17503,11.38267,12.66478,12.10813,9.67468,11.25844,13.45498,11.38341,12.11603,13.94029,14.92205,11.95288,15.57262,16.82692,16.37781,13.76057,15.20801,15.67237,14.75259,12.59317,12.16883,13.30893,12.9199,8.78019,11.21902,11.9492,10.90417,8.98063,10.79046,9.87948,9.65267,8.00554,10.20504,9.46076,8.83763,8.84395,9.62992,10.28362,7.43008,8.75987,8.78352,9.58923,7.97989,9.9636,9.6781,8.52652,9.43464,7.96349,8.10763,8.04174,6.53028,8.36942,9.23994,1.43539,7.76551,7.89615,7.20717,3.58032,8.03306,5.87551,7.72655,7.45732,6.9041,6.76746,6.65845,6.77728,7.78394,6.86072,6.35058,4.6278,8.47377,6.91997,8.00757,7.74387,5.51666,7.10297,7.83228,6.37805,7.79344,9.17163,7.24534,6.1202,8.38066,6.27213,6.07909,9.23765,5.68718,8.71863,8.87876,8.55058,9.7404,9.27186,8.63418,9.86012,10.14346,10.15253,9.06052,10.45457,9.98105,10.08489,7.24427,9.03527,9.68566,9.16448,8.46523,8.22346,1.95084,6.88914,7.06491,7.66444,5.16983,8.2598,4.32442,8.65393,8.34947,8.83026,9.6399,8.83657,9.59821,6.1914,7.63024,9.26167,8.94567,8.61142,9.31089,9.59395,10.07758,6.37687,10.4425,9.74112,8.87886,9.3271,9.60534,10.66957,8.72148,8.63634,10.59808,10.70172,9.84428,8.83854,9.62657,9.82549,8.04694,9.98794,9.72987,10.8275,9.66797,10.38667,11.09917,10.59996,8.80891,10.97202,10.87251,10.61437,10.14516
dcl,9.95984,9.89394,14.37969,14.60926,11.6034,13.95061,15.80399,14.32457,10.06306,13.21932,13.34446,10.7458,11.38424,13.13422,11.84645,8.30277,10.77761,11.06508,8.93039,9.0347,11.03465,9.97252,7.82331,9.21355,8.95247,7.53845,5.91439,7.89081,7.30351,3.8967,5.27828,7.28724,6.13359,3.43453,4.1052,4.64392,5.1693,0.24484,4.74564,5.59374,5.94005,4.81527,6.07096,5.30615,1.72075,7.40152,5.87258,5.55869,7.84691,8.6184,4.211,7.96626,8.86751,8.50398,5.72449,6.2819,7.75212,5.37402,6.86591,5.88751,5.67609,6.94899,8.2343,7.99945,7.77595,7.77855,6.08064,6.72741,8.2807,8.26131,6.97469,6.88828,7.65001,7.03577,5.87753,4.90037,6.14943,7.02112,7.12358,8.50618,8.93871,9.54175,9.26603,6.93426,4.02913,6.47292,7.37706,6.78354,5.18609,6.99231,6.19305,6.91153,6.39874,5.564,5.68277,5.104,3.2313,6.28976,5.6098,4.87995,4.90325,6.0422,5.27066,6.35162,6.01477,6.1561,6.78021,4.07968,4.70881,6.16304,5.96556,5.09592,4.39959,5.29611,5.22655,6.68229,6.21845,5.07895,6.4182,5.86088,6.4262,5.18034,5.02466,6.3134,5.85897,3.42597,4.35561,4.14349,3.69495,4.05485,4.3057,5.18436,6.10407,6.23747,6.93518,7.02789,7.06205,4.78253,3.99139,6.51342,5.34005,1.08882,5.38281,4.81272,4.70255,4.64036,5.53589,3.46113,4.26388,5.98608,4.79286,5.54064,6.41318,5.9861,5.16385,2.15346,5.37253,6.15229,4.24829,4.51363,5.19261,3.52022,5.47025,4.51909,5.88796,5.00965,4.79945,3.73109,5.01937,5.16593,4.49059,6.81714,7.03743,6.30774,5.59261,3.7892,4.9986,5.58158,4.94292,5.2058,2.38372,5.7375,6.96948,6.07876,1.50875,4.32002,4.3749,4.56783,1.71931,5.04586,4.38623,5.01582,4.04603,6.34547,4.34744,5.71096,6.0588,6.0182,-1.19925,5.85067,6.76239,7.4822,6.72144,4.02461,6.22708,6.05105,5.30171,5.15053,2.28406,3.43836,6.32959,6.03554,5.2982,6.09501,5.91469,4.69601,4.56832,4.96752,5.79726,7.64075,6.13089,4.29983,5.68405,5.9191,4.62397,5.84111,6.52035,6.64252,5.75537,4.76347,4.50696,2.97184,6.30021,6.76944,6.06589,4.81449,6.20419,6.026,5.49806,4.59351,6.17984,6.3916,3.89176,4.29834,5.91952,4.58195,5.28591,6.18326,6.25609,5.90361,5.82859,4.53702,5.93274,7.02352,6.48214,6.56895
aa,12.54934,12.41459,14.77179,18.56213,18.50415,14.49861,13.14635,18.37177,20.08597,18.03272,10.0056,17.55997,21.15273,20.86319,16.7065,16.76552,22.49781,23.93207,22.15615,15.55359,18.90514,21.92117,21.65471,17.95638,14.44347,19.25687,20.54352,18.62997,12.08831,17.00752,19.93052,19.54349,15.54491,15.25791,19.86295,20.61907,18.56457,18.35226,20.33739,21.34226,20.19002,16.56426,15.15566,16.16995,17.66868,15.83229,13.62262,15.48716,17.46503,16.9374,13.74753,13.6868,16.44027,16.77396,14.82694,13.27929,15.12563,16.9425,16.55341,14.38783,14.75123,17.58023,17.87808,15.49467,16.7244,18.53598,18.52322,17.21616,11.66015,14.83165,16.23409,16.07505,12.81051,12.22656,14.52642,15.3752,14.37718,9.62052,12.88103,14.58748,14.30678,9.51751,12.74579,14.73545,15.44583,14.45409,11.50328,14.70592,15.76698,15.09421,12.75973,12.91765,14.39868,13.59464,12.25662,7.54045,11.81741,13.11921,13.17979,7.76257,9.43661,12.83386,12.91819,12.09593,11.17829,11.98146,13.26491,12.37148,11.0583,9.12011,11.09323,11.97141,10.88583,10.42119,11.20468,12.05769,11.52125,10.58174,9.92497,12.08005,11.84336,10.36593,11.83953,13.0817,13.13044,12.70287,10.46478,7.42367,8.4706,8.13758,5.65566,6.37241,8.57263,10.05128,9.02447,7.67926,8.32327,7.92416,6.69433,7.70768,6.55503,8.66533,7.98964,7.09778,8.23698,5.23182,8.62579,7.20383,7.47707,8.23829,8.12092,5.6722,8.46258,5.77088,7.04696,7.19835,7.98705,7.50998,7.63901,5.4685,7.14807,8.2476,8.20178,8.10682,7.07799,7.30414,6.40488,7.47809,5.21376,8.68649,7.9747,8.255,7.08978,6.18247,5.49317,7.18983,7.36064,7.82713,7.99875,7.16735,7.56408,4.90839,8.55977,6.93422,8.52077,8.46505,9.0412,8.26966,7.5715,6.74313,5.45982,8.7265,7.31952,7.76239,4.52622,9.22133,8.87249,7.24724,9.61229,9.7262,9.94362,9.73496,7.75058,5.92972,8.66437,7.65796,7.46376,6.06578,8.32668,7.49561,7.36628,7.69913,6.68029,6.32962,7.59474,7.66915,6.10447,6.45074,5.80592,7.14349,7.8075,6.74683,7.12554,6.99953,6.00203,7.80726,3.88028,7.54879,7.80561,7.69806,6.06789,6.69228,7.20589,6.79575,8.19803,6.45113,5.15279,8.31834,4.96905,7.14614,6.63147,7.08454,6.32953,7.13471,7.23811,7.60756,5.49002,7.08639,4.51104,8.00674,4.73253,7.2703,5.37694,6.50278,7.66885,5.06598
sh,13.19799,12.54409,10.30843,12.9311,12.1737,13.22329,11.9576,12.79975,13.84008,14.05484,13.10409,13.13938,13.53115,14.56076,12.03593,13.99491,13.35758,16.36289,14.55187,15.19065,14.21974,9.93042,11.46498,13.79,14.93258,14.25346,14.48574,14.22316,10.68925,12.22139,14.48478,14.90618,12.17859,13.56177,12.45899,12.24263,12.26085,12.34056,14.22737,14.65983,13.46374,13.39122,12.91776,9.56949,12.2311,11.35869,12.20702,13.59136,13.64113,9.72652,13.18129,12.338,14.08082,13.70455,16.35983,16.15566,13.0535,14.70034,12.63381,13.38181,14.13732,11.67128,11.5958,12.3363,14.89221,14.17169,13.13906,15.46837,15.80001,12.86681,10.91921,13.89247,13.33989,16.58764,15.28598,16.99397,17.11627,17.92677,17.29212,17.11294,17.49503,17.43047,18.33086,18.42928,18.28518,18.5883,17.92733,18.03816,16.6354,15.86041,17.27349,17.50227,16.73302,15.66913,14.53495,13.67915,15.17924,16.00314,15.22257,13.67976,13.98583,13.8756,16.16064,16.97542,18.37535,19.23419,18.19329,18.17679,17.24322,17.94649,18.26758,18.10151,17.81848,19.14303,18.18614,14.70338,15.6327,16.1825,16.44572,16.29251,16.42455,17.21147,18.27205,18.43982,17.33715,10.38087,16.27774,16.32042,17.6658,15.71509,16.50474,15.51658,11.63543,16.76029,17.41011,16.2216,16.47945,15.49358,15.37072,17.40073,16.65516,13.93116,16.27282,15.70404,14.32272,16.76749,15.45154,14.63356,16.88945,16.5641,16.32532,15.41076,15.23137,14.40177,15.19948,15.74737,15.588,16.39412,16.94718,15.69459,15.07387,15.04824,15.23705,16.345,15.11474,15.09753,14.96699,15.47383,15.62438,15.57891,14.86028,15.34324,15.7707,15.02143,14.43932,15.13358,10.97942,16.09289,16.83455,15.79551,15.50693,15.39337,15.04357,14.42639,15.51398,13.96905,14.59737,14.73441,13.56049,15.04242,15.96763,14.86124,15.40766,12.31363,14.30633,15.11753,14.33699,13.89045,10.26424,15.57528,13.16647,15.76387,17.1366,16.08951,12.78343,15.12478,15.65147,13.49394,14.24857,16.78731,17.10392,16.14728,14.87985,16.52953,16.40517,16.81035,17.33266,15.48138,14.33224,14.54248,14.89706,16.34534,16.33695,15.47248,16.74647,16.69671,14.1743,16.38676,15.776,14.77243,13.61052,15.0628,14.54947,15.28408,16.18137,15.96836,16.68302,16.14127,15.85905,13.66952,15.52019,14.79675,12.15005,14.6629,15.60389,16.0895,15.69781,15.77776,15.91388,16.63453,14.90453,14.42114,15.38668,16.5775,16.38444,15.38227
sh,11.59981,11.125,12.92331,13.31172,12.93933,11.35724,10.80733,11.31605,10.4195,11.39579,11.62978,13.12355,14.48525,14.49514,13.58146,13.11223,12.31619,12.14094,12.54884,13.39787,13.28844,10.25113,12.74471,12.60282,11.5994,13.75231,12.26383,11.20031,12.42197,13.42926,10.36919,12.57324,11.90656,12.36574,13.18679,11.57458,12.34247,12.87039,12.88615,12.23642,9.36442,13.67449,13.30673,12.84797,13.5763,14.28536,12.18207,12.35463,14.40685,14.05579,11.252,13.43408,11.3635,14.1657,12.43599,17.13997,17.52281,15.82168,15.18361,17.11906,15.51797,15.02969,13.46016,14.30633,15.46015,12.49614,12.21065,15.66762,16.0215,14.82009,16.56515,16.1333,16.76064,15.02907,14.95694,16.65846,16.47244,17.43078,17.90784,16.80518,16.36442,18.16112,18.71666,18.60888,18.47769,16.76331,19.481,18.59622,17.75083,18.7523,18.94506,16.96857,16.76111,17.67367,17.29964,16.30532,15.05241,18.85067,18.8407,17.45212,17.8666,17.82527,16.47953,18.22063,19.11186,18.30376,16.75666,16.09931,17.15557,15.56038,14.77082,15.21985,16.52029,16.43185,16.57144,16.50769,16.30747,16.56659,15.08976,15.57143,15.46563,16.1314,13.96389,11.97074,14.97908,15.94622,17.0163,15.41027,13.48939,16.13022,16.23866,14.00262,15.68727,15.41715,14.58502,14.71789,14.82456,14.1485,13.18437,15.09592,14.77911,13.78917,13.51129,14.87184,14.3757,14.84885,13.58754,9.79477,14.40138,14.78835,14.13841,15.89117,15.6334,14.82056,15.02758,15.01256,14.51536,15.33128,14.67817,13.54802,14.30654,13.51315,14.4824,15.13778,14.02311,13.69028,14.42499,14.42924,12.37135,13.8535,14.28435,13.587,12.8866,11.18471,14.66464,14.20343,13.78926,13.39752,13.72633,11.75371,12.87034,14.42027,14.95764,15.19035,15.68044,14.91563,13.7411,14.80881,13.72669,14.47679,11.2289,14.96546,15.46475,14.22303,15.16027,15.74342,14.60386,14.96761,15.04377,14.24151,12.77744,14.19907,14.20366,14.18084,12.81256,11.82617,14.589,14.94517,13.42585,14.36992,15.50926,16.15546,15.9129,16.38797,15.52532,13.51655,15.36114,15.54063,14.19247,12.95376,12.8557,13.76093,12.99373,14.76637,13.70122,13.8025,13.92477,10.8644,12.51637,14.77264,13.08482,14.11984,13.21693,10.86614,11.0045,11.80517,9.95024,13.02625,12.49202,11.83771,8.13597,11.84247,12.28452,12.98404,13.41782,12.52628,11.63014,9.56759,12.82083,11.82031,9.9253,11.11808,13.26076,12.78977,12.73401,13.23296
iy,11.65226,11.64264,17.45087,19.5039,18.28242,13.21092,19.8046,22.47301,21.6671,15.93842,15.18698,19.13265,18.80724,13.74123,14.6547,17.91756,17.92599,13.31861,12.3082,17.13838,17.25643,14.25518,13.31744,16.60224,17.63743,14.83667,10.34895,15.41355,16.09132,14.12029,10.60933,13.86899,15.5599,13.52679,9.70036,13.12012,15.03306,13.62435,10.83947,12.89717,14.42776,13.51704,8.89021,11.39768,14.7233,13.9381,11.41116,12.37024,14.21211,14.51368,8.09483,11.38455,14.51022,14.41796,12.3514,11.5519,14.54221,15.84061,13.2095,12.01914,14.85109,16.07926,14.37067,10.29735,15.69192,17.93048,17.01047,11.41518,16.28342,19.35941,19.6251,18.31218,17.39372,19.2281,18.87368,14.88336,15.67682,17.577,17.45182,14.38578,15.13422,17.97108,18.27782,16.11415,14.92273,17.59454,18.14416,16.01184,14.27499,17.21448,18.15769,16.47841,13.63459,16.53504,17.58191,16.19446,12.12336,15.75093,16.92741,15.98234,12.87115,15.10153,16.2273,14.85948,13.29302,15.66294,18.29312,18.93093,17.49546,17.62233,18.90426,19.40425,17.01783,16.53624,18.53413,18.73993,16.99761,16.08627,15.96154,15.86483,13.12727,13.47182,14.07771,14.44762,13.98597,13.42349,14.78101,14.98372,13.59198,10.40066,14.34682,15.42736,14.97483,12.18381,14.76661,15.21322,14.04816,13.31288,13.11171,14.32578,14.16142,12.63876,12.34773,14.1245,13.65977,12.79779,10.39062,13.35079,13.49131,12.15079,12.50352,13.98207,14.18248,12.7459,9.3616,13.43142,13.88484,12.87037,12.36335,14.41625,15.4591,14.87045,12.844,15.30594,15.58496,15.73446,13.08768,14.38174,14.58519,12.5486,10.87873,12.23028,11.90174,11.35432,8.68045,12.36029,13.23667,12.73451,11.25805,12.45793,12.65729,12.39653,11.13641,12.08025,12.9536,12.22948,11.77911,11.50173,12.70799,12.67531,12.51981,11.49231,13.23474,12.73312,11.88842,11.73872,13.48061,13.22757,13.27813,11.87655,14.46327,14.03926,13.48244,8.58509,13.26902,12.40162,12.14064,10.83986,13.32994,12.84471,12.55443,10.7534,12.76434,12.27353,11.74263,10.87036,12.45355,12.58821,12.43933,12.08058,12.63559,13.61932,13.32511,13.62064,12.02015,14.4852,14.2025,14.49568,10.00395,14.87605,14.09303,14.12453,12.62542,13.97819,14.13199,13.81729,12.44952,12.46982,11.98451,11.23022,10.52741,11.22683,11.51029,10.67472,11.01129,9.70903,9.87585,9.842,10.37287,11.93724,12.487,12.21063,12.86394,9.12498,11.7503,6.69321
sh,10.62108,8.66597,9.6731,10.39533,9.87768,9.51713,7.4124,10.3413,9.66762,11.29746,10.54658,10.19637,11.41802,12.53664,6.9466,12.70306,10.12293,11.72207,11.46314,11.83727,13.23429,12.29248,12.1972,11.98357,11.49816,11.08031,13.26491,13.93503,12.46044,12.82137,13.49129,12.38513,12.31098,13.24869,13.59454,14.67255,13.57312,12.2339,13.33793,13.83688,13.0114,12.62289,13.25119,13.58333,11.84837,10.94781,12.39498,13.49445,11.56631,11.62767,11.40247,11.3459,10.86384,10.68227,11.97299,11.13449,13.53994,13.96756,14.38334,15.3139,14.73289,15.65499,15.63663,13.64711,12.20409,10.05738,11.63768,12.66011,14.03724,13.81382,13.63438,15.10827,16.05666,16.0608,16.72665,15.33682,15.09961,16.1646,15.87388,15.97521,15.75457,14.36996,16.60544,16.88198,14.96278,15.86864,17.0436,16.06807,14.87225,15.83154,13.49674,14.06169,13.21256,15.30849,16.28747,16.67325,15.5376,13.00415,15.82473,17.40416,16.9817,18.24177,14.3609,18.68216,19.78204,19.51076,19.47824,19.52366,19.16942,19.02108,18.4131,17.79235,16.57366,15.88035,16.28438,15.50378,16.84197,16.68893,15.07613,17.52007,17.83214,16.68943,16.00076,16.70498,15.92409,15.18231,16.02354,16.19079,15.16492,14.91003,14.96511,16.85194,16.88519,16.23798,13.15461,12.17408,15.27759,15.30902,15.09839,13.61995,15.58683,15.85368,15.69796,14.75392,15.95194,15.63588,16.28437,16.54451,14.93482,15.05091,14.93458,14.00964,16.33165,15.8485,15.15126,14.83689,15.5782,13.93185,15.17458,16.7578,16.20711,15.37929,15.32108,15.52952,15.18664,14.80911,15.15189,12.09197,13.93059,13.34932,14.53859,12.42319,15.1116,15.37343,14.93464,15.42601,15.67149,14.21856,14.65516,14.41749,13.84229,13.38998,14.13855,13.09836,13.40578,14.8239,12.68797,13.93071,15.0318,14.14763,12.38426,12.79142,13.7723,13.57622,10.84004,12.62817,13.54938,14.99177,14.50211,14.81703,13.70412,12.20171,12.18438,14.31418,14.74568,16.06208,14.42626,13.27406,8.16842,14.71561,14.40753,15.146,13.30575,14.7963,16.06736,15.74147,15.31001,16.28045,16.28235,16.02516,15.71689,15.62595,13.59348,16.63916,16.54397,15.51968,13.6998,11.45557,14.84264,15.63669,15.17853,15.59555,15.64611,16.27536,14.96193,12.47304,14.84486,14.31675,14.44545,14.549,14.09979,14.17932,13.94902,14.23253,13.82309,13.67753,13.71818,13.00639,11.89443,11.94452,14.06717,11.09168,14.15142,15.26466,13.94837,13.24513
iy,10.48455,9.28354,10.7503,15.9188,19.31774,19.07602,14.40532,8.72539,13.6924,20.71536,22.00196,19.94084,12.39475,12.75633,15.8011,18.77252,17.90267,12.62442,10.54526,10.78455,16.41892,16.94995,13.97,9.47567,10.65396,13.11726,14.85893,13.84647,9.94155,8.79654,8.77907,11.06486,10.50505,9.74477,7.75207,8.3912,10.71016,10.61294,10.50358,8.58598,4.78681,8.28017,12.95079,12.95273,9.46518,9.18216,7.66941,11.77298,13.19005,11.74134,7.8887,8.77458,11.8736,14.37763,14.08894,9.57265,9.59184,8.8804,14.68469,15.56316,13.69508,12.13046,8.88718,15.65839,18.10065,17.6424,12.59259,12.6973,13.64119,16.44211,16.16948,13.07576,9.95787,7.89713,14.14202,14.72772,13.09519,9.02605,11.2328,14.34486,16.64137,15.10126,13.38882,12.67611,13.02289,14.922,13.28856,13.3503,10.90718,10.92763,13.15792,13.84702,12.00241,9.6466,8.12079,10.98205,12.54542,13.27295,11.67501,9.38517,9.05897,11.94178,11.91585,11.61297,9.94502,7.39506,11.52662,13.90947,13.81693,11.66479,10.46648,8.25987,13.69138,15.13335,14.19563,11.30286,11.42434,12.07536,14.43813,14.59055,12.99356,9.25046,9.91143,13.02466,13.76551,12.16786,9.74096,8.69015,10.30784,12.01042,11.73884,10.25929,7.44533,6.64366,8.0405,10.68157,10.11238,7.66327,7.68551,9.10122,7.45876,9.43646,6.18669,8.02467,8.71631,6.89423,9.6286,9.57624,7.88853,8.26839,7.79662,6.59923,7.99405,7.24821,4.91931,6.37185,6.4689,7.12268,5.62073,6.72427,6.80863,7.06747,7.32696,6.01885,4.98657,5.0859,6.01675,5.50755,4.79249,5.93097,2.33154,2.09956,5.40305,4.63867,5.79522,6.5933,7.30148,7.69338,7.12374,6.6027,5.42111,5.56155,6.97932,5.56715,7.40439,7.52573,5.04854,7.1253,8.03617,8.64731,9.09125,6.76139,7.5575,8.93185,8.5962,8.68864,7.71799,6.39257,5.12914,6.60136,8.31523,8.8764,5.9574,8.38082,8.35946,7.08446,8.8102,8.04939,4.72473,7.53241,8.37185,8.8085,8.47518,4.88107,8.48851,7.95681,6.07112,8.52761,7.38573,8.99461,10.13064,6.88197,9.35117,10.38249,9.09366,8.60346,7.70175,9.21166,8.15657,8.31713,8.77049,8.3127,8.24634,8.46133,6.16759,8.57169,8.56037,7.82337,5.82241,5.54704,5.75414,8.15305,8.25316,6.8156,5.60298,7.63725,7.73163,7.84612,5.08904,5.55897,8.78604,9.34299,9.79154,9.22925,10.32598,10.99605
dcl,8.99096,7.75833,14.43308,14.82857,11.47917,13.41471,16.09618,15.43855,10.53714,12.13361,13.33354,10.90962,10.04664,13.02472,13.25854,10.35907,9.23048,11.35336,10.17405,5.97582,8.32915,7.27641,6.48501,6.44471,7.15963,6.60819,7.56174,4.86073,4.64133,5.72795,4.41458,4.93179,8.05827,5.14114,5.99037,6.81387,5.94413,7.22799,5.38652,7.44379,5.16595,6.8462,7.97407,8.47615,7.17721,8.99697,9.12145,9.07134,9.39637,10.37432,11.29002,10.49483,9.93613,6.73209,7.56701,7.74359,7.91384,9.83645,8.66733,7.70967,7.67399,7.54623,6.60918,8.27547,8.55732,8.13125,6.68659,8.80601,8.0488,6.2568,8.67966,9.15684,9.23087,8.93063,8.88842,6.95296,5.92125,5.08758,7.00345,6.25758,6.53864,2.27976,4.78515,4.32651,4.11079,5.07604,5.54745,5.79047,5.96188,4.68096,5.3889,5.70368,6.49777,6.59326,5.36718,6.29372,3.27552,5.46189,3.35156,3.57159,5.88358,7.60484,5.45746,-1.53816,4.54827,4.57744,4.68469,6.73508,6.94174,5.15608,5.10492,6.72555,5.70529,5.53801,7.00322,6.7967,5.1075,5.67554,5.39026,6.50572,6.26624,7.7214,6.9209,5.63664,3.49064,5.73134,7.28183,6.81832,5.56744,5.47757,6.67288,6.00284,3.7985,6.26447,3.60352,3.73203,5.98935,5.08009,5.45013,4.69816,5.54147,5.40456,6.14448,5.08128,7.23574,6.42637,6.0938,5.88683,4.2627,5.79511,5.80315,4.65995,5.84239,6.06587,6.84006,6.61118,3.45891,3.02169,6.4027,6.44953,5.85719,6.04956,5.2275,4.60336,4.66711,4.90364,5.21381,5.91498,6.51569,5.29741,3.0911,4.18753,6.73628,5.33964,4.48704,5.01567,5.80199,4.89031,5.14208,6.57609,5.86037,6.13405,6.8431,6.40175,5.9018,3.76039,1.69706,4.41006,3.94984,4.89348,4.94237,4.91598,5.2817,4.65031,5.82269,4.2169,3.2708,3.6064,4.38532,3.59155,5.79727,6.06418,5.65666,5.59336,4.69009,4.06006,5.46109,4.20735,5.64908,4.71886,2.80115,1.48356,4.96855,2.48809,5.49875,6.9135,7.30709,6.68468,6.88417,4.98133,6.09118,3.4079,6.2005,6.66372,4.88709,2.01479,3.62907,4.03322,4.38481,6.04054,6.30363,6.74686,3.16252,5.46791,5.73665,7.12952,6.24094,5.00206,6.33195,6.36514,0.61053,5.66828,5.73215,5.22361,5.2146,4.34724,4.6439,4.09621,5.63274,5.98869,6.06834,5.49925,4.57471,5.44025,4.64188,4.75008
dcl,11.50999,9.98294,14.56762,14.74551,11.68406,13.02035,16.74228,16.5974,15.39244,15.63282,15.68106,14.54312,12.85892,11.84768,13.37308,12.82241,12.65373,12.80052,13.43613,13.32499,13.13411,12.57944,12.98595,12.96235,12.42092,12.05823,11.04245,10.09797,8.30554,10.39187,11.30267,11.51747,12.20967,11.86592,11.77948,11.63852,10.97803,11.39261,11.1819,10.77744,10.68861,10.64275,10.42215,10.17714,11.25309,11.13749,11.38799,11.82775,11.69559,11.70116,11.42877,10.94994,8.65515,8.08629,11.20163,10.41331,10.82045,9.79655,10.80415,11.68318,12.67466,12.9052,12.52442,11.51425,10.83917,9.78528,8.10473,8.23767,10.20683,10.97598,10.48538,9.04776,10.44231,10.71479,10.3949,11.28215,11.68251,10.63846,10.48424,7.01939,11.3152,12.19631,12.74201,13.50589,13.28264,13.07388,13.23241,13.02206,12.18624,12.01327,10.11237,6.67309,9.40215,11.6129,11.91269,11.79648,12.00107,12.18702,11.99551,12.0318,10.49333,11.13032,10.80322,10.47047,9.41363,7.93558,11.23125,12.04749,12.90717,13.00553,12.81777,12.52119,12.12019,10.73113,10.06302,8.69464,10.30106,10.8983,11.81043,11.87325,11.81812,11.89174,11.60143,10.6431,10.06382,9.25027,7.79027,8.08044,9.63736,9.80105,9.42297,9.9083,9.44619,9.00143,8.77925,8.7481,8.47384,8.10376,6.165,7.48933,8.1734,7.81436,8.4765,7.5073,7.0406,8.0826,7.88534,7.69281,7.84181,7.21143,6.84712,7.45031,7.71738,7.87828,7.87126,8.50997,6.83305,5.09706,5.76446,3.91647,6.48409,7.09087,8.20727,7.80371,8.40891,8.20178,7.35722,6.59383,5.21368,6.97731,7.50787,7.15183,7.59896,8.21453,8.14966,7.45806,6.69763,6.47448,7.93417,7.35524,6.94239,7.77336,7.37006,8.13336,7.21752,7.0421,5.2632,7.80404,7.66043,7.85279,7.53056,5.87868,6.27136,7.44461,8.52559,8.77092,8.03563,7.58125,8.43737,7.58573,7.24481,8.37792,8.76303,7.69943,6.31239,7.45333,7.84124,7.54429,7.19676,6.40684,5.3959,3.0021,7.46168,7.79355,6.67203,7.01139,8.30772,7.59643,5.10873,5.68796,5.96307,6.90338,6.50239,6.36131,3.94222,5.41004,6.61508,8.02391,7.55737,6.85982,6.25603,7.85403,6.56335,7.34744,6.95584,5.7914,7.94948,7.86361,6.07266,7.82697,8.58799,9.09191,9.17218,8.49909,8.30134,8.85189,8.3352,8.1941,7.63351,6.29316,4.39729,6.66647,8.38679,8.65519,9.47394,9.32627
iy,11.37978,7.88778,17.80194,18.68612,16.36163,15.84938,19.73905,19.91332,16.57933,19.29483,22.06934,21.34633,16.62681,13.09514,14.92111,11.1705,12.3521,15.91775,17.2755,15.28404,8.97105,14.50938,14.99551,12.87491,12.46703,15.4216,15.44972,12.66841,12.88419,14.43563,13.42108,10.42045,12.64338,14.09294,12.49557,11.25038,13.60193,14.28842,12.24214,5.12303,13.99618,14.19477,12.92464,11.93272,14.82965,14.2535,12.176,14.92353,16.42934,15.93566,13.721,16.48874,18.30795,17.99738,16.195,18.60587,19.0026,17.4099,13.97717,17.53602,17.40379,14.8795,15.64599,17.9925,18.41348,16.96052,16.83099,17.73974,16.91666,14.83615,15.56406,15.46901,14.6171,13.90647,14.1473,13.76332,12.35045,13.27849,13.91358,12.99517,12.54953,12.33546,13.21721,12.32365,11.54989,13.02358,13.22819,12.82483,9.86315,12.66284,13.66598,12.61792,10.78406,13.06262,13.54495,11.18109,13.75081,14.53821,14.37202,12.24324,13.41155,14.32465,13.57321,12.40386,14.14403,14.63893,13.36589,13.40159,14.62446,15.09075,13.69112,14.35162,14.91068,15.05442,13.18606,14.76811,14.77189,14.49982,13.28657,14.84156,14.91051,14.61313,13.34698,14.21556,14.47221,13.72273,13.48524,12.71843,11.97025,11.75501,11.68296,10.6259,8.93749,9.97922,9.83006,10.07178,8.68937,9.36635,9.17733,6.4353,8.23451,6.83225,8.36732,9.23104,6.73554,7.68322,6.47999,4.90569,5.09181,7.6463,6.66665,5.30974,6.99097,5.5912,7.63622,5.11495,7.7199,7.19299,8.88112,9.76549,10.5886,9.22127,8.05284,9.45454,9.92021,9.8899,8.80069,8.48455,7.96189,7.70321,4.27247,7.55426,7.92877,8.1936,7.53171,7.08529,7.17114,6.49347,7.85235,6.6785,6.91317,8.15061,7.49107,3.6162,7.011,8.09142,6.31103,9.24067,9.22886,8.50743,7.30457,8.46893,6.72025,7.86775,7.15263,7.44658,7.06544,6.37235,8.38329,8.68898,8.61177,10.01651,10.79009,10.95935,8.89957,8.45874,9.69119,7.9283,10.20486,11.0528,11.21626,8.96548,9.21604,11.0862,10.40823,8.50921,11.59307,11.53322,10.11724,8.49189,9.68304,8.99729,8.48757,8.08968,8.60991,8.37263,9.61466,8.02196,9.28951,10.00638,9.53479,9.01851,9.87113,9.84384,5.82154,7.4064,8.81644,7.84946,7.99319,9.09175,9.36415,6.39,5.9405,8.34112,8.22132,6.88521,7.77316,10.45963,10.6091,10.47149,8.44411,9.32962,9.87615,9.15706,7.61701,8.11188
ao,8.07949,11.25165,17.23928,18.06005,15.52805,14.18811,18.38087,18.47352,14.57951,16.64884,19.52554,18.86408,13.77381,19.55415,21.43694,19.95719,15.20704,21.5177,22.54824,20.09678,16.04308,20.81963,20.99868,17.49317,19.03669,21.78617,21.03504,16.05779,19.73428,21.35896,19.46203,13.94156,16.13301,17.3899,15.19133,11.45509,15.10327,15.44805,12.08868,11.1625,14.54783,14.06601,10.90301,10.18133,14.08403,11.20314,10.47248,10.84291,13.75619,9.9841,9.75246,9.90665,12.89327,9.8765,10.35217,10.64219,12.71119,9.31164,10.9694,11.3475,11.63978,10.15757,10.78701,11.94176,10.49828,10.02747,10.45746,10.54085,10.21497,10.99009,10.00046,11.57908,4.47812,12.29307,13.19506,13.37006,11.83735,13.30122,15.4879,14.12991,11.4816,12.15704,13.30013,6.63213,10.78854,12.14187,12.41844,8.59393,10.91091,12.92764,12.2958,7.11411,10.95993,13.44442,11.1771,8.58851,12.36998,14.05163,10.07096,10.56096,14.21605,14.71234,11.28028,13.13543,15.78877,15.16859,12.45907,14.79655,16.84168,15.52853,12.99771,14.85586,16.35471,14.70268,10.03665,14.07026,14.37745,12.12809,8.73268,12.89992,12.23945,10.70789,9.68191,11.99184,10.49373,8.3462,9.37658,7.9151,9.75519,9.01897,8.79439,9.58079,9.54444,4.78228,10.2618,6.00209,9.52147,9.32228,11.11685,8.28559,9.0253,10.34926,9.99405,9.49656,8.97005,8.37875,8.33253,8.54109,8.08468,9.17832,6.24638,9.02815,8.50288,7.90668,8.15591,7.89325,9.34317,7.08507,8.53491,7.08752,9.01296,8.76059,6.76097,8.91221,8.20389,8.55843,8.25646,8.27478,8.34043,7.50385,8.85643,8.78364,8.00087,10.09499,6.45542,10.4097,9.91365,11.26071,10.4608,10.74848,10.54905,10.62907,10.0947,9.28219,10.23619,10.99906,9.52353,8.7765,10.20294,11.45835,10.14393,9.22135,9.91185,11.45509,10.48707,9.05216,9.89931,9.42409,8.32432,9.78398,7.89067,9.39246,7.61803,8.55158,6.37322,9.76774,8.3491,9.77416,5.64071,9.34999,7.53364,9.41763,3.64758,8.03616,8.63591,9.31624,4.78387,7.8147,7.62892,10.22224,9.45612,9.02873,8.60108,9.90034,9.57469,9.82816,9.89458,10.53845,10.3035,9.66549,8.0338,10.38076,9.23842,9.40535,7.81691,10.00952,3.39541,7.98317,5.92991,8.03514,9.27369,7.80306,7.66552,6.67709,9.18323,7.76412,7.85491,8.25301,8.9424,9.15434,8.38168,8.61098,9.80623,9.27933,9.69516,9.29368
sh,10.29505,9.93229,8.63651,9.0406,10.97756,12.7046,12.91371,12.60689,12.18279,13.52864,12.46251,12.01787,12.28756,12.11833,11.38259,13.77687,13.31358,12.64822,11.00906,10.38791,13.75173,13.94465,13.37906,10.81212,12.30563,9.42938,12.59371,14.45936,13.20494,13.27379,13.01668,12.77171,11.52752,11.41704,12.00449,11.05861,9.87695,10.21762,12.62654,12.31669,9.33798,9.60833,11.14812,11.40894,11.53885,11.5302,11.44327,11.07057,10.08649,8.00621,13.11712,14.24032,13.22723,13.02355,14.21757,13.74823,12.41036,11.33927,13.45193,13.84145,14.05951,13.40234,11.35525,12.94008,13.49438,11.68069,11.31774,12.27823,13.22545,14.5454,15.0263,14.06486,12.38646,15.39556,14.92384,15.09655,15.87802,11.26209,15.33967,16.74438,17.81522,17.74998,15.7129,15.16703,12.00889,14.42389,14.56124,12.64826,11.89142,12.40224,13.79291,15.52688,15.24932,13.65041,15.59681,16.14907,14.99495,14.89939,16.04624,16.3856,14.67669,14.16079,17.14497,15.07017,16.11337,16.27857,16.17426,16.97104,16.85643,15.53349,16.91939,17.93866,16.69425,17.7752,16.98487,16.62968,17.84572,18.42001,17.8332,16.71184,18.56167,17.90951,17.50956,18.35348,17.03157,14.57093,16.38302,16.31291,16.74169,16.04951,17.34077,13.8366,16.84763,17.17493,16.80222,16.75186,15.44402,15.73407,13.83104,17.14342,18.15271,17.9234,18.90105,18.22895,18.11857,16.59081,16.7253,15.76833,18.42394,18.39222,18.15128,16.4728,16.89362,16.51086,15.76914,17.96298,16.66855,15.7801,15.62372,11.99074,17.33531,17.92726,14.87891,16.15925,16.42924,16.12614,15.75344,16.23724,15.46903,16.27217,15.30629,15.67818,13.94308,16.05947,16.12078,15.06935,13.96527,13.76882,14.12003,12.46871,14.61661,14.80837,14.97798,15.38127,14.11763,14.54116,16.44582,16.0389,15.60333,16.20857,15.97568,15.97868,14.77691,14.8798,12.57234,16.77813,17.5211,17.49165,16.93724,16.38544,14.43931,12.50949,15.12103,16.62658,16.42807,15.4228,15.28745,11.59045,16.07906,16.38706,14.2876,15.54646,14.05358,16.96541,16.17855,16.49109,18.01893,16.72573,13.16203,13.45069,14.13534,14.22904,14.99963,14.47032,16.1975,14.92723,14.37817,14.78963,14.70329,14.87391,14.76923,14.37038,16.62582,16.25032,15.66205,14.07492,15.45684,16.0251,15.41859,16.66654,16.21694,14.09311,11.911,15.19123,16.4097,16.36126,14.53603,9.729,14.6946,15.1589,15.1199,13.73526,16.20699,15.22028,15.94964,15.54549
aa,13.70641,13.9942,13.83638,18.34841,19.67389,17.38028,13.68305,13.85027,20.47321,21.11681,18.77457,15.58854,18.30501,22.172,22.62627,19.45453,17.07576,21.46166,24.61014,24.38505,20.79496,17.09895,19.47153,21.5059,20.96,16.30852,16.28295,20.3967,22.45355,21.58159,18.45107,15.00819,20.32543,21.84421,20.68932,17.6123,15.88242,19.03068,20.03367,17.91695,12.40839,14.68417,17.36102,17.59922,16.43892,14.66388,14.42976,16.49354,17.51103,15.01388,13.25644,10.81534,15.24194,15.61665,14.88131,12.50014,14.121,15.59896,16.01444,14.06802,13.51928,14.36412,16.21285,16.42829,14.71246,12.98489,17.39364,18.4335,17.69322,13.38214,15.72312,17.23981,17.49382,15.79797,12.80976,10.64387,15.7493,15.88539,15.29815,12.90026,13.15729,14.39071,15.29089,13.66526,12.6821,11.31113,14.62106,15.26957,14.5049,12.96769,13.21593,14.76955,15.25283,13.83953,13.93276,11.81885,14.76241,14.69048,13.81319,13.69455,13.82716,13.20286,13.81912,9.26024,12.17534,10.84715,13.29458,12.01816,11.66735,10.83708,13.17685,12.69085,12.71611,10.28134,12.00355,12.11847,12.54643,11.3823,12.16237,9.32756,12.40766,12.938,11.27441,11.86209,12.86895,12.23658,12.89934,12.10697,13.04908,12.25944,12.59225,10.70255,11.97177,10.9589,11.17232,10.06837,11.3832,11.63195,11.95169,9.44976,11.17202,11.14954,11.41718,11.31775,9.29179,10.97459,10.77874,9.46624,9.70994,9.97389,10.22846,10.65449,9.07857,10.74406,10.08552,9.31776,11.3037,12.07227,10.31554,11.47485,11.69846,11.63621,10.58616,10.77445,10.27279,10.07051,10.59745,12.37104,7.86338,12.00482,10.60213,10.94412,10.83781,10.8997,10.92874,11.48868,10.93322,13.168,12.18018,13.80981,13.16941,13.34074,13.45056,12.62141,14.47255,14.42697,14.38629,14.62274,14.25328,15.79852,14.12663,14.47361,14.3952,12.38465,12.5994,12.18567,12.49151,11.11931,12.05961,12.8417,10.7793,9.62117,11.23837,9.95404,8.74753,10.76659,10.89569,10.12392,9.22532,11.02779,9.0935,9.19365,9.64412,10.12879,8.72277,10.25847,10.03881,10.29049,6.79231,10.12117,9.74643,9.30607,9.82067,9.88937,9.42864,10.04001,9.18349,9.98915,8.78222,9.65684,9.56295,9.94682,9.16484,9.94682,9.76447,9.43988,9.80128,8.48878,10.64506,10.304,7.80289,9.76771,10.79722,9.90619,9.48353,11.22152,9.805,10.75478,12.14597,12.39204,11.91441,12.45131,11.61166,10.9657,12.12566,13.18524
iy,9.68708,8.38759,11.36464,18.26235,19.60064,17.59176,11.37753,16.35582,21.53734,22.40461,19.76319,13.63877,16.52269,20.33228,20.65238,17.67575,12.65564,14.78608,18.24515,18.27534,15.07121,9.96955,13.64145,15.81745,15.58627,11.96384,8.96735,14.0281,16.35586,15.71087,11.82059,9.4367,12.58079,15.02635,14.67326,11.93743,8.90066,13.29737,15.22296,14.48874,11.69177,11.40643,14.48059,15.88187,14.76245,12.37623,12.16643,15.43984,16.74802,15.50366,13.75614,15.25581,17.98235,18.9142,17.54101,15.52864,15.9755,18.07957,18.22845,16.32035,13.58224,14.40819,16.3588,16.68146,15.31594,12.30782,12.2284,14.9178,15.09697,13.43172,10.75417,15.34436,16.70884,16.59877,14.31419,13.41204,15.0467,15.91395,15.557,14.34231,11.80153,14.97637,15.58308,14.966,13.35004,11.20694,14.11582,14.88538,14.33776,12.90394,12.12759,14.17087,14.59508,13.89935,12.01142,9.07122,12.68213,13.28473,12.57127,11.71733,11.76469,14.04476,14.28589,12.93076,11.697,13.54441,14.79298,15.20263,14.71175,13.65797,13.46092,14.2728,13.96379,12.66345,12.02562,12.94931,13.37191,13.6318,12.70955,11.94568,12.37711,12.77098,12.38367,11.31013,10.93121,11.85514,11.88862,10.97919,9.2615,9.9861,11.98411,12.71344,12.19015,11.06244,11.04178,11.81112,13.10833,12.53191,12.59784,11.63998,12.62241,12.54986,11.59915,11.75186,9.71376,8.89175,7.48893,8.69898,8.26447,10.60726,8.04826,9.74542,11.19974,11.26601,9.56808,10.42627,9.6243,11.41353,13.01721,12.8405,12.4444,12.30873,12.38421,11.39645,11.74039,11.84323,11.41988,11.18979,10.46371,10.8424,10.21911,9.69912,10.64865,9.65798,10.22534,10.1784,8.59875,10.26092,9.76288,11.34392,11.00673,11.44315,12.39502,10.04714,12.03821,10.81548,11.75231,12.79543,12.47049,12.57429,10.88224,9.84855,9.21748,8.64402,8.50069,6.6847,6.94058,6.71389,8.99702,9.43386,8.64478,6.69343,6.93934,6.72624,7.38565,6.03706,6.65655,7.39163,6.86348,7.51424,6.84681,3.72981,5.83595,8.49215,7.17298,7.20998,8.41937,8.43528,9.97037,8.74922,9.30719,10.36417,9.97254,9.37011,7.17329,9.09828,10.26531,9.79262,8.15404,6.80587,7.85924,9.66382,9.74814,9.56618,9.21061,9.53933,7.25682,10.39558,11.16083,10.31683,10.16166,9.06208,11.23539,12.10315,11.47539,11.08385,11.15036,11.41683,12.64684,12.486,12.29096,11.0995,10.60688,12.69011,12.89155,13.04974
sh,10.47306,9.74088,10.43069,10.40561,11.01058,9.61213,7.44062,11.39872,10.56357,10.76397,9.06406,12.54784,11.03175,14.50454,13.67753,12.83544,12.30521,11.0936,12.26406,12.45383,11.069,9.46801,11.57345,12.20546,13.04953,13.92597,9.35662,13.247,13.00359,14.28,12.73397,12.67624,8.95099,14.73969,14.04021,14.76995,14.65462,17.31925,17.33727,16.65362,15.22288,16.10686,14.78665,18.1681,18.35731,18.51121,18.74146,18.36553,17.88582,18.26862,18.69879,16.6889,16.88291,17.88158,17.46008,16.8538,15.97139,16.3317,18.17053,17.54806,14.11289,17.82844,17.30472,15.11937,16.86507,16.05289,14.64178,17.08917,16.30317,13.30315,14.11855,16.26807,15.32352,15.52966,15.62366,14.84992,15.27604,15.95114,16.1802,15.23376,15.54321,15.86058,14.13762,14.63678,14.35455,13.78729,14.3728,13.56143,14.84475,13.28169,15.66993,16.17781,15.06816,10.76688,14.6111,15.91674,14.31592,12.48394,13.84178,14.52553,11.41719,13.25873,12.96071,12.55163,13.32672,14.10482,13.89035,15.27887,15.63704,15.32699,14.94559,13.95511,14.1267,11.13612,12.16825,10.48815,12.87542,14.13348,11.03205,13.96472,15.04569,14.06345,10.96411,13.51992,13.52409,12.27459,12.42835,11.40084,14.24375,13.72995,12.8316,13.72597,13.90248,8.7201,11.85307,10.98436,13.04087,11.11193,13.95166,12.88049,11.65539,13.59084,14.48537,13.59474,12.20181,13.15061,12.76739,13.3814,12.10011,10.3985,12.90749,14.03438,13.60456,12.925,11.88566,12.96762,14.00924,13.3748,14.47688,13.82668,12.51763,12.45717,9.97752,12.80355,11.01452,13.09684,12.34553,12.24176,12.81287,12.01379,13.51708,13.605,12.83076,12.30057,11.82706,8.73263,10.0963,9.95004,10.73235,10.14998,11.40662,12.35644,12.72159,11.78753,9.0883,11.55491,11.11468,13.6182,13.38501,11.35127,10.5599,9.75734,12.85757,13.22814,10.32918,11.41822,10.05549,13.23534,12.69419,12.19746,12.93495,11.92382,10.65105,11.32318,13.23666,12.62422,11.27794,10.07928,12.37525,13.40298,13.28081,13.16713,13.50544,12.13304,12.09942,12.80399,13.28445,12.06155,12.26801,9.49705,9.59278,6.35971,10.50725,10.43352,10.7988,11.84513,13.09188,14.12113,13.06796,13.90316,12.84729,10.47556,11.07676,13.70062,13.19052,15.24508,14.82552,14.59561,14.55982,13.51906,11.5201,14.43606,15.33188,14.12858,13.5179,14.28274,11.89007,13.27976,11.10193,13.57578,13.40665,8.38996,13.25865,13.60068,11.21701,8.37178
sh,9.45871,5.97766,9.17654,7.86442,7.48887,9.92501,8.1746,8.22017,5.88503,10.18442,9.1854,7.76065,10.32018,10.94774,10.20445,11.48869,12.36706,9.85859,11.28885,9.83004,10.98761,11.58541,9.79151,9.93439,11.34075,11.14772,9.87457,10.58074,11.80382,12.36016,12.24621,11.74251,10.16987,12.12728,10.88338,11.88406,12.34967,12.07634,11.8381,11.81956,11.11092,11.4767,9.02705,6.76642,11.11711,12.37277,12.29151,11.38634,13.3101,13.09963,13.19877,13.73574,13.42765,12.63663,13.58998,13.65043,14.69456,11.8269,14.29788,14.26064,14.99104,14.11324,13.21326,12.52946,13.0684,13.12469,13.91082,13.51532,13.63849,13.79553,14.20707,15.50159,14.77813,15.45599,15.72405,15.16894,15.28049,13.86205,15.72103,15.51037,16.68449,16.37795,18.24181,17.67152,16.89445,17.1719,18.23245,18.54681,15.88079,16.25587,15.86771,14.8033,13.59769,13.95466,12.6891,13.65254,17.02939,15.82988,15.43405,16.08638,16.75657,15.86139,17.39617,16.58551,15.73537,14.52499,16.31856,15.33485,15.52506,17.65736,18.70941,17.33973,16.84458,16.87977,15.71385,15.56719,15.77743,14.05361,16.45655,15.8885,15.89251,17.84111,17.45452,16.42423,18.3813,17.19936,14.01025,16.91887,17.45883,17.10924,16.37049,16.40205,16.35474,15.7025,16.00389,15.9913,16.52668,17.16528,17.44169,15.99054,15.86848,14.31203,15.37314,16.34132,15.68061,12.74694,13.96542,14.70609,14.48752,15.96149,16.65748,16.16649,15.28177,14.59154,15.4314,15.70913,16.77874,16.27279,15.6641,15.68547,14.1343,15.23033,13.58388,13.17109,13.4252,11.33427,14.76089,15.8192,13.90334,12.82549,15.28488,14.34404,15.05113,14.7142,15.64878,15.97718,15.79912,16.2726,15.23366,13.16707,10.95262,11.20065,13.56425,13.60961,14.72928,16.5132,14.89602,14.24506,15.92706,14.90966,13.75156,15.20238,15.52257,12.68292,14.93629,17.01128,17.47629,17.15522,15.28294,15.02104,16.54083,16.42842,15.52448,12.83205,16.7329,16.04028,14.71177,16.53409,16.68213,14.07274,14.14082,13.24566,15.08383,13.79141,14.3376,15.3074,15.80858,14.66494,12.219,13.08942,13.0436,14.81521,13.65612,12.83039,13.65484,15.24256,14.83408,14.04017,12.91752,12.63828,14.63112,13.92708,13.07492,13.28281,13.87727,14.22091,13.68141,10.7454,11.66491,13.97622,13.6748,12.60868,13.46098,13.74838,12.45207,13.999,12.18637,10.02494,12.35017,13.52584,13.0851,13.08322,12.35293,10.79587,11.51023,8.80158
dcl,8.94198,12.40782,14.91398,14.1668,9.64316,13.67202,13.20236,11.23704,15.05702,16.15249,14.2825,11.61195,13.81783,12.90022,9.75731,10.33981,11.78914,9.75532,12.32267,13.25713,12.18881,10.4209,11.41247,9.86865,8.04521,8.15309,6.75814,7.32608,6.69131,6.24453,7.15815,5.91252,4.51073,3.6842,6.96979,6.16139,7.0836,8.44401,7.10446,5.84449,6.69881,6.58695,7.43912,4.39688,6.85544,8.31907,7.55201,5.05699,5.14929,4.95329,6.0889,8.67016,8.3106,7.12142,8.61794,10.31524,9.86058,7.93322,5.47079,6.75715,7.27904,8.98481,8.25176,5.10813,6.96134,7.6571,7.54759,7.02167,7.01476,7.19699,6.54049,7.18234,7.4102,8.11912,10.26021,9.77864,9.6978,10.25193,8.43132,5.06982,5.95342,2.21879,5.60817,6.15589,7.05938,4.12365,6.01846,3.48399,3.0831,4.43793,3.68717,5.6517,6.88458,7.32381,6.39262,6.40244,3.64515,4.86528,6.39955,6.71317,7.1905,3.73946,6.50048,5.9903,5.5691,5.58755,3.49498,5.66244,6.13895,3.98412,6.48237,6.4711,5.08539,5.49321,6.71045,5.97092,5.33225,1.15868,4.6493,5.62133,6.70138,6.26139,4.40823,4.4192,6.501,5.50235,5.87224,5.41205,4.0642,3.51091,4.73664,5.77525,6.81985,6.6243,6.50119,7.15998,7.22475,6.51813,5.23803,6.14138,5.68931,5.37624,5.62798,5.63306,5.66347,5.09438,6.60468,6.89226,4.34881,5.1918,6.0779,5.17023,6.29235,6.92768,6.61517,7.08184,7.25692,6.78038,6.085,4.94304,4.5937,5.28872,6.67827,6.48552,5.20894,5.04978,3.57344,4.73909,4.39247,6.94226,6.41823,6.0566,5.5881,6.12206,7.09446,6.27785,4.69459,3.302,5.20309,1.82022,4.56814,5.99044,3.69123,6.06503,3.66787,5.30298,4.6251,3.89714,4.86451,6.52901,6.45357,7.12363,6.99807,5.70596,5.74482,5.24698,3.6957,3.69614,4.2769,6.86472,5.75522,6.57541,6.57538,6.04149,4.88105,5.45226,5.48827,5.65996,7.37927,7.665,7.28544,5.47316,5.13742,-0.99919,5.76023,6.51909,5.61191,6.06848,6.00948,5.84719,6.6006,5.46729,5.21482,5.03527,6.18357,5.79233,5.37652,6.90221,6.93898,5.09106,5.77301,4.88595,0.61971,4.78814,3.72475,6.39312,5.83244,4.29219,6.19733,6.24057,6.61433,6.66292,4.66516,4.6271,6.67586,6.54837,4.43788,6.04195,6.86468,6.47784,7.18342,7.071,5.14699,5.38074,6.16449,7.47371
ao,8.93583,15.43376,17.69676,16.5487,12.37786,15.51253,14.88103,13.88202,17.15932,17.13349,14.77761,18.44856,18.89746,15.91039,19.32322,20.25916,17.81076,19.05901,20.49682,18.69315,17.43426,19.83184,18.54805,17.11949,19.34675,18.53246,16.49399,19.23804,18.90015,17.8045,19.84628,19.31715,14.50977,15.98566,16.37692,11.72633,14.20566,14.98992,13.17702,12.8997,14.05461,13.02168,12.09576,13.69441,12.79522,10.29544,12.43374,12.59438,10.85903,12.88352,12.85282,10.42828,11.73806,12.06352,8.78749,9.94948,11.65024,8.30933,9.91682,11.31732,10.17964,10.67375,11.4709,10.79541,9.9217,10.89262,10.60331,9.95564,11.06536,11.61504,7.89613,12.428,13.36473,10.3907,14.21193,15.69014,14.41979,11.08514,13.38918,12.40734,11.18111,12.39518,11.44945,10.64702,11.93341,11.28241,8.87443,10.0887,10.44597,9.45495,9.56907,10.03658,8.97163,9.60273,10.25248,8.29516,10.24138,11.22691,9.54027,9.97894,10.66095,8.83723,10.15565,10.6187,10.15306,10.51249,12.17726,12.61899,9.53848,12.97324,12.74961,10.32692,11.21017,11.378,10.50076,9.16567,10.27772,10.40122,7.41927,9.53222,9.7824,8.51405,9.1176,9.52256,9.94043,10.24687,9.70541,6.85037,8.45368,9.28444,5.78806,7.13906,9.28841,8.89655,8.21385,10.47549,9.93629,9.04392,9.34599,5.54467,3.11272,3.98558,7.28092,7.63089,7.0204,6.94763,7.51593,8.42571,8.14028,5.65505,8.56739,9.62294,7.81015,5.71058,6.68815,7.52617,6.63135,4.86533,6.41796,7.45387,6.0703,6.55271,7.21766,7.62585,6.51327,4.6696,6.38123,5.57673,7.36479,7.72763,7.32357,7.095,7.75711,6.46679,7.16998,7.5776,5.03659,5.54007,6.34759,6.36741,3.97831,7.35467,7.28758,7.32075,6.74284,7.04195,7.86277,6.75043,6.52378,7.9704,7.95358,0.34964,8.07233,8.19905,7.91341,5.83319,7.53866,8.99354,9.17647,8.44878,8.67035,8.63987,7.60427,8.00693,7.71389,5.4858,7.02964,6.57088,7.02993,6.55621,8.11777,8.67829,7.64587,6.13383,7.70555,5.63795,6.89881,7.79781,6.24767,6.78124,7.0579,5.85149,7.36305,6.22984,6.34104,5.34878,6.93682,7.58079,5.77751,6.59834,4.96886,4.35346,5.80126,6.88027,7.15281,6.589,5.77451,3.45496,5.60138,4.51771,7.10957,6.77182,6.46417,3.702,5.78515,5.95575,7.08519,7.37733,7.15488,7.3386,3.20512,7.7127,7.40602,7.28075,9.08842,9.0983
dcl,6.88498,7.72279,14.53431,16.33196,14.96995,11.56088,15.85497,17.81552,16.31963,11.41595,14.54922,15.58675,13.56866,11.51692,14.22701,14.49154,12.74488,11.91389,12.29256,11.90814,13.63553,11.56967,10.61963,13.91975,13.65444,11.27537,11.31052,13.02616,11.88588,8.90783,11.63171,12.13287,12.43219,9.97154,11.28232,12.06817,12.19689,11.32869,11.16786,11.48454,12.10988,10.23589,9.41974,10.82519,10.84906,8.70227,10.99174,11.46426,10.72406,10.5301,11.65041,11.8638,6.22785,9.43526,10.94965,12.57726,11.59531,6.98406,9.59122,7.639,10.506,10.97042,10.16569,9.89943,9.07749,7.31279,10.03002,4.953,10.02456,10.77106,10.23859,9.73458,8.18039,9.62711,10.67189,10.59766,10.60742,11.01132,11.81273,12.68035,12.06431,11.64489,11.65758,10.01139,10.0635,11.15004,10.7679,9.71083,9.13908,7.08881,7.1929,9.42096,9.55486,8.35063,8.65144,9.00933,9.35253,9.57683,9.27387,8.81301,9.73313,7.92136,10.13294,8.92126,9.18614,10.19613,10.83281,11.33987,11.27785,10.23332,8.5723,9.35857,8.30102,7.02331,10.51486,10.12396,10.34298,10.92941,9.10077,9.89605,9.99005,9.96969,9.60181,9.85088,11.14506,11.42864,7.43942,11.26997,10.62965,9.11035,10.01874,10.00331,9.10387,9.50552,9.85918,9.28178,9.17858,8.78883,8.96478,8.62405,8.78965,8.93621,7.9942,6.31434,8.24773,7.31128,6.82127,7.92518,8.57332,6.13605,8.17528,6.99049,8.13984,7.05437,8.19051,7.79464,6.57576,8.3564,7.41935,7.62882,5.52463,7.95788,5.62715,6.04643,6.27231,3.86368,4.76207,7.22449,5.05001,7.79381,6.07312,8.5343,6.54417,7.53474,7.10351,6.14757,5.24937,6.05057,5.08533,4.43868,6.87339,8.306,5.26707,6.08869,5.0666,7.66317,7.63921,4.08104,7.53794,7.79171,7.07821,8.31042,8.60264,8.15873,6.96514,7.81711,7.76564,5.76887,8.40588,7.68832,6.21715,7.99872,6.42284,7.14177,6.93614,4.9615,6.99226,7.11714,6.60249,5.17076,6.40363,4.35763,5.18035,5.91755,7.06275,4.97117,6.05124,7.47524,6.71221,6.39273,5.70812,4.54413,3.10217,7.05303,5.66607,5.27758,6.38573,5.96095,6.36686,7.59225,7.68911,7.95264,6.53372,8.53785,6.79997,7.76254,8.00339,5.6817,6.192,6.56299,6.45602,7.42194,7.65254,4.4133,7.04496,4.56435,8.19706,7.35945,4.59457,4.72275,6.09274,6.7957,7.25689,4.18276,6.54523,6.63489
dcl,10.12726,8.49735,9.5959,15.90563,17.42896,15.70137,9.00253,9.78887,15.4832,16.69466,14.63817,8.7045,7.39145,13.75792,14.78223,12.87854,8.79954,10.3151,14.08616,15.02266,12.91222,4.61343,8.44786,11.07301,11.46917,9.57586,8.39938,7.28342,10.00995,10.19808,8.99089,7.41235,8.66001,6.65056,8.29717,4.55577,5.33486,6.22222,8.17596,8.1658,4.80433,6.475,8.23421,9.49667,9.49722,8.95051,7.57158,4.30041,8.82172,8.69809,7.92086,7.86367,8.78611,8.42945,8.84793,9.10013,8.87156,8.61505,10.19811,10.87373,9.73616,8.62122,10.59736,11.78101,12.80548,11.38514,9.02301,9.90371,9.74832,9.87776,10.99482,9.65416,11.72586,12.18743,11.55028,11.28759,7.98219,10.927,12.35676,12.44259,11.97745,11.79108,12.2116,12.22256,11.70157,8.61426,9.63965,11.35459,11.59888,11.30418,10.96573,9.13407,11.02894,11.75559,11.36999,11.02405,10.63488,9.96776,8.941,10.13778,10.18481,11.49674,11.66615,11.08925,10.6764,11.18666,11.40029,12.15908,12.52964,12.32032,12.19845,11.88072,11.93596,12.17865,12.09251,12.1167,12.35132,12.06291,11.90297,12.15845,12.26606,12.3358,12.6321,12.7512,12.64341,12.35649,12.08023,11.73517,11.41713,11.22503,11.36082,11.67929,11.91128,11.74766,11.74857,11.61095,11.36186,11.21557,11.1573,10.96192,10.78284,10.87265,10.88627,10.94592,10.92131,10.93567,11.12247,11.04395,10.76317,10.6797,10.28489,10.11825,10.39603,10.54092,10.81602,10.93394,10.85069,10.55271,10.34617,10.25326,10.27166,10.12382,10.21447,10.54011,10.61362,10.77241,10.82967,10.72249,10.86396,10.87284,10.97115,11.09475,11.07293,11.13421,11.21148,11.05383,11.03992,11.14427,11.15144,11.15494,11.15447,11.38532,11.45122,11.38021,11.23154,11.1259,11.09159,10.96661,10.97466,11.31859,11.68708,11.80409,11.91536,11.95113,12.04007,12.11191,12.10841,12.13235,12.20739,12.18653,12.20993,12.32614,12.33452,12.29076,12.25308,12.19319,12.08392,11.8619,11.64981,11.46836,11.22735,11.18832,11.13893,11.12652,11.16459,10.95198,10.87704,10.97478,11.05124,10.84056,10.60131,10.46743,10.24415,10.06641,10.17115,10.00676,10.28318,10.32576,10.01951,10.07287,10.26826,10.26751,9.96754,9.18691,9.32876,9.78488,9.58238,9.83203,10.34023,10.21131,9.99771,10.17247,10.20296,9.98702,10.11832,10.28392,10.21388,9.97666,9.79247,9.93252,10.10615,10.19583,10.41653,10.54893,10.72667,10.91837
iy,9.53339,14.3091,17.25225,16.922,13.509,18.74382,19.50302,16.76204,18.43933,20.36771,19.33881,15.68789,19.53495,19.16473,15.08413,16.4471,17.22629,14.65469,15.08019,17.04217,15.75274,12.24137,15.83213,15.6857,12.67665,14.8049,15.57081,13.1712,13.35556,15.11288,13.65624,12.27894,14.57545,14.33662,8.75581,13.45439,14.43944,11.20331,12.40797,14.06935,12.95669,12.1659,14.43994,13.05388,13.76053,14.8095,14.53799,12.16468,14.5009,14.99805,15.23132,15.27493,15.84483,14.94174,15.06608,16.06623,15.33971,12.20345,15.78401,15.53452,13.4289,13.92216,15.09624,15.14677,13.56332,13.29102,13.92253,11.83389,13.91969,15.15031,13.95006,13.74053,14.33604,13.73201,15.05183,14.41795,13.62318,12.28626,12.05389,12.17768,11.79839,11.75304,12.2265,11.42316,11.58499,11.45118,11.20041,10.06671,10.25003,12.23343,11.93229,12.26995,11.66953,11.83797,9.23276,10.89927,12.38515,12.56454,12.8537,12.38286,12.35488,10.8618,12.66394,13.87667,14.25557,14.44303,13.99187,14.24988,13.20781,14.04766,14.99187,14.52457,14.35703,14.17406,11.74438,12.40404,13.65958,13.42875,12.96172,13.2443,12.74234,11.2156,11.96359,13.41281,12.9636,12.90438,13.18519,12.74803,12.36017,11.95629,13.60417,13.26543,12.7086,12.03206,10.02884,10.62625,10.0429,11.41843,10.8903,10.72055,9.36525,5.66719,6.99862,7.03422,7.94898,8.81533,8.80695,6.13384,6.78867,7.2514,7.15256,8.40746,8.23843,5.24861,5.38692,6.03283,4.94655,6.24079,6.14826,4.9425,2.90623,5.78848,8.32765,7.92365,6.33174,3.57219,5.76934,6.03693,7.36418,8.09309,7.91168,6.0412,6.69671,8.09297,9.29738,9.32017,9.77512,8.74654,7.12382,8.30817,9.16536,9.60641,9.39265,9.15239,7.97087,6.55141,4.10251,7.08086,8.23975,8.75931,6.97008,7.48963,5.7702,6.9996,7.48953,8.0921,8.55799,6.86162,6.65639,7.20523,5.81805,8.10192,8.92941,8.56634,7.33514,8.33282,5.16207,9.23604,10.74661,11.39017,10.76316,9.93126,8.84679,9.38808,10.41183,11.41735,11.54517,10.31201,10.10681,9.77136,7.22412,6.16822,9.49034,9.62483,7.94526,9.57847,9.07247,6.36064,7.51012,9.56646,9.23945,8.65156,10.85247,10.26454,7.20559,8.58559,10.761,10.62288,9.79367,10.68042,8.99897,5.22553,7.16373,8.7139,8.08566,8.58623,9.60036,9.26401,9.10855,8.41695,8.91611,9.50975,9.37902,9.36269,8.93133,9.06784
ao,14.81821,14.59277,18.46194,18.1756,15.84777,18.70746,20.61165,19.24449,15.79016,20.5155,20.71093,17.69496,19.56068,21.81787,20.54413,17.61612,23.35116,24.29354,22.02715,22.02397,25.12305,24.70324,20.77892,21.2196,20.80381,18.71973,18.32317,21.66103,21.20226,17.84534,21.30976,23.27826,22.27078,19.8649,22.68768,23.71644,22.76582,21.12689,21.68566,20.72948,17.79141,19.57964,19.54587,16.80876,17.2699,19.10508,16.58954,15.89693,17.98716,18.07823,13.54936,16.79716,18.28482,16.89851,14.70504,18.35287,18.27058,15.77375,17.98338,19.93521,18.18852,15.60068,18.36153,18.79778,16.10661,13.85031,16.89256,15.44548,14.39939,14.3267,15.31208,10.59702,12.89416,14.18739,13.73017,11.54065,12.62332,13.34574,12.56554,8.63872,13.62531,12.8262,11.03843,11.47422,12.6747,10.65528,11.53939,12.38517,12.69212,7.59941,12.3051,13.03746,11.73263,9.70414,12.60512,12.34336,11.77499,12.24127,13.8359,12.04221,12.32267,14.35209,14.27499,11.8673,13.44309,15.58374,13.82349,12.579,15.36355,16.15216,13.99653,12.74783,13.04846,13.06237,11.72659,14.06611,13.93032,12.83977,12.99313,16.24039,15.64288,14.22811,17.17868,18.58519,17.21362,13.3108,18.21383,18.20093,16.43418,16.74002,18.48745,17.54679,16.2477,16.92165,16.74224,13.07287,14.28135,16.14616,13.93087,13.6697,14.84162,14.50235,11.39997,13.33145,14.00113,13.14697,10.86826,12.9108,12.63134,11.22576,12.90803,14.41695,13.21341,12.71869,13.12137,13.35352,11.88796,12.78151,14.57304,13.58043,11.53506,14.03512,15.06915,12.82122,11.83914,15.54118,15.36152,11.9658,13.35448,14.79547,12.70038,8.90352,12.25464,12.78033,8.47467,9.27813,10.55556,11.7621,11.10175,10.63975,7.98497,9.8419,9.77403,10.58619,11.2418,10.04565,9.82244,10.86312,12.11433,6.35981,11.12869,11.17216,9.9785,11.43213,10.92518,10.13341,9.4505,10.83071,11.48253,8.7075,6.85407,11.29819,9.5468,10.38452,10.47737,11.24925,8.04294,10.38133,9.24291,6.84232,10.15922,9.33342,7.59506,10.26203,8.8981,10.87349,7.91142,7.00024,10.12476,9.07068,9.72634,9.44113,4.92636,10.82441,8.36299,10.05773,11.04578,9.53539,10.68242,9.9106,10.09715,9.74656,10.67645,10.20672,10.46283,10.09075,11.36207,9.66605,10.75341,10.81839,11.55846,8.94541,10.12427,11.91991,9.49865,8.93748,10.34253,11.33618,10.70374,11.16867,10.0873,10.87302,9.69057,11.67953,10.46821,11.32171
dcl,10.42837,9.37674,13.11787,17.92357,18.37795,15.54793,12.68473,17.04534,19.1656,18.0462,14.24764,14.18104,17.04695,17.80285,15.97234,14.02331,13.33802,13.85102,13.55747,10.5861,11.59496,14.62032,15.61581,14.352,10.51185,12.92213,14.26387,13.51758,12.08009,9.47327,12.7408,13.37003,13.45354,12.40625,11.92102,12.72013,12.66512,12.12982,11.243,10.4178,11.23205,10.22718,8.92766,8.65161,7.70337,9.57113,9.18553,7.739,9.56709,8.72081,8.48562,7.74993,8.71433,10.45019,8.07572,8.37414,6.66803,6.69497,8.68153,9.42101,8.59166,7.93191,8.41679,7.72119,8.12563,8.37824,9.53187,9.87854,9.24344,9.57424,8.41781,10.07725,10.43376,7.47606,8.31845,8.33711,9.30565,7.71547,9.26501,8.35041,11.27685,10.43539,10.21483,8.67351,6.98898,8.13643,8.11531,7.66508,6.95445,7.04487,7.22549,6.50013,6.65129,7.87207,7.42077,6.58828,4.51545,4.7687,7.07477,6.17254,6.17308,5.14892,6.66023,7.04923,7.034,7.63456,8.93272,8.56295,9.27795,9.72367,9.5271,10.09324,9.38492,9.95292,9.98697,8.62493,8.2353,7.15487,7.19109,7.71201,9.32548,11.32456,12.64349,12.60428,10.71349,7.99349,9.85637,10.71533,9.61974,2.24761,6.64347,8.09308,8.38098,8.85348,8.24393,8.29703,8.51903,6.63566,8.23637,7.39307,4.5088,5.54195,7.11974,6.57117,3.5666,6.24339,8.75651,7.76322,7.30816,7.566,8.49898,8.1235,8.88308,8.03706,8.95209,9.39664,7.81497,6.4371,8.21611,8.20211,7.8299,6.49807,6.27738,6.08464,4.95641,7.25799,6.16347,7.95958,7.88473,7.1598,5.77729,5.65415,3.87791,3.94467,5.71943,4.0907,6.10187,6.10329,6.72305,6.03037,5.88654,6.58295,5.6733,5.37861,6.03128,2.81916,7.56853,7.1113,5.58842,1.98471,7.47798,5.05163,7.49618,6.51839,7.93881,8.56142,6.85976,6.86058,6.11732,4.02508,8.06709,8.39937,8.01736,6.61223,6.70238,3.71502,5.573,6.75199,6.07523,6.71162,6.51479,4.76595,4.50122,6.79983,7.47954,6.40009,7.25511,7.08836,6.3126,6.57239,7.29015,4.9663,6.53726,3.46393,7.11131,6.95814,6.7627,8.33945,8.20279,6.96763,7.00472,5.99403,6.7773,6.946,7.3338,6.28803,6.09499,5.63383,6.72817,3.47311,6.32914,4.89303,7.29842,4.34562,7.67802,6.53676,6.77741,5.99266,0.87868,6.27017,6.5762,4.12431,5.1128,5.87704,6.44294,3.25406
ao,12.835,12.26981,16.34778,19.10406,18.09313,13.45505,15.60421,19.59607,19.43867,15.32008,14.91052,19.89715,20.47777,17.58379,15.15087,20.01326,21.28877,19.23728,17.231,20.18086,22.37328,21.15321,16.68692,17.57361,20.92821,20.57376,16.85783,17.09615,20.47324,20.86676,17.67383,15.79928,18.69104,19.60515,16.59841,13.85224,11.97837,14.61415,13.27946,13.35858,13.14663,14.25648,7.93822,11.31064,11.3971,13.47937,11.85903,12.4626,11.04902,11.98139,12.62403,10.91605,12.61038,11.58035,13.76895,8.86827,10.28582,10.9411,13.29144,11.3704,10.69246,10.29355,12.76135,11.77799,9.86062,12.72783,13.15397,13.12211,10.21867,12.39333,12.90431,14.45946,13.01347,12.29187,12.33948,13.50351,12.53829,12.84641,12.47225,12.83058,13.09029,10.04644,7.05184,12.44648,12.57018,11.51859,9.65534,11.73309,11.01405,10.65908,11.00472,12.04866,11.62495,11.28069,10.43781,12.34134,12.45143,11.88034,11.77724,12.74841,13.96614,14.03894,11.29308,12.94699,13.75162,14.64657,13.49791,13.36383,11.75241,12.97889,12.84795,8.22814,9.4076,11.50202,10.50294,11.26609,9.78166,11.30137,11.68455,9.00079,9.0233,9.72349,10.16671,9.25627,9.53419,9.97586,8.39371,9.67611,10.13441,9.70343,9.16673,10.27342,9.53572,8.41606,11.75622,12.37827,11.10627,8.57207,10.01976,10.66338,10.43478,9.10867,10.67461,9.5581,8.22056,8.55646,8.82985,9.87595,9.38755,8.82318,9.21902,7.22588,9.19561,8.49019,9.4914,8.08699,9.228,8.20845,10.87644,9.49839,10.92853,11.11436,11.32473,11.48184,9.27866,6.05652,9.99627,9.25245,8.63938,9.2698,8.57315,7.27679,9.0732,8.78836,8.81859,7.90249,8.22367,8.68722,8.4587,8.2877,8.86395,8.45924,8.82354,7.30387,8.64566,8.29855,8.31039,8.30594,9.04902,7.94651,7.93407,8.58913,8.3119,8.35865,8.58674,7.47072,8.54952,8.25775,8.18567,8.89096,8.28316,8.28573,8.3559,8.03354,8.27454,8.80469,8.41824,7.11211,8.57998,8.17147,8.2868,7.87861,8.65965,8.47948,7.7346,8.29855,8.33312,8.44144,8.51909,7.70142,8.34559,8.85018,5.04107,8.85547,8.57477,8.21809,8.60289,6.92007,9.24027,6.58767,8.64556,6.97654,9.03116,7.50454,8.50519,8.31264,8.13296,7.14902,8.78957,7.87138,8.27555,8.70825,8.08429,8.64542,6.39285,8.83551,8.3205,8.25343,8.15085,8.31373,7.36113,8.94952,7.83225,8.20552,7.85918,8.49034
sh,9.59361,12.74008,13.10482,13.25148,14.0349,14.07599,14.73724,14.2157,13.03826,14.93289,15.60229,11.19189,14.03535,12.50989,12.70079,14.52007,14.79704,12.82988,13.91358,15.01196,14.44981,15.28078,14.55886,11.12925,13.47223,12.2943,10.94366,12.15003,12.16587,14.57266,15.11454,14.20226,10.78827,13.40866,11.84528,13.70699,13.86661,13.77887,14.21739,14.49998,15.99731,15.83347,13.83765,14.07064,15.01833,16.66116,16.99932,15.65397,15.99804,16.61659,16.30101,15.86084,15.95575,16.81795,15.59196,14.5244,14.93105,13.83972,11.09751,12.81961,14.49112,14.49553,14.19675,13.76374,12.95779,15.40324,16.0474,12.10694,14.41116,16.09161,15.79917,14.65066,15.97329,16.14861,17.16525,16.94533,15.19661,15.39662,15.73324,13.70829,14.58877,15.8007,14.36333,15.29337,14.34539,14.42662,12.22919,16.22602,16.771,16.06132,14.28858,16.44664,17.42997,16.35341,15.95507,16.53003,15.84385,14.766,15.58251,17.81989,18.16942,16.93944,17.28453,16.68293,15.02731,15.86062,15.87637,14.6158,15.53449,16.16759,16.54247,17.37169,17.20956,16.6182,16.10259,15.487,15.60152,14.34257,13.81988,15.9849,16.61069,16.42682,15.40673,12.57123,13.58689,14.48503,16.02079,14.5247,13.24552,14.5891,15.72514,13.32943,15.94112,15.47299,14.85693,15.56684,15.34313,15.46896,16.46122,15.88834,15.95919,12.722,13.10791,13.96334,12.69638,14.01679,13.57163,14.83831,14.37432,13.16803,13.02512,13.6399,14.45753,15.04677,15.82432,13.46909,14.66974,15.41154,12.53222,13.02783,13.35702,13.99135,13.09036,14.72016,14.87082,15.375,14.13948,14.56042,14.11173,13.97614,13.55764,14.06567,14.97623,15.05114,12.45512,14.63015,14.74269,14.16485,13.61619,10.45339,13.57463,13.82803,13.45439,14.83523,14.33,13.28597,13.50126,15.2852,14.31302,14.81615,14.33137,14.75471,15.75713,13.9317,13.67658,12.78415,14.07028,14.73074,14.55685,12.5465,12.03332,12.5108,11.70128,14.30079,14.03396,12.077,12.48281,15.45034,14.79462,11.45237,12.73472,13.05782,11.71703,13.12692,14.89346,13.22911,14.24162,13.93353,13.19018,13.29904,14.15885,13.96859,13.45674,13.58496,13.56654,14.6493,14.33538,13.34774,14.71429,13.44501,14.20045,14.18759,13.99327,14.88416,14.85529,13.96099,12.51804,13.69561,14.57965,14.84435,14.56223,14.26029,14.38911,12.80574,12.97492,13.97646,14.86612,13.39616,12.67615,12.51982,12.19781,10.49339,13.24627,14.37659,15.03143,14.79089
dcl,9.71601,11.75752,12.92342,12.81232,15.96096,16.1399,13.73584,13.9401,12.69285,12.92623,13.82362,12.61368,11.0328,10.92188,10.64086,11.11712,10.91329,8.59479,8.38121,7.6399,8.14578,8.93173,9.1252,8.57924,8.78242,4.23468,8.12432,7.2612,7.13948,7.19436,6.0452,3.73522,5.05872,5.74689,7.8161,8.27111,4.33295,3.14792,5.99365,5.66466,7.53687,8.53021,8.37245,7.40845,6.1487,10.13369,10.8593,9.88308,11.8564,11.31926,8.74726,7.45143,10.2527,10.03458,9.40278,6.64331,6.08666,9.09937,8.35027,8.63882,9.39747,8.63016,8.5556,8.96271,9.03957,8.39332,7.37841,7.45575,7.55198,7.05305,5.41646,5.33862,4.29452,6.81478,7.49742,5.30801,6.03613,5.83589,6.83981,5.7531,4.49947,6.1264,5.14338,7.52235,8.26532,8.42447,8.68312,8.28303,7.74821,8.08778,6.96059,7.25891,5.46418,4.98453,4.95932,5.07621,6.54082,7.13468,6.36966,4.90563,6.22502,6.30738,5.79218,3.78656,4.4822,6.50843,5.65242,5.31624,5.8777,7.1934,5.53763,2.19838,5.40693,5.0122,6.42261,5.9857,5.59675,4.50418,-0.21189,3.34277,6.00878,6.01533,4.50362,3.91704,4.92327,4.95019,4.98043,5.22503,5.92686,6.14359,5.21975,7.09639,6.20521,5.05816,4.9832,3.52568,5.74562,6.3502,5.43793,6.25992,5.55552,6.42298,5.12321,2.96449,4.65294,3.31042,5.46239,5.68092,5.73039,4.09044,2.05376,4.08775,6.07214,5.43905,6.18662,4.94152,5.88877,5.8118,6.00509,4.94128,5.71631,4.34672,5.84181,5.34849,5.42755,2.5112,2.00605,2.9692,5.67243,6.85939,5.26374,3.59165,4.16548,5.85935,5.51075,4.34408,4.14788,1.89098,5.31313,7.12396,6.01489,4.42725,6.20068,6.38919,5.43975,5.90134,4.80081,4.63749,6.08201,6.83309,6.06854,7.0084,6.62776,5.44965,3.42057,5.06369,-1.82602,5.15739,4.97143,5.28798,4.52187,4.74551,5.66957,5.50331,5.38795,5.87871,4.17043,6.0511,5.584,5.94986,5.07576,5.97109,5.50299,5.32402,4.16383,4.1598,4.42259,6.23219,5.94399,5.28019,6.69418,6.50145,6.14994,4.36208,4.07462,5.40815,6.33761,5.91955,5.83787,3.84877,2.65562,5.11114,4.57151,4.52877,4.65123,5.63098,4.97397,6.34944,7.20363,6.58231,4.84314,5.74013,4.94747,3.30212,3.62977,5.99986,5.93815,5.98684,5.12107,-1.22239,5.59091,5.65601,5.35441,5.16964,5.72971,4.33507
sh,8.62674,10.38622,9.54837,9.83717,10.72241,11.2491,11.55876,11.81977,11.10456,10.62744,10.49772,10.1401,12.46457,12.64024,12.60445,10.28122,9.09453,8.57965,9.83368,10.21776,11.48696,10.71635,10.06501,9.16964,8.11091,9.52623,10.57015,10.16296,11.12831,11.87339,11.25244,10.11922,9.82022,9.72025,8.90208,9.79954,9.46934,9.89456,8.44429,9.10454,10.33947,10.69453,9.97881,5.39255,10.43391,10.55947,10.8563,11.96889,11.44461,10.23072,10.19879,11.30438,11.35057,11.28319,9.64104,11.55256,12.42997,13.43267,13.86409,12.35431,11.50191,9.09127,8.44953,10.87851,11.56912,10.49117,11.77615,9.66613,12.83103,12.75534,12.6644,11.99247,13.48968,13.89321,11.96364,12.38047,14.30447,14.65663,14.5772,11.97535,13.96554,10.66243,13.74455,15.10509,14.53194,14.60496,14.96148,14.87451,13.03175,15.97868,15.37602,15.08923,14.12934,16.04019,15.62138,8.09187,14.20412,14.16025,13.59886,12.32141,14.38539,15.34018,14.64041,14.26728,13.91758,16.29816,15.86429,15.70521,17.60632,17.31211,16.55034,16.57954,15.87975,14.70062,17.70705,17.32592,16.14357,15.5666,15.99257,17.45658,16.33469,13.2962,15.50585,16.60048,15.05876,16.74782,16.5374,15.48637,13.93505,16.86941,17.6523,18.65262,18.35862,18.18514,17.20314,15.33747,11.19528,14.45756,13.03665,12.24333,14.20224,16.62791,16.35843,16.12937,14.04373,12.65976,15.75274,16.49948,13.4948,15.09046,15.13166,14.69197,15.00102,15.49082,15.69897,13.63604,13.24252,13.39015,14.86829,14.03784,14.49372,13.57348,10.4964,14.13105,15.12217,13.89869,14.26634,14.46286,13.75622,16.37708,16.37437,15.74227,13.53269,14.85492,14.39202,13.73729,13.80459,12.49474,14.29333,15.57261,15.48903,14.90172,11.06116,14.84884,14.78348,14.17857,9.3556,13.45127,13.57932,12.35631,14.44461,14.61585,12.48066,12.21063,13.11706,11.67983,13.11781,14.757,13.65681,13.86179,14.45453,15.55257,13.41182,14.62516,13.03807,14.74239,14.28259,12.58797,10.8636,14.65296,14.52576,13.68675,12.72853,12.19882,15.10617,15.56416,14.64148,14.58059,14.70322,15.08715,14.70004,15.17316,15.14481,13.7875,13.96539,13.04408,12.21301,11.75662,13.71414,15.18468,14.22721,13.05111,12.29246,13.94237,13.42177,13.50715,12.80178,13.04317,13.06486,13.31158,13.53409,12.94633,12.38512,13.19797,12.88791,13.40675,13.76262,10.44992,13.85021,13.24949,13.00862,12.97225,10.56865,13.63873,13.89409,5.8552
iy,11.72847,13.07964,15.90505,17.85847,17.35307,10.47071,17.44372,21.26432,21.14052,16.96954,16.67918,21.92091,22.66749,19.90929,12.84262,18.11267,19.29184,17.26262,12.7649,16.69775,18.52185,17.35877,12.33401,13.78086,17.44576,16.61295,12.79143,13.52065,16.34631,16.79329,12.3817,11.62706,15.55885,16.46427,13.9114,11.19377,15.14346,16.57292,15.01321,11.96815,14.02543,16.98033,15.73522,11.18659,14.18878,16.95168,16.91313,11.79641,11.674,17.44318,17.62232,13.81834,15.67887,18.93858,19.32822,16.43961,15.50772,18.37885,19.91524,18.48039,14.56762,15.75048,18.04133,17.4167,11.22168,14.85892,17.64463,17.71136,12.91339,14.36602,18.00086,18.59312,14.52957,16.78673,19.82768,20.42574,17.80807,15.30893,17.31565,19.05831,17.87904,13.80757,15.05552,16.94893,16.59239,11.94563,12.50478,16.17969,16.57304,13.70607,13.42468,15.8042,16.90348,14.29058,13.00691,15.55948,17.03717,15.49475,13.40804,15.96003,17.8873,17.11146,14.4836,16.96701,19.03872,18.14818,14.28338,17.25501,19.52262,19.157,14.24139,13.14256,15.13613,15.25103,12.79921,12.92755,16.57835,18.52205,17.20177,13.82601,12.64301,14.86722,14.37191,9.92692,8.19816,12.32508,12.60069,10.25781,9.1759,9.81239,9.905,10.11888,9.55624,9.68398,9.87779,7.17882,9.66614,9.99781,10.8323,10.28771,9.11329,9.80752,10.54823,10.78594,10.06599,9.76359,12.4929,13.38001,11.58424,10.51571,11.34928,13.24876,11.93306,8.24245,10.76328,11.8442,11.0828,9.05794,9.48139,10.95825,10.71575,7.91471,9.57588,13.12821,14.03542,10.86242,11.5907,13.18117,14.2719,12.2935,11.47368,12.53435,14.23075,13.01631,11.90274,12.85131,15.56875,15.25959,10.98298,13.32455,15.80619,16.35237,13.33672,12.2731,12.99041,13.43132,8.0813,11.18435,12.15918,13.02421,11.33415,9.64959,10.4953,12.29367,11.20482,9.21917,9.78985,11.71057,11.26026,9.11168,10.22142,12.18966,12.7237,8.8749,10.2076,12.13637,13.11646,10.6385,11.97015,12.91306,14.63925,13.21062,12.72604,12.48742,14.78809,14.83267,10.10512,13.13812,14.84859,15.15168,10.93376,12.34792,13.7336,14.59505,12.05356,11.24519,12.97314,14.32104,12.51509,10.92022,12.91634,14.65401,13.33315,12.6831,12.50907,15.09654,14.93658,7.94477,11.77389,14.19635,14.87687,11.7213,12.13069,12.92181,14.22044,11.69485,11.30535,11.45392,13.31403,12.73517,6.91187,9.72679,11.92971,12.30506,10.80279,8.77224
dcl,8.70612,7.95627,11.07315,12.72525,12.32128,10.50385,10.5714,11.69239,11.14117,10.86738,10.96417,10.24093,9.32499,8.40771,4.51592,6.25471,5.69538,7.2362,7.90804,6.66308,6.78928,5.97223,5.43316,-1.03021,3.17142,4.23724,7.07703,7.4435,4.73386,7.00615,7.63455,6.47871,4.69132,5.31649,6.28214,6.48492,6.55268,6.50156,6.86537,2.8273,3.00745,6.02586,5.17912,3.64246,4.3217,3.78136,6.96151,6.62723,5.50727,5.7322,5.25523,6.03669,6.1081,7.2129,7.14333,8.10946,7.62948,6.1496,8.07601,7.2334,7.30787,7.73377,8.14958,8.72626,7.42375,8.02615,7.95882,7.36058,7.76015,8.21428,8.54685,8.64398,7.72923,7.33652,8.03705,7.51452,8.66563,7.39805,6.66619,7.9917,6.64398,7.03412,6.91979,5.92638,6.77985,5.82788,6.96527,6.81456,1.86924,6.09852,7.22678,5.94546,4.45606,6.19329,6.45991,5.05826,4.34145,5.31267,5.77482,5.40824,5.11516,5.8864,4.83394,5.40904,3.75936,2.73631,4.32534,5.72139,5.58548,4.3838,5.1202,6.01709,6.1364,5.80116,4.70146,3.90246,6.38557,5.44576,2.38784,3.73364,6.00028,7.22186,6.12446,6.11035,6.02114,4.86924,4.7441,3.84958,6.03563,5.11704,6.18905,6.49544,6.14773,5.65337,3.86629,1.66484,6.43612,6.67945,5.42269,4.44471,5.1401,4.28581,4.50922,4.29857,5.8112,3.90537,6.0326,4.26575,5.61683,6.11584,6.49344,6.29587,6.17406,1.89834,5.69569,6.43227,4.38109,5.68786,4.48258,5.29891,5.81051,4.697,4.5039,4.04704,5.99269,5.49863,4.90258,5.52403,4.96936,5.24695,4.68295,5.3114,2.36725,6.85597,6.82217,5.068,4.60422,3.41098,5.71459,6.48359,5.57933,4.60054,3.52228,4.69836,5.28399,6.13928,6.72841,5.61228,3.42817,6.83855,7.52026,6.59512,5.84298,5.63371,4.26523,4.82861,5.9027,3.89261,5.35819,5.98786,6.45305,5.76478,3.14096,5.76948,5.63834,6.17098,5.36213,2.99088,3.72098,5.11607,6.38655,6.53849,4.45365,3.4057,3.35858,4.20821,4.67063,6.03844,6.70433,3.52557,5.16827,6.55837,7.21679,6.50342,5.66694,5.69689,5.93568,3.35178,6.10735,6.5261,6.27235,6.67947,6.92257,6.65117,7.01046,4.77496,5.61693,5.43261,5.05795,6.29258,6.62714,5.92178,5.15499,4.90504,5.91263,3.67229,0.43802,4.50335,6.16903,4.79968,4.71861,4.43154,5.32203,5.00979,7.26632,8.0135
sh,13.88207,12.9571,15.14818,16.09505,15.47355,15.86042,13.49623,15.06032,15.08992,13.29351,14.3187,15.31573,10.06905,14.44611,14.73328,14.25918,15.58391,15.05821,14.07465,15.70541,15.56344,13.98208,15.08571,13.52718,14.17117,13.72605,12.82961,13.46507,13.50032,14.33925,15.11501,14.53006,13.13078,11.39926,11.05118,12.22591,13.15658,13.33517,13.72005,15.36433,14.47745,13.1848,15.27154,15.56655,16.18202,14.70816,14.24337,14.73492,16.14873,15.63621,16.23434,14.60018,17.15412,17.12523,15.67399,14.33176,17.43298,18.13951,17.60169,17.36868,17.74126,17.8005,15.84659,19.33887,18.47906,20.29196,20.82268,18.78638,19.35935,16.37709,17.86517,17.90193,18.73096,18.35492,16.55462,16.35202,17.26375,15.63789,16.82853,17.98264,17.85564,17.02042,15.82037,16.92004,17.1173,15.36776,16.95017,17.11555,16.75042,16.47775,16.65179,16.47726,15.96671,13.77045,15.45308,16.76509,15.86709,15.38905,17.52412,16.80758,16.70583,16.19579,15.12733,12.76997,16.54616,17.50183,16.26434,14.3758,17.63249,17.30148,16.09195,16.60961,16.58648,15.24558,16.61452,16.95599,16.82992,15.9348,17.03965,16.1444,16.20117,17.78386,16.62252,16.91999,15.46362,13.34625,17.12521,17.76802,16.26962,13.59839,15.44076,16.60704,16.54443,17.17653,17.11518,14.89453,15.39849,16.58058,14.88494,15.39601,15.28511,17.02462,16.80925,16.54907,16.28732,16.32061,16.63879,15.36588,16.28639,16.70977,16.57611,15.66727,15.05013,15.14132,15.6395,16.04187,16.36415,16.05053,15.97683,16.14098,15.97303,11.00165,12.39616,15.28933,15.22453,11.53787,15.46043,16.95154,16.47388,15.74029,15.51125,15.68553,16.33751,15.87815,15.07193,16.14907,14.63721,14.07464,16.61763,16.93433,15.72181,15.27244,15.95615,15.27498,16.10765,15.70394,14.70278,16.03329,14.34948,15.78539,16.0633,15.88888,16.1036,14.86824,14.29136,11.15425,12.36338,15.38325,16.48005,12.26631,13.75561,12.13755,13.6528,13.36247,16.43537,14.88593,15.92346,15.78094,16.79134,16.71094,13.89756,12.03369,14.68195,16.14565,16.73756,15.93271,14.16298,12.86282,14.56832,14.68233,14.24685,14.10564,15.60268,14.29899,13.55193,13.60704,15.93306,16.14625,14.55091,15.00285,15.42031,14.02364,14.42168,13.48008,12.66302,13.15174,13.97787,14.65375,14.32095,12.91904,11.24496,14.13146,12.42651,10.85334,11.17936,11.59903,7.20394,10.85836,12.78535,13.49436,13.80477,13.53652,12.55847,12.9516,13.1706,11.62384
ao,11.70094,12.01027,17.27781,18.58698,16.27425,13.68133,19.16723,19.91849,17.18457,15.55797,19.54721,19.98458,16.32337,17.9403,21.95408,21.91589,17.93488,19.00157,22.64576,22.43202,17.80368,19.42522,21.86126,21.01546,16.13536,17.28158,20.66831,19.52544,16.36712,19.87328,21.93695,20.85751,15.24879,17.71283,19.84469,19.14852,14.75076,17.07907,17.3427,14.46155,10.37763,14.32854,14.35257,12.14439,11.09126,14.38529,12.77933,12.01271,12.53731,12.14459,11.93297,10.60153,11.98258,10.92579,11.93244,11.93094,9.16985,12.44649,10.4583,11.07052,11.52247,11.70355,10.8181,10.53377,10.97835,11.29792,10.95309,10.91996,10.50735,11.35468,10.92739,10.61973,11.56152,11.34913,11.02577,11.79226,14.02617,14.60164,11.33132,9.81335,10.18577,12.5705,8.54589,10.07591,13.07292,10.72695,11.27842,10.38293,11.57668,10.51705,10.17613,12.03898,12.87606,12.06608,9.86543,10.53286,12.26548,9.78357,8.94795,13.13046,13.08495,11.45087,9.35676,13.55114,12.60473,10.3111,12.9801,15.49977,15.0477,11.94164,11.07222,12.01183,12.18792,9.15966,11.67546,12.97232,11.46789,10.23739,9.83357,12.79664,8.84246,10.43107,12.00778,12.03822,11.1878,7.34804,12.51249,10.96771,10.82158,10.24526,11.26049,10.98209,7.77565,10.91602,9.30387,10.57448,9.53279,9.52591,10.28418,9.27247,10.47003,10.44102,10.60385,10.63444,10.25944,11.47735,9.90251,10.70471,10.02494,10.67863,8.15205,9.35743,10.68276,7.857,8.82707,10.11784,8.91309,9.0235,9.07972,9.83624,7.9711,9.48535,9.17003,8.83192,10.01583,8.41302,9.39266,8.29621,9.62644,8.56577,9.46877,9.21189,8.66581,9.33833,8.82608,8.72598,9.06486,9.18109,8.77899,9.29991,8.48065,8.98459,8.79724,9.32378,8.8465,9.14011,8.73115,9.1341,8.45723,9.29565,8.68975,9.13528,8.57403,9.38908,8.23089,9.16877,9.15699,8.97372,8.33642,9.12354,8.79707,9.32494,8.12499,9.26337,8.76049,8.36594,9.20449,8.99049,8.39878,9.23983,8.7256,8.54294,8.6022,9.56162,8.15805,8.72783,8.94226,8.69264,8.81171,8.68586,9.34251,7.947,9.49072,8.22197,8.59754,9.01496,9.19776,8.18687,8.88093,9.14301,8.38615,8.37242,9.31514,8.58586,8.54787,8.55257,9.39075,8.59102,8.53957,9.25688,7.74462,9.99809,8.70015,9.86305,9.5659,9.65158,8.97949,9.46475,7.81305,9.38521,10.44118,10.70861,7.42011,10.72457,9.68199,7.39056
ao,13.00412,14.99232,18.52367,17.64492,15.53695,18.76326,19.369,15.35472,17.46596,18.81369,16.94961,16.96868,19.4296,18.82926,16.52132,20.94454,21.06961,12.75295,22.06447,23.10181,20.41415,21.12224,23.00185,21.67945,14.77576,17.49032,17.89691,16.52413,21.10791,22.02285,19.06678,20.84967,22.09672,20.41521,17.19756,18.77924,18.78391,14.45994,17.63906,18.19556,14.87556,14.4834,16.28536,15.14933,14.94056,16.18848,15.86873,11.76542,13.46714,14.01712,11.84239,13.86679,14.22912,13.49481,12.06061,12.35961,11.53914,11.56939,13.97931,14.22577,10.55085,11.78475,13.79132,10.99917,12.58188,13.78706,13.61941,12.11231,12.16109,13.59156,8.57571,12.98873,14.15043,12.63595,15.00364,16.06125,15.51443,15.1955,17.10574,16.89971,12.74635,15.37966,15.34529,12.75878,13.66626,14.13395,13.78873,12.52705,13.30168,13.80907,12.26905,12.70334,14.03844,12.76433,12.78665,13.88234,13.1513,12.59631,13.48234,14.17883,11.39335,14.11109,14.80066,10.55426,14.2995,14.42687,13.62131,14.39892,15.32774,15.24749,15.61261,17.11631,16.54603,13.77618,15.76142,15.94978,15.07193,14.68148,15.72599,15.38626,11.83836,15.21423,15.45971,12.47176,15.34104,15.57049,14.24414,14.49423,15.10829,13.99841,11.24421,12.55506,8.19301,10.00276,9.9114,11.62135,10.15017,10.98916,11.03933,7.21451,10.5288,10.46397,9.77095,11.25228,11.6627,11.9794,11.0612,11.38849,11.56605,12.27335,11.62567,12.33322,13.03582,12.45291,13.22284,13.56355,12.82473,10.20307,11.3301,11.63052,10.93988,10.79148,11.01405,10.64625,11.55932,10.12622,9.74123,9.28384,8.32197,9.0614,8.95897,8.92484,7.65967,8.80239,8.32899,3.22481,6.46098,8.52985,8.56301,6.84025,7.04706,8.99056,8.88532,7.36067,6.30948,7.48102,7.14508,4.76091,5.72355,7.89596,5.94781,7.74655,6.30884,6.77818,7.66548,8.75154,8.92054,9.61305,9.16241,8.782,8.61219,7.13089,8.95068,9.04298,9.46609,6.93999,9.13985,9.78368,10.05202,10.0649,10.87899,11.62709,11.16681,11.28761,12.01679,10.5966,10.58297,10.36122,10.09726,9.81991,9.40651,8.75622,7.03311,8.30127,8.29047,8.69361,5.19974,7.48467,8.12348,7.05197,7.9467,7.90904,7.92426,6.7503,8.0104,4.63204,7.15444,5.27324,7.3983,5.25575,4.69159,7.20564,6.08075,7.02174,6.30156,5.20351,6.82231,3.63186,8.05181,0.79974,5.439,5.78578,6.10478,6.20721,6.37775,4.61348
ao,11.39606,12.83921,17.68072,18.18751,15.27839,16.52521,19.28362,18.57366,15.35347,18.40631,19.76151,17.78641,16.77522,20.38368,20.53331,18.16006,21.01005,22.72022,21.43262,19.58656,21.6921,21.99635,19.37634,19.36625,21.35295,21.0732,18.89817,19.41138,20.67888,18.90644,19.10387,20.98007,21.44053,19.33431,19.11297,20.62953,20.72688,19.15495,17.37576,18.52367,17.16252,15.82998,16.96133,17.77988,16.88596,15.37009,17.23752,16.03851,14.93525,15.41965,16.83657,16.08892,15.23854,16.06007,15.6751,14.68768,15.61156,17.05753,16.66593,16.86175,17.29854,16.9214,15.49796,15.22951,16.07817,15.59238,14.82049,13.75846,13.96388,13.16345,12.62883,13.67172,13.66901,13.36635,12.66372,12.49775,11.04538,11.86935,10.87267,12.08552,11.57568,12.01778,11.65604,11.02213,11.47705,9.40333,11.4188,10.52799,11.76135,10.73545,11.44271,11.1448,11.15274,10.58381,10.62708,11.37005,10.98901,11.3893,11.64125,11.92115,9.72796,10.99907,11.68925,11.45714,11.1635,11.52264,12.65321,11.75869,10.84139,12.20019,12.01697,10.07038,11.28159,13.21185,12.57325,11.9619,13.18366,14.02642,10.45366,12.04648,13.40033,12.63418,10.80854,10.51373,11.28869,10.91531,8.75556,10.22215,8.83657,8.517,8.67805,8.21292,10.5449,8.88698,10.97062,9.70082,9.79022,11.05704,8.8793,11.802,11.57609,11.81689,11.73854,9.88738,11.87382,11.64529,12.11937,12.06318,11.43513,11.13486,11.08122,11.86514,11.51637,12.00505,10.82217,11.21688,11.08336,10.16388,10.55141,8.26061,11.98891,10.85872,10.75491,11.18714,11.1878,10.3048,8.24418,12.07585,11.06674,9.15479,10.91364,11.3237,10.91392,9.11188,12.23915,10.99293,9.06528,10.3883,10.14624,10.91773,9.3688,10.76131,10.82702,9.70217,9.37754,7.9726,8.27956,8.64228,8.33557,9.75958,9.06659,8.16612,9.52397,8.17627,8.91676,7.40912,8.04445,9.55712,9.46607,9.60127,8.79304,8.61005,9.01685,7.74644,8.75844,9.35194,8.07214,8.72776,5.34556,8.69987,8.80366,7.30056,9.09479,8.08635,8.5032,7.87485,8.57556,9.32143,6.27422,8.90822,7.95943,5.15024,8.83874,8.75681,9.01437,7.47505,6.93924,9.39595,8.81598,9.11833,10.31388,9.63919,7.97038,8.77381,10.11843,9.65544,5.80336,9.45642,8.38372,5.33839,8.69453,7.616,9.81247,8.40832,8.04906,9.93241,6.55274,6.63801,9.3658,10.21513,9.39358,6.34741,8.22203,9.60763,8.34362,8.41425
ao,12.96343,10.90413,16.36222,17.71239,15.83419,13.13901,17.41011,18.52565,16.38413,14.62691,18.80093,19.58203,17.05265,16.063,20.58594,21.1786,18.98126,17.68787,21.89393,22.26175,19.82815,16.62654,20.93242,20.8863,18.11596,17.12534,20.64818,20.55584,18.09938,15.71158,20.88754,21.20122,19.06166,16.49351,20.22449,21.0309,19.90692,18.43629,19.38384,18.5528,14.48322,16.29979,17.64023,16.09233,13.25587,15.33114,16.91312,15.13915,12.90085,15.27119,16.52798,14.5091,13.37704,14.87045,15.54186,13.21254,13.65374,15.25931,16.0413,13.63335,12.97704,15.55221,16.12975,13.17832,14.28401,16.7718,16.8759,15.72338,14.63228,15.9794,15.99692,13.64287,10.1366,14.62927,14.55706,12.36239,10.52018,14.06678,13.78811,12.11236,11.02772,13.09307,12.27494,10.92994,8.7579,12.77347,11.99588,10.71848,10.91785,12.99491,11.78218,11.36237,11.58487,13.44245,12.21503,11.95833,10.87684,13.33093,11.97368,12.8451,12.89003,14.08577,13.70811,8.64884,15.53843,15.48524,14.02595,13.39537,11.70113,13.19429,10.92473,12.36815,9.57272,12.31498,9.76471,11.08382,9.72573,11.40054,9.28448,9.52681,9.14583,10.92547,8.766,8.47961,6.65402,8.61713,8.8368,7.01892,5.56061,6.3159,7.16459,4.71536,7.3695,8.13057,8.41352,9.42521,8.98272,10.09514,11.46359,11.08188,9.57793,8.13419,9.87491,11.74504,10.16211,9.92941,11.90872,10.87809,11.37534,8.11169,10.81925,7.66768,11.74153,12.34027,11.92356,11.2586,10.67454,10.55941,9.06103,6.05702,5.10945,8.44456,8.43718,7.07475,9.09801,9.41052,7.7768,8.02195,7.12483,9.04856,8.656,5.65651,8.01494,7.00113,8.15321,5.02269,6.79368,8.57437,7.88269,7.22042,6.87727,8.67589,8.63606,6.58899,9.27152,9.5505,8.27538,9.34744,10.04726,10.58081,9.65939,10.67623,10.41613,10.71541,8.00317,9.40658,8.76621,9.5664,6.80684,7.08993,7.24049,9.65674,7.53329,9.96317,10.66867,10.23332,4.41618,7.18329,9.77932,9.17696,6.97266,4.08198,8.85044,7.63993,7.87916,8.16966,9.13219,5.21493,6.08326,9.1803,9.28483,5.87973,4.21527,9.38803,9.99494,9.44662,5.12605,9.57004,9.47304,8.43102,6.6532,8.66155,9.28741,7.63541,7.64258,7.87741,7.64441,7.22279,6.81269,6.327,7.04526,5.43831,6.3189,6.66524,7.82981,5.43443,6.06512,4.74195,7.32878,3.27974,7.09502,3.97784,5.21994,6.03721,7.42197,5.49192
iy,11.14486,10.20581,16.47269,16.92561,13.58412,17.39791,20.29144,19.6287,12.64025,18.35964,19.7146,17.59797,13.64421,17.49365,18.05898,14.47317,13.3925,15.56168,15.46755,9.80922,14.57148,15.63782,14.3945,11.2867,14.8975,15.03078,12.58972,10.98809,14.27589,13.24318,10.08207,11.67101,13.94969,11.71803,8.5103,12.79278,13.74848,9.83829,11.0281,13.18787,13.03527,10.43287,11.78558,13.28373,12.10318,11.07695,12.44592,12.62916,8.56794,11.7898,13.50678,13.33851,8.52292,13.16848,14.18646,12.62474,11.31182,14.75626,14.97225,12.47228,14.10874,16.69036,16.04828,11.37545,16.75371,18.80617,17.852,13.3879,16.62917,17.37105,15.06811,12.56723,15.78645,15.90031,13.30392,12.15428,14.16372,13.24621,11.2839,12.9908,14.0427,11.31978,10.41203,11.68139,12.27671,9.58858,10.85058,12.72724,12.05889,9.29336,11.50121,12.05358,10.50272,10.55719,12.95232,12.70611,10.68402,10.97126,12.82152,10.68154,10.85191,12.7855,13.37199,11.86371,10.75339,13.51635,12.67439,11.29452,13.02351,14.51408,13.24305,12.41987,14.37084,14.66345,12.0219,14.28666,16.21512,15.59716,14.22788,15.3507,16.62376,14.41947,14.12794,15.27926,15.60614,14.3634,13.58405,14.78028,13.91549,9.75791,9.6603,10.26281,11.43722,11.47274,12.25916,13.17673,12.43586,13.52293,14.93143,14.41234,13.57445,13.84283,14.87844,13.67358,11.55689,12.24294,12.32791,9.39026,10.48975,10.58603,9.82696,9.01851,9.25275,9.65292,9.63185,7.7229,7.45079,6.83398,6.34911,7.69358,10.21733,9.89366,9.41372,7.623,10.33663,7.82767,9.80092,11.26675,12.07198,11.80342,11.70657,11.71635,10.87937,9.27972,10.27729,10.93273,9.8721,9.47732,8.17374,9.64944,7.68758,7.60541,7.90826,7.96826,8.22553,7.71554,8.49037,8.42066,8.6514,8.63527,7.98927,7.88402,8.60108,8.68053,7.53051,7.34775,9.16267,8.51663,9.0036,7.96126,8.56821,9.16711,8.72558,8.89441,10.05575,9.67862,10.22129,9.23579,9.76991,8.94941,7.494,7.69657,5.78983,8.06258,6.46514,7.72309,6.67399,2.95482,6.2597,7.18866,5.4924,6.95916,6.33495,4.71187,6.49661,6.72781,7.50341,7.6545,7.02602,8.05979,6.61488,6.15903,6.18324,9.14148,8.93757,9.53911,8.56055,7.57475,7.49822,8.52976,9.43334,9.61237,8.43012,7.69897,7.7346,6.27783,8.21558,9.27065,10.50079,8.77461,9.0142,8.95247,7.51724,8.50357,11.05004,11.46765
aa,8.24081,13.48818,17.12728,16.2663,13.25077,18.36211,18.5761,15.25717,17.81459,19.06637,16.88692,18.1819,20.41339,19.24596,18.61097,22.00648,21.76929,19.13032,23.10926,23.8532,21.10337,20.79179,22.64119,21.25613,19.573,22.41457,21.75266,19.03413,22.59921,23.04049,20.14582,20.07389,21.49784,19.55795,17.02668,19.47203,18.36489,12.9739,17.43602,17.06941,13.70898,16.21295,16.7652,14.55127,14.76465,16.41876,14.81529,12.34879,15.39084,14.59909,11.13354,14.8824,15.1259,12.62336,13.99901,14.82058,12.86263,12.63834,15.05098,14.17234,11.02212,14.99475,14.59013,12.00489,14.76574,15.37144,13.77603,15.07057,16.54913,15.22639,15.6106,17.89807,16.73,14.82695,16.53219,16.50558,14.16572,14.48436,15.49764,13.83919,12.60388,14.86917,13.90914,10.11006,14.24379,13.93188,11.72555,13.55247,14.11692,12.55588,12.93295,14.48335,13.41464,10.57421,14.27196,13.79012,11.22169,14.68179,14.931,13.1956,14.88351,15.81555,15.05965,15.51694,17.34564,16.45094,15.10477,17.01312,16.45612,14.64715,15.33741,16.04499,14.70562,14.6585,16.13436,15.23361,14.38391,15.72028,14.6201,12.97255,9.60668,11.19417,10.66682,11.67239,13.09246,11.27382,12.88497,14.68342,14.28482,12.97945,15.00249,14.25314,12.59163,11.97942,13.34856,12.50652,11.83955,13.03924,8.58158,11.7974,11.51908,13.27705,13.30714,11.9415,12.31905,9.48057,9.11061,8.83229,9.7427,7.56978,8.23635,7.78648,6.48862,7.22608,7.15298,7.10378,3.88615,6.69344,6.92848,6.99972,6.15747,6.80422,7.72354,8.01869,8.12522,5.02605,9.96903,8.93126,9.19784,7.61376,10.82668,10.13145,9.00453,10.52752,8.49497,10.33206,5.96273,9.67764,8.91244,9.13235,9.83581,8.93689,9.68255,8.28454,9.23755,7.48265,9.99363,9.49086,11.5653,9.28863,10.47756,10.53441,10.25365,9.94993,9.81518,10.2492,8.89069,9.30754,8.36951,9.22229,8.298,7.88776,5.46757,8.03385,8.26752,8.05972,8.56629,5.30288,7.43267,7.58768,8.50307,7.14531,7.90522,7.82212,5.93898,4.60392,5.60765,7.43802,6.74579,3.72717,2.91501,5.78739,5.84829,5.14233,4.31358,6.29525,5.49799,6.90605,7.24879,5.77563,7.15474,6.66111,7.33683,4.97437,5.72537,5.21745,6.16533,4.44321,6.2639,6.98951,4.41711,5.19031,6.1047,6.78589,7.40526,6.64579,7.18303,5.74121,4.8328,4.75435,5.86688,5.33934,6.17008,6.98609,7.16858,6.36312
iy,13.34469,13.07611,11.96186,15.86516,20.47946,20.65471,17.26618,11.65891,15.09914,21.04244,23.73758,22.98282,18.10738,10.04143,14.80953,17.55442,18.11087,14.70469,13.48084,12.23748,16.50883,18.42081,17.66046,14.47025,12.71181,11.38465,16.51176,17.59818,14.44776,13.13628,12.55576,13.99353,16.80075,16.99549,14.13293,8.07161,12.36811,14.71,15.58328,13.86811,12.56405,9.03004,12.05926,16.15568,16.71737,15.76727,13.10345,13.34658,15.23746,16.31572,13.0731,14.8725,13.54864,11.76801,16.65488,17.28817,16.26792,14.57015,14.94575,16.09134,18.60207,17.93376,16.79285,16.34401,15.87683,18.3214,20.88763,20.37333,18.67897,18.24761,13.40938,19.49094,19.06547,15.33096,16.85585,16.07631,16.77676,19.38518,18.42331,17.89928,18.05009,15.85714,19.62226,20.22693,17.8646,15.52144,13.61593,17.12835,18.6432,17.76226,17.60188,17.53076,15.79156,18.92548,19.62639,17.73035,13.1892,11.54618,11.14197,12.58568,13.69605,10.16289,11.42547,12.37568,13.81244,14.30435,13.85405,10.80369,9.305,13.41676,15.07575,14.91406,13.93618,14.13209,14.45661,14.76078,16.47165,16.02366,10.98062,12.69771,15.17844,17.12092,18.22584,17.42178,16.78084,15.88416,15.24172,16.62103,14.42193,14.843,13.32973,14.62342,16.20607,17.3896,15.93717,14.65275,14.8767,12.42264,17.7487,17.80629,16.90127,15.05709,15.16695,16.65148,17.12035,16.17399,13.42265,14.93854,13.84275,13.70019,14.23866,14.44608,11.7335,10.8299,13.74419,14.87875,14.27861,10.83687,13.6926,13.44663,13.17589,11.12551,13.56024,12.49894,10.62776,14.88557,16.86948,17.25601,16.76471,16.09533,12.72768,15.64206,16.22057,15.29999,15.50119,13.37909,13.23151,15.52196,15.47191,13.45364,12.57221,11.74572,14.80425,14.73542,14.48263,14.04279,12.33505,10.74186,14.0629,14.84496,12.31664,13.06581,11.56832,14.64222,14.93331,15.03374,14.81915,13.79935,12.57993,14.7473,16.13935,14.83838,14.38428,12.62243,15.99855,16.52202,16.56955,16.21974,15.92097,14.32042,14.02934,15.47035,14.5445,13.1723,12.65382,14.93795,15.29513,14.31658,13.66034,14.11892,12.97492,11.94682,13.73707,13.92677,11.66861,11.06646,14.51057,15.40022,14.99947,14.15749,14.28532,12.62472,13.43867,14.81567,15.27978,13.37533,13.35888,14.92649,15.88016,15.79255,14.45059,14.04953,13.43893,12.40313,14.52689,14.58598,12.75827,11.09999,12.60138,12.92803,13.27852,11.94757,11.14155,11.66643,8.3383,11.85257
aa,15.52316,15.65039,19.05567,20.10992,16.77633,17.89646,21.39411,21.36881,17.42657,18.81354,21.41014,20.68704,17.97831,22.13177,24.62109,23.87512,21.6543,21.9332,23.45374,21.88846,19.86133,22.3531,22.01501,18.24342,19.51435,19.78299,20.4801,18.55139,20.4703,22.02045,20.35378,19.29796,21.62207,22.26923,19.74688,20.80858,22.37634,21.05363,20.69939,21.7202,22.07534,20.4989,15.00057,19.189,20.96006,19.49337,19.06541,19.86365,19.99069,17.81839,16.5392,17.86286,19.58978,16.90711,17.81494,19.69275,19.36665,12.89729,18.09593,20.26205,19.47412,18.04395,19.97556,20.3502,17.77832,16.63857,16.53069,18.33882,15.33565,16.21812,17.51699,16.78248,13.96268,15.50434,17.26132,17.0531,15.03178,16.18301,16.14415,12.76059,14.80844,16.25683,17.37567,14.67758,16.17155,16.65558,16.10917,15.92217,17.43701,19.14617,18.64356,17.64265,17.52436,17.30171,15.67542,16.0247,16.07054,16.9378,14.54499,13.9526,14.28345,14.20432,11.38723,13.28281,14.59528,14.46892,3.63434,13.42762,13.98514,12.78624,12.46011,12.98052,13.76631,11.35822,12.87673,13.81405,12.85361,12.74028,13.32656,13.06592,13.1951,11.68833,11.98501,12.67305,10.78315,12.86096,11.34117,11.68273,12.99917,11.00114,12.0776,13.38079,10.86001,12.05792,13.15603,12.3343,12.61914,14.47354,14.64878,12.71445,14.13309,12.69824,12.35251,14.83863,15.58135,16.36677,16.65235,15.56455,16.92326,16.45256,16.77763,15.80771,16.31179,17.05305,15.20832,15.42622,16.11821,16.52489,16.4089,14.74348,16.25411,16.31005,15.10386,17.06528,16.9889,17.50231,16.07175,17.80905,17.45094,16.23571,15.8947,16.96229,16.49278,15.89226,13.46023,15.43824,15.25763,14.42144,15.59348,15.42178,15.05148,12.50509,15.08222,15.48972,15.68631,15.66644,16.32733,16.51873,15.01486,15.62594,16.06717,15.33046,13.96528,14.60281,12.79279,12.0119,13.09617,10.54927,12.42656,11.95016,12.11337,11.7786,10.80963,10.78491,10.58666,11.98856,11.4318,11.79332,12.61688,11.22502,7.29519,7.21826,11.29392,11.32066,8.66094,9.77309,10.13035,11.57231,12.1595,12.50796,12.05384,10.33039,10.78644,12.13417,11.49836,10.92304,7.15448,12.69878,11.22357,8.35409,12.08276,12.80365,11.60027,11.52378,12.40983,12.39906,10.70408,12.18514,11.26283,13.06048,13.21192,13.03138,13.59812,14.78171,13.00466,11.37341,13.86043,14.53311,12.95915,10.59063,11.95183,12.56549,11.6439,10.31757,10.83426,5.92059
sh,13.59649,13.68868,13.28482,12.90429,11.59467,14.05392,15.00454,16.21143,15.70007,12.97822,13.09353,15.08911,15.10989,13.06712,11.52228,12.68473,12.81475,13.6005,13.4323,13.74465,12.87132,14.12175,13.86215,12.75198,15.13906,15.65131,15.04968,14.4684,12.62708,13.06874,12.76605,14.27423,14.34472,13.21081,9.87364,14.61035,14.96904,13.53438,14.92344,16.02468,15.98457,15.71768,11.84041,14.86651,15.20925,14.35932,13.33471,14.2777,15.83777,16.4258,15.99787,16.77997,15.81796,15.66327,16.40721,15.61887,16.0359,14.76875,11.20051,13.25236,14.63327,14.73724,13.02849,12.78347,12.67736,10.82286,14.18934,15.04509,12.04575,13.46861,15.1001,13.5846,15.0956,16.40696,16.37392,14.691,14.71877,16.15477,15.95809,16.77043,15.87051,12.29154,14.44044,14.59136,14.27064,14.43122,13.69221,15.06286,16.66411,15.71766,15.43828,15.78997,16.24155,14.32421,15.25337,13.62376,15.51867,15.77571,13.07174,14.64755,16.45992,16.17519,13.85772,14.60764,12.9217,15.12142,14.56605,14.03788,13.00639,12.2558,14.16918,13.74896,13.47602,13.527,11.72769,12.19573,13.52825,15.06398,15.21274,14.84815,14.94346,14.49155,13.82306,11.96212,12.21532,13.61426,13.79792,13.05976,11.96874,10.57431,10.46155,11.63866,11.78122,12.70072,11.72652,12.1134,13.84769,12.5942,12.04743,13.2994,12.45366,11.37165,12.45022,10.96702,11.50894,12.26608,9.55654,13.2242,14.61642,14.68723,14.36924,13.92621,12.62327,13.48294,14.12031,11.09165,11.97742,12.62014,10.76746,13.03155,14.63341,14.6473,11.1648,12.90121,12.65213,11.90306,12.22346,11.48932,11.85312,10.4878,12.42992,13.1412,11.09086,11.5323,13.26858,13.51407,12.5974,12.86533,12.80588,11.79824,11.92233,12.86131,13.06987,12.16457,9.7497,11.61892,12.19691,13.51861,13.92321,12.14952,13.31393,11.25173,13.59856,14.32782,14.28076,14.15073,12.82235,12.79581,13.41179,13.29725,13.69939,14.88417,14.96972,11.47603,12.71592,12.91171,13.4618,11.28208,11.51852,13.45696,12.74672,9.90577,12.35353,13.34012,13.03651,12.52268,13.04168,13.44034,13.63403,13.18129,11.83547,12.16382,13.49314,12.53255,12.36956,9.18501,11.24518,12.0525,11.82511,12.29389,11.50511,9.94233,12.49647,13.58865,13.59591,11.35606,13.09931,12.2983,10.95187,11.80051,13.04883,11.3229,11.88322,10.87641,11.58253,11.1893,11.68088,12.40157,12.14978,11.98056,9.69014,9.89013,10.09557,9.95604,10.89608,11.25134
dcl,9.1927,9.42983,14.34308,15.95578,14.31131,12.03692,15.67724,16.77402,15.05613,12.05495,12.75019,13.84264,11.22493,9.54694,12.67835,13.01809,10.36995,9.04041,12.70666,13.01602,11.12469,9.08889,8.3003,9.51239,8.0987,7.83677,8.91757,8.87259,7.01272,8.14634,8.7235,7.24946,6.5893,6.89029,7.96135,7.61562,8.73049,8.97274,8.60596,7.25903,6.8348,7.87635,7.7814,7.15227,7.53547,5.14287,7.84874,5.78251,8.2999,8.27405,8.34429,8.11803,9.70187,8.86907,7.93113,9.52881,11.27638,10.08787,8.36446,10.62357,12.01762,10.95258,7.61075,10.48667,10.87368,9.33838,7.44847,8.18874,8.36672,7.05075,7.14405,9.85028,10.15333,1.90857,9.53162,10.81302,10.94627,10.00818,10.67515,12.64136,12.20427,10.46487,9.36209,10.29591,10.21377,5.52934,7.63143,8.3398,7.91809,7.56018,8.3685,9.3888,8.58186,8.25018,8.19087,8.28446,6.2481,8.37676,8.29517,8.97492,7.21704,8.57134,8.41924,7.19986,8.34129,8.20085,8.65226,8.32319,7.29867,8.48936,6.38126,8.00328,6.06604,7.53241,5.12879,7.08708,8.41488,8.25388,7.60761,8.53446,8.44605,8.35228,7.42876,8.98745,8.02412,7.8494,7.18119,6.58388,4.20846,3.97777,4.89984,6.37171,3.52049,5.74698,4.26801,0.04598,6.81167,3.10744,4.9095,3.14677,6.56163,7.26616,7.39583,5.69353,3.98078,5.0306,5.66359,5.98312,4.81046,6.0597,3.9358,5.81288,5.31794,4.66653,4.89187,5.21148,5.94043,6.42546,4.11251,2.97185,3.85257,4.71151,6.95674,6.18565,5.3168,3.70844,3.27511,5.9056,5.64451,5.94819,6.3567,3.42402,3.58965,2.55469,6.19618,4.79676,5.00953,5.88577,3.07472,3.66705,4.84918,5.7175,7.02606,6.82615,5.65036,6.04054,7.26263,7.07282,6.65704,2.74568,7.2544,6.61976,4.4578,6.57788,7.24199,6.95631,5.98234,5.83948,6.74386,6.79968,5.64764,3.22344,5.49952,6.44941,5.55238,3.87727,4.80557,5.77118,4.45411,6.25941,4.93606,4.0484,4.64715,5.24058,7.22525,7.02442,5.45539,4.47518,6.99508,6.08799,3.43294,4.41627,2.86771,5.76812,6.16114,6.11405,5.03579,4.80093,4.8456,2.62388,5.21784,5.82869,5.92534,5.71858,5.32917,5.58497,5.91286,5.99079,3.09852,5.59508,4.95593,5.51632,6.7971,4.65621,5.33476,5.27776,5.33547,5.932,5.95547,5.69885,3.07765,4.11184,3.82177,7.0582,7.15293,4.34313
aa,14.57507,14.2718,15.91345,19.83758,19.75006,16.2622,15.03603,20.72448,22.48651,20.60198,14.64791,19.84121,23.55373,23.42572,19.50337,18.63689,24.44258,25.91799,24.1546,17.67581,15.89635,18.91624,19.6317,16.50429,17.99569,21.87018,23.16999,21.41193,15.79087,21.37189,24.15425,23.86637,20.17746,20.42039,23.679,23.93921,21.38513,17.21663,17.70793,20.05482,20.52998,16.90903,13.81178,17.24536,18.17517,16.39986,14.92494,15.49336,18.75504,18.42286,15.91085,14.96033,17.85225,19.13629,17.23545,14.19291,19.40903,20.43312,18.7087,16.27093,15.54299,16.92361,17.71305,15.47308,12.37599,8.5784,14.65577,13.15405,12.16495,12.52644,14.12754,14.39221,14.0052,8.60943,12.22198,11.61058,12.66615,9.9123,11.54917,12.54459,14.20442,12.18545,11.41566,11.931,13.02634,12.94307,11.27029,9.21707,12.78831,13.5798,12.76761,10.42442,13.11115,14.41764,14.26101,11.61625,11.82067,15.28913,16.40093,14.8179,13.10117,13.27405,14.73866,14.10808,12.08255,9.47344,12.77367,12.36779,11.87267,10.3144,11.27872,11.84081,12.20674,7.59629,9.34381,10.92235,11.70294,9.5594,10.22813,10.08499,11.98408,11.46345,10.44358,9.19842,12.26657,10.93506,11.79736,9.96232,11.83901,12.37024,10.80206,9.33419,9.57255,10.8778,12.03669,11.59632,10.16516,11.7211,11.22256,9.5702,10.25027,9.45848,11.11308,8.98928,9.59789,8.58188,9.07306,11.52416,10.10842,6.75988,10.88295,8.52083,9.74694,8.37803,9.31891,9.30509,10.00417,9.65764,9.50685,6.89057,8.97954,9.89409,8.73936,8.06992,9.27017,10.11408,8.76337,6.66851,9.77906,9.26077,8.20972,8.23658,10.0407,8.11801,8.8901,9.98778,8.14472,6.85934,9.89339,10.44569,9.56742,8.48638,10.66459,9.78018,10.72357,9.54084,12.60123,13.9568,13.98243,13.15598,13.77912,12.51802,13.95777,14.14615,13.6251,13.59157,14.2901,14.75297,13.60658,14.85278,14.52054,15.97707,15.2173,15.56497,15.92746,16.19846,16.6126,15.17247,16.30461,15.50348,16.33009,15.39632,15.45782,14.96707,15.62226,16.28576,15.17424,15.1986,13.64999,15.3396,14.48642,14.37554,14.73408,14.63895,15.1035,13.57925,14.42295,12.34788,14.55781,13.75951,13.90356,14.1877,14.22836,13.90741,12.85565,13.92008,13.35282,14.46736,12.8908,14.37678,14.45327,14.933,13.98663,13.94505,15.73642,15.49344,15.95205,14.91987,15.01587,15.12635,14.12297,14.12827,12.11654,13.58263,12.20851,14.36316
dcl,9.57623,8.58375,12.95098,13.13006,8.50742,12.26652,14.15051,13.77456,12.34295,13.74455,14.44432,12.28802,10.57877,8.4906,7.80098,8.612,9.23108,10.31741,8.7655,7.97903,7.80889,8.23118,7.91575,9.89947,10.33479,9.91951,7.88756,7.53621,6.88651,7.50588,7.11329,7.73408,6.94234,6.9711,5.94362,2.20385,6.64935,6.63304,4.05533,2.53157,5.75708,6.69994,6.35469,6.85498,7.34894,8.10027,7.3604,5.08712,4.38038,6.25644,5.61064,7.83672,7.98055,6.76672,4.99231,7.2327,6.7301,6.11648,8.63767,9.67486,9.65392,7.84082,7.20232,7.90812,5.53429,5.37213,6.96681,6.07751,6.10491,6.04506,7.77577,3.59114,6.59248,6.97884,6.34104,6.39377,6.42896,6.0465,6.60248,7.64914,5.67681,6.8066,7.09867,8.30362,8.78229,8.52182,5.98996,5.45802,4.12024,6.28,7.67773,8.24222,4.92975,5.24967,4.98033,4.86483,4.58391,5.58563,4.24559,5.78676,6.0228,4.78872,7.02748,5.9385,8.02813,8.11863,7.44512,7.80755,6.47957,5.53175,5.53733,7.10584,8.23349,6.63791,6.82321,7.21659,6.68221,6.29504,6.03737,6.05645,5.19806,7.93446,8.58613,8.18919,9.26336,9.64623,8.96517,7.46657,7.01233,7.32174,7.76339,6.84241,5.70944,4.77252,5.78205,4.85049,6.09134,5.85802,6.39609,5.13873,3.36011,6.12222,6.37933,5.67577,6.1914,6.45216,5.34326,6.13631,6.60923,6.21739,4.11155,5.15798,1.36666,5.55279,5.54771,5.24037,5.75321,5.52996,5.53337,6.79846,5.43548,6.90383,7.03595,5.21377,6.77397,6.4421,4.43821,4.31115,5.58274,6.80376,4.96339,5.14824,5.82216,3.11473,3.68914,6.50632,4.82296,6.53315,6.0049,4.6238,6.60479,6.30302,2.48371,2.76489,6.09234,6.76461,6.51427,6.11912,5.19165,0.8987,4.48787,5.40013,6.12924,6.3839,6.33619,4.5334,3.889,5.77531,6.45385,7.35948,4.49556,4.94554,5.40927,7.16179,7.18284,4.49819,6.03929,4.64647,2.47441,4.82136,3.51551,5.24,6.01708,6.05344,2.56439,6.79853,6.20341,6.44542,6.28816,4.71178,5.09396,4.06291,5.86199,5.65188,4.7503,5.95276,6.4921,5.96798,5.83891,6.5063,5.94338,4.98462,4.3694,4.62108,5.00422,5.22404,6.67301,5.79094,5.881,6.07518,5.69543,4.15052,5.21681,5.17501,3.12132,4.66851,3.61297,4.56868,3.74848,5.73922,5.50453,3.50731,4.73361,3.83772,2.03174,-4.00364
aa,11.89909,14.74591,16.9091,15.69731,14.92747,17.87815,17.13354,14.86235,17.69105,17.65041,15.32537,18.80721,19.17288,16.38299,18.98379,19.9766,17.76016,20.59059,22.31741,20.84218,20.57869,23.05148,22.0934,20.02566,21.09356,20.12704,17.7544,21.60085,21.80194,20.14337,21.83093,22.59,20.68729,20.99385,22.75549,21.55759,19.93316,19.49675,17.20484,17.13865,18.45105,16.90983,16.14604,17.21722,15.58493,14.28251,16.79757,16.30258,15.26306,16.5871,16.10872,14.06451,15.64036,16.18495,14.34833,15.95452,16.05698,13.45891,14.97587,16.57113,14.85631,16.01678,16.82509,15.36495,15.63448,17.4683,16.70969,17.11614,18.25984,18.14931,17.87936,19.18553,19.66881,18.80647,17.92741,17.99539,16.04465,16.8908,17.51672,16.00525,16.44014,16.7349,15.38395,15.9304,16.74146,15.74378,15.99602,16.39947,15.95618,15.87945,16.61385,16.39961,16.03457,16.19397,16.71079,16.13757,16.519,16.82002,15.7824,15.96546,16.69582,15.87922,16.37751,16.18994,15.29377,15.42681,15.96129,15.87706,15.79468,14.8893,13.55366,12.36897,13.67207,13.36445,13.13976,13.02514,11.97963,10.70803,12.02319,12.57023,12.56467,12.82855,11.44827,9.25278,10.01503,11.70937,12.22598,12.62457,11.70844,10.54681,10.009,8.98912,10.37367,9.89432,10.46855,10.2953,11.16772,9.85003,9.25607,11.40256,12.47827,11.92363,11.53842,12.19858,10.97471,11.73304,11.78722,11.52881,8.25344,9.70194,4.65072,10.27764,9.4957,10.82497,8.17911,8.33002,6.00383,9.39978,7.51559,8.93382,4.83778,7.80013,8.30672,7.70549,8.15415,7.17874,8.13511,7.88326,8.01335,6.34861,8.64435,8.03625,7.27124,7.64387,7.94784,7.9055,7.68086,8.29099,7.39494,7.99608,7.41804,7.68923,7.67651,8.4631,6.59742,8.11269,7.38196,8.01769,8.37299,6.68506,7.59,7.31096,7.49845,7.16613,7.35853,7.40663,8.24069,7.03256,8.52685,6.45466,9.14782,6.00566,6.99262,8.57564,7.27886,7.5879,8.08497,8.14023,7.39549,8.25117,6.71403,7.72503,5.15551,8.86132,6.40573,9.9203,8.42453,8.58941,9.7863,11.27534,9.98196,9.76909,9.33462,6.40075,7.44681,8.70998,5.41369,8.89442,6.32817,8.57248,8.18356,8.46707,8.40148,6.41186,5.46325,7.77751,7.62829,8.2884,7.05043,8.08598,7.79719,8.21874,5.61777,7.84624,7.53426,7.20228,8.10574,7.41852,7.90727,5.28552,8.5499,8.30547,8.11054,7.35109,6.78142,8.52706
ao,10.98901,13.69805,17.64761,17.07431,13.09495,17.49588,18.38401,15.58973,16.69025,19.1525,18.05643,15.21304,19.3634,19.9143,16.70042,19.58588,21.71782,20.60065,17.97952,20.99369,21.0181,17.46898,19.21048,19.6586,16.10293,17.86136,20.69268,20.46192,17.25017,19.36694,20.78556,19.37256,16.87456,18.04689,16.05377,13.60858,15.90914,15.45961,10.86667,13.95898,14.9636,11.60508,12.54446,13.71887,12.66098,10.75355,12.93902,13.40394,8.94381,11.12627,12.6675,11.63566,10.12208,11.87047,12.44153,9.63768,11.51343,12.14661,10.46465,11.0677,12.03629,11.65017,8.5347,11.66607,11.29928,9.70229,11.74691,12.79872,11.61203,11.00412,13.7171,13.75247,11.89673,13.0004,14.30051,13.38102,12.99859,14.98072,14.32766,11.63712,12.3617,12.72079,11.56335,12.93154,14.30837,13.21062,13.0756,14.49323,14.13668,12.46472,12.25051,12.89228,9.77336,9.86237,11.31564,10.20679,8.99129,10.38555,10.79179,8.37225,10.87816,11.83336,7.44722,10.43615,12.05761,11.68969,10.3474,10.46123,11.72359,10.79123,10.16493,11.33278,11.23091,8.42278,9.11518,7.93908,6.95499,6.76098,6.64589,7.38241,4.82484,7.47114,8.22659,4.61002,6.40393,8.30272,6.71064,6.43627,7.03133,7.64608,7.1573,6.34162,6.73911,3.49353,6.32363,3.50379,6.34574,7.00649,6.61864,6.81028,6.33469,2.26869,8.15103,8.80421,7.73134,5.17419,6.88988,8.87278,8.304,7.17823,9.197,9.70411,7.88022,9.19586,6.97983,7.08913,7.97013,9.30701,5.95944,9.06131,7.09947,5.13993,6.98953,8.39331,5.24879,7.685,8.10514,7.77326,7.11569,6.64851,4.95771,5.31784,7.00921,6.5939,5.84847,6.14533,7.81201,5.02568,5.22401,5.39876,6.15249,5.69466,6.61028,7.03387,8.28809,7.4274,7.41059,8.41313,8.5325,8.81352,8.77678,6.50887,7.60095,9.77126,9.28138,7.33418,9.54016,9.55986,9.25703,8.43305,7.29338,6.94321,6.52146,8.22295,7.69974,7.41893,7.15026,5.19851,6.46157,6.35181,7.88944,4.78328,5.5478,5.40881,5.6152,7.70659,7.7171,7.86316,7.67105,8.0396,7.04391,6.75172,6.36567,7.19342,6.76027,6.53847,8.24203,8.17686,7.24626,6.9897,7.78419,7.67224,5.583,5.82406,5.54476,7.40661,7.04871,4.98971,6.30067,7.27746,5.98531,6.32663,4.88834,5.69532,4.82082,6.06356,6.8237,6.39975,7.42418,5.13619,6.29649,6.83085,5.91856,6.08819,6.66703,7.77685
iy,10.21932,11.15169,11.18105,14.89739,20.22678,21.49689,19.2927,14.04725,14.70477,18.18567,22.76741,23.96235,21.91044,14.42873,12.204,15.60119,18.20005,16.05608,13.93221,12.56046,13.61489,13.84458,16.50794,15.8747,14.57832,12.46759,12.48894,14.32518,13.97817,13.60994,13.46647,9.9997,10.42174,13.46406,14.36055,13.38356,10.93599,12.16634,11.64539,12.9325,14.06469,11.79617,10.20902,11.63714,11.75361,13.08282,14.78828,13.65235,11.49697,10.77646,13.10198,14.26752,14.41082,12.79132,12.73048,12.58196,13.93019,15.44641,14.9998,13.45469,13.14915,14.39695,15.1048,16.5334,16.60064,15.65873,13.98024,16.46341,17.75409,18.70297,19.24463,19.45099,15.78714,18.6647,18.41109,18.52082,17.30918,16.99242,16.02027,15.7604,17.28109,17.45021,15.59472,16.66557,15.79038,16.40175,17.37386,17.54252,15.66472,17.14645,17.6451,16.26833,17.30407,17.05536,15.11414,15.74043,14.80661,13.34879,13.43858,12.38073,13.1935,10.74903,9.97636,9.97393,10.84737,12.92557,12.83874,12.88983,13.31666,15.55255,16.23922,17.62119,17.24666,16.25625,15.51435,16.5108,17.24297,17.95394,17.74687,13.38671,17.49644,17.6396,18.90764,18.98374,18.42405,15.85062,17.99056,17.76435,17.97135,17.97673,16.80508,16.86284,17.79904,17.56233,18.52213,18.59763,17.0147,17.53896,18.10694,16.40448,17.47031,16.9805,14.33861,13.28238,13.99085,11.5396,11.44901,9.8298,6.09658,10.87542,9.79562,9.69819,11.25216,11.6596,7.72574,4.93104,7.84622,7.35745,10.75243,7.84515,10.6919,9.18456,7.64211,2.97988,10.25455,7.96728,9.86416,9.16418,8.51805,10.76484,12.89175,13.17244,14.60585,11.66563,11.91443,13.04184,13.72425,12.87498,12.40521,11.96628,10.83451,11.92679,13.55743,12.24241,12.82483,12.87834,11.21201,12.43555,12.96102,11.10135,12.20983,10.58451,10.4206,8.54468,8.92924,11.05391,10.73087,8.9499,9.62122,8.05127,8.88053,9.56586,8.25771,5.70821,9.80033,6.97071,9.13869,10.6404,7.58048,8.96204,9.93421,10.80919,10.13488,9.44763,6.87669,10.44274,11.46052,12.49999,11.9853,12.3459,12.24183,12.29218,13.33629,13.19155,13.60587,13.74001,12.27453,11.44936,11.96691,12.76058,9.24503,11.62837,11.39678,11.46794,11.8332,11.58893,6.79017,9.96145,10.21446,10.51582,11.12517,9.49671,7.39279,9.46726,9.001,9.45439,7.9015,7.96546,9.26949,9.01754,6.73157,8.46777,9.2725,7.98638,9.96882,6.95962
iy,12.97266,13.43454,14.06596,18.88117,20.94202,19.95943,11.51529,12.31316,20.34491,23.16634,22.40988,17.49293,13.00586,18.20627,21.43672,21.14719,16.91283,12.50881,14.46879,17.85493,17.71962,14.58949,12.24954,13.76692,17.47186,18.15514,15.87535,10.57934,13.02166,15.16076,16.38235,13.98259,8.74589,11.25875,13.33539,15.18946,13.56646,10.66908,8.58747,12.84815,12.97561,11.68113,10.34887,10.27831,12.10141,15.07113,14.70573,12.12643,9.1989,12.18377,13.87695,13.71375,12.57599,11.97229,13.70014,16.00848,16.68254,14.1485,12.48538,15.31978,18.2008,18.91114,17.16961,15.15773,17.13312,19.9477,20.99718,19.60096,16.2629,15.98334,17.81064,19.05379,18.14017,16.47189,14.67286,17.98226,19.37217,18.56978,17.44351,13.98261,15.38608,18.65751,18.82609,17.30264,13.36891,13.4733,16.08228,15.89715,15.20379,12.63163,12.5055,15.01815,15.35263,14.04242,12.50277,12.8373,15.18289,15.57541,15.18913,12.71255,12.70326,14.59165,14.93571,14.30657,12.4985,14.07183,14.98198,15.85786,15.3176,14.02981,11.24312,9.82965,12.89456,12.71465,12.84483,8.54498,12.92969,15.10042,15.20908,13.84089,14.37641,11.24288,14.09466,15.52911,15.97041,15.10715,14.72129,15.67437,16.00453,14.61929,14.48229,13.2821,14.94801,14.55488,15.42177,14.79877,14.97304,15.41409,14.10911,11.56718,14.14702,13.893,12.43088,12.50737,12.21243,11.70851,11.20171,9.18868,8.61773,8.46911,8.60385,8.12942,2.49855,8.83831,8.71892,9.29769,7.58072,9.52109,8.028,8.25547,5.42926,7.8489,8.57294,9.96104,10.40793,9.98396,6.84325,7.14088,10.17345,9.60264,9.35987,9.88482,11.11614,11.35612,12.19515,11.84512,10.74956,10.46314,8.66892,11.01729,10.37518,10.77306,11.65413,12.012,13.09951,12.70486,11.29504,13.88014,13.30306,14.0382,13.31011,11.84904,9.61666,10.01958,10.41028,8.60555,7.70257,9.24522,9.73998,6.67611,7.90649,5.56891,6.03812,7.575,7.61796,7.16188,6.41039,7.95435,9.59396,7.73726,8.09106,8.83803,8.17305,4.97363,2.80469,8.56751,9.08867,8.1334,9.86763,8.85604,10.88104,11.44031,10.41549,10.29864,9.90459,9.97027,10.56121,10.25714,10.14257,9.49233,8.17411,7.97347,6.02963,8.60374,8.33639,5.80651,8.20873,8.84744,8.40965,7.1703,6.20067,8.25958,7.807,7.8256,7.12483,7.16999,7.60537,8.25849,8.88096,8.48506,6.59808,8.86585,8.37654,8.29382,8.22686,6.05139
sh,12.77823,13.13531,13.09005,13.28829,13.64503,12.61499,9.92174,14.55334,12.61464,16.29724,15.7566,14.5189,16.94114,15.89739,13.85223,15.6964,16.16778,16.77761,14.15871,15.11257,14.77504,16.8429,17.37342,16.10392,15.289,14.69738,14.88058,13.42469,14.46755,14.14267,14.30742,14.93136,14.42319,12.75012,12.66379,15.08737,14.14052,13.56058,14.923,14.34627,15.47227,14.28914,14.41603,14.43086,15.05776,15.34387,15.36338,16.12108,15.39862,15.34677,15.22937,15.64698,11.91845,14.72856,17.24812,18.79017,18.56738,17.82875,16.90821,16.57644,17.50898,15.14141,15.70799,15.83771,14.30777,15.72173,17.37202,17.93617,18.35779,18.4393,17.86705,17.80001,17.06434,15.84659,13.84838,16.60062,15.95406,17.44373,18.43031,18.34555,16.39714,16.48409,16.85048,17.10244,15.88764,16.04298,17.38281,17.3849,11.68351,15.64013,12.83732,13.32711,13.9068,15.46911,13.54786,15.53513,16.80916,15.34761,11.73302,15.96514,17.29674,15.98171,17.04403,18.40827,17.3877,15.9413,18.45288,19.04716,18.71597,17.35479,13.53916,18.61413,17.31108,17.65082,15.93769,18.18819,18.45533,15.49878,16.23531,17.18492,16.00959,15.80623,14.89616,14.37945,13.66373,15.8277,17.38035,16.94794,15.33975,15.62004,15.87896,14.63744,15.63648,16.03616,12.6906,14.85744,16.62994,15.9958,14.23866,14.082,15.63326,15.37092,15.40215,15.62381,14.60247,15.46438,15.95751,14.91105,16.37645,16.70657,16.5245,14.29817,16.7246,16.23261,16.19696,17.29513,16.6628,15.24433,15.54475,15.32951,14.22197,15.7168,15.34063,15.92302,15.94193,16.91277,16.01203,15.45733,15.52866,16.20831,16.40078,16.64821,17.21613,17.48018,16.3377,15.20129,13.55451,16.09383,13.95745,14.59741,11.6701,14.31832,14.46121,13.07723,14.5895,15.32266,15.0372,15.04187,14.73123,16.47371,15.97477,15.1462,14.96366,14.8743,13.50697,14.49679,14.33727,13.24364,15.4504,13.60388,16.20181,16.54855,16.50619,12.96778,15.68355,15.57709,14.59755,13.65055,11.45802,14.49476,15.81335,14.56313,14.61497,16.62234,15.13089,14.78063,14.09282,12.51797,14.12471,14.94013,16.0922,14.77372,13.67038,14.65226,13.65416,12.93414,15.27533,13.747,14.83892,15.45379,14.13229,13.65331,13.8138,15.2793,14.65754,14.90249,15.13098,13.75763,14.31494,15.10225,14.87916,15.55279,15.78283,16.72455,15.50602,12.433,9.86877,14.8174,15.56906,13.28659,11.58219,13.77786,11.48579,15.61399,16.04239,13.1733
dcl,11.68967,10.0087,13.9164,14.24746,11.40725,12.44954,14.90332,14.20601,10.85128,12.25768,13.07925,10.95495,9.3336,11.60664,11.12563,9.02358,9.30523,12.0867,11.69625,9.87319,8.26365,8.80933,8.30589,7.50208,7.88138,6.51,7.25044,4.01976,5.93016,7.43936,7.92568,6.55055,6.59251,5.4364,4.76314,7.32303,7.45045,4.36993,4.96351,2.23821,5.37918,8.0149,8.07588,6.37004,4.53753,7.2376,8.00562,6.28455,4.05894,7.59337,8.26148,6.41264,6.05722,5.90338,1.38796,5.32932,6.0638,6.10997,6.20574,5.75712,-0.51045,4.18268,5.25856,6.32001,6.22814,4.77376,4.3992,5.76215,6.87382,6.3708,6.97248,6.64954,5.62433,5.0016,5.62226,5.24852,5.64198,7.08374,6.38343,1.60584,6.38646,3.81525,6.41393,5.13447,6.22451,7.22881,6.81333,6.66133,7.70813,7.25401,6.19019,6.70323,5.36506,5.76736,-0.46605,7.21155,7.03719,4.41128,6.24317,6.49647,6.99456,6.49451,7.24657,7.42483,5.55314,5.96457,6.32842,7.53192,6.21295,5.70608,5.70867,6.33593,6.78563,6.0655,0.18584,6.31503,2.64548,4.83962,5.3357,5.85629,6.17244,6.41713,6.81715,4.71001,6.10284,6.4146,1.89679,5.2916,3.49818,5.99823,4.5665,2.19573,6.47236,6.95103,5.14837,6.08139,3.43874,5.6318,5.83295,4.36634,3.89051,4.57159,2.80646,4.42297,5.57822,5.73022,5.39168,3.83565,4.88587,6.34823,5.77346,5.97569,5.81069,1.86311,4.53791,6.15511,5.42039,5.14105,5.87564,6.09601,5.5899,5.12883,3.54412,4.7819,5.24083,2.90984,5.85784,4.54702,6.88324,6.54646,5.68051,5.66885,5.7668,6.78686,3.27768,5.70648,6.22295,5.27231,6.26258,6.72809,7.40971,7.4629,5.69863,4.83291,6.82524,5.66888,4.05554,5.40553,5.86355,3.93664,5.93046,5.37799,5.80286,5.1774,5.1061,6.31888,5.62709,6.17691,3.65934,4.44184,4.39077,4.60291,7.26493,6.7123,5.31035,3.89027,4.91425,5.35566,5.66796,6.84071,5.31196,5.172,5.79154,5.17106,4.53762,5.70858,5.73303,5.72533,6.1361,5.05785,5.18836,4.38048,5.73087,4.20054,5.78396,4.38354,5.31408,4.93763,1.60314,6.50662,6.70695,6.44575,5.8797,0.33351,4.47824,6.17673,3.73975,6.6891,5.95649,5.59532,6.53489,5.74198,5.55655,6.62823,4.5397,5.97795,6.86036,5.14928,5.79795,5.06058,4.51673,6.25033,6.20686,5.81914,6.19769,6.74332
sh,8.14108,8.41082,9.76274,10.13599,9.5981,9.75561,10.8203,11.30349,10.51221,11.1278,10.9328,10.86578,11.0098,12.32563,10.71796,9.65237,11.02702,11.5061,11.87828,11.6955,11.39556,11.10558,11.32941,9.87391,10.47747,12.48254,12.22036,12.21791,9.99557,9.43953,11.57793,10.59789,10.35059,10.88808,9.23017,10.96163,11.31504,9.22467,10.36643,10.93183,11.85903,11.48267,6.19541,9.2834,9.52971,10.68837,10.01693,11.13301,11.31184,13.65716,14.22116,14.55672,13.62141,14.92739,13.22655,10.97041,8.89294,11.00889,10.57969,10.08971,10.32261,10.43095,10.68735,9.79458,9.32304,11.8922,12.79944,12.6927,13.15767,14.11244,13.68246,13.26137,12.34841,14.20414,10.99041,13.76922,11.2831,13.36023,12.00294,13.28648,9.05835,10.29327,12.61946,12.92175,14.50468,15.1092,10.8308,15.56914,14.15375,12.29101,14.26298,15.33716,16.15118,17.94371,17.44138,12.44123,16.26138,16.6595,14.92157,16.61041,15.75574,17.93592,17.14166,17.22507,17.67382,17.50197,17.73826,16.08712,16.10982,14.36887,17.50173,16.02527,14.08776,17.05909,17.29219,16.44932,17.6399,16.80243,16.15975,15.74251,17.25122,16.29698,13.77356,15.01386,15.7663,16.88769,16.79943,16.00645,11.06387,13.80494,17.39915,17.22312,16.6674,16.34257,15.34473,13.59962,15.34018,15.35064,14.85123,15.60922,16.43284,14.95873,16.11933,15.97818,10.20722,12.14259,12.08408,13.74415,15.62216,15.84364,15.14875,16.55224,16.00612,15.57017,14.31763,13.37621,13.48698,10.96204,15.12765,15.35484,15.1472,14.65057,15.19745,14.59651,13.93574,14.49394,14.79838,14.92596,14.62131,15.79072,16.03525,14.02979,14.03591,14.30615,12.99859,12.93138,15.51414,15.68022,16.28824,15.54585,10.88726,13.75112,14.32502,15.47228,15.08282,14.74835,14.91459,13.86875,13.51339,12.30369,13.69262,13.33286,11.95235,7.75901,14.41535,13.92152,12.16219,14.00549,14.99019,14.52013,14.87061,13.60732,12.00489,14.17044,14.41769,12.25059,12.28402,14.04714,15.25147,14.08099,13.99071,15.43653,15.15073,14.04682,8.64964,12.98669,13.4665,13.53959,14.78882,13.60984,12.77285,13.41316,13.84204,12.46738,13.37305,13.90892,14.22639,13.34661,13.40338,15.02356,14.86131,14.06145,14.39283,11.91363,12.38135,13.32611,12.77835,12.32414,13.15656,12.15642,12.13342,13.46238,11.25825,13.78476,14.49027,13.29253,12.71011,10.98045,13.08841,9.38947,12.34586,13.15972,11.85602,12.57967,11.74564,9.27963
ao,8.60117,15.59441,17.3958,15.9263,16.90257,18.87885,17.524,16.74689,18.95054,17.81644,17.85314,20.26993,19.2622,18.22772,20.91371,19.98943,21.00349,23.61372,22.75781,20.95088,23.46626,22.78383,18.6145,21.28578,20.9103,17.99058,21.0841,20.83052,17.613,21.2911,21.1768,19.50145,22.43837,22.60605,19.73426,20.53928,20.80873,17.33527,18.56796,18.8426,15.14404,17.22415,17.61037,14.41998,16.30996,16.76576,14.06387,15.78881,16.29174,13.47382,14.8545,15.73665,12.7732,14.58213,15.68228,12.65555,14.29406,15.60839,13.48913,14.58028,16.02256,14.27729,14.36834,16.22731,14.79518,15.35075,17.31474,15.57955,16.64786,18.90093,17.71256,16.30982,18.097,16.79921,14.22741,16.61963,15.4197,12.65272,15.5074,14.5497,12.67425,15.36894,14.49394,12.06286,15.27297,14.60225,12.30647,15.48404,14.85453,12.19562,15.46211,15.02624,12.86547,16.06586,15.67629,12.88507,16.81347,16.66395,14.2244,17.9053,18.15237,15.00442,16.16107,16.42131,13.17518,15.43697,15.66823,12.46295,14.77141,15.17437,12.52545,14.42585,14.97973,12.3652,13.74137,14.64987,12.27013,13.18672,14.26105,12.23747,11.72073,13.11532,11.73415,13.26192,14.43817,12.56813,12.83256,14.56401,13.26651,13.21895,14.57933,13.08825,11.90868,13.59252,12.2759,12.882,14.34981,12.85115,12.11111,13.97579,12.81312,12.12342,13.73275,12.09907,9.89157,12.76297,11.89699,9.42286,11.92328,11.24825,7.14501,8.75498,9.19934,7.81449,7.69609,8.19612,6.24208,8.02152,8.02823,6.09573,6.24154,6.45416,8.67066,9.34906,9.51319,8.81292,9.50924,9.16977,6.16498,6.93797,6.25511,5.5342,6.78304,6.77753,6.55081,4.02071,6.72909,7.67458,6.50438,6.96506,7.07827,7.14866,7.85281,8.19729,6.31786,9.93091,9.91314,10.01404,11.93825,12.14129,11.37417,12.15256,11.45855,11.50733,12.15799,11.30336,9.84091,10.87165,10.24152,10.83185,11.10822,9.42155,8.42268,9.97695,7.67038,7.7029,8.35231,7.95497,5.95962,8.96525,8.82882,4.96052,9.47294,9.06745,3.3247,9.30885,9.02059,7.63955,8.42265,9.12952,7.74806,7.92445,5.93159,7.38203,6.89451,6.09328,6.48096,7.05374,6.89669,5.64116,5.82482,5.99678,5.54133,5.98874,2.82893,7.51008,8.35034,6.96984,8.02646,7.83578,9.4864,9.22099,9.31449,9.33171,9.51312,9.37305,9.15337,9.7406,9.01686,7.08072,8.27076,8.38237,6.65745,3.99518,5.58529,5.73009
sh,7.11364,9.5684,7.34331,9.95867,9.34235,11.517,11.09094,10.01536,11.64151,11.04311,11.57173,9.315,11.39714,10.65512,11.83031,12.03957,11.38419,11.82941,12.28138,10.37483,10.86016,12.55496,12.10678,10.71654,6.98014,9.8271,8.79324,9.89696,10.41776,11.28673,9.55402,9.50168,9.29271,10.66405,11.70052,11.91248,11.32814,10.75324,11.52592,10.64477,8.47024,10.66808,9.85328,12.4752,12.67473,14.63432,13.58348,10.76525,14.109,13.02432,12.07197,12.90487,14.29545,16.36762,16.89543,15.60736,12.87656,13.00711,12.17432,10.34606,14.83939,16.42581,15.85297,13.47947,13.2236,13.64214,15.55772,14.33916,15.22054,15.83198,15.98347,15.16837,15.13886,14.57406,15.02274,12.93585,12.59678,15.0946,11.92569,15.40743,14.22539,16.02433,16.27954,14.14189,14.14931,14.62009,15.20381,14.35618,13.06622,12.04826,14.14148,14.44834,10.45621,15.14255,16.37566,16.47892,15.77813,16.19173,15.92701,14.92152,15.19151,15.37701,13.67174,11.30886,14.50238,14.31234,13.64734,14.82754,15.31306,14.00675,14.53887,15.91188,16.07813,14.94883,14.69155,14.3708,15.37029,14.88923,14.07346,15.09528,13.0247,13.65558,13.13339,13.06501,13.24315,15.0561,15.02498,14.27603,11.53291,11.80341,13.19102,14.53062,13.69078,13.90229,14.76787,14.04106,14.22227,14.2935,15.19072,14.56083,13.19224,13.83965,13.78472,13.04902,14.35756,10.21848,13.4359,11.32217,13.53626,12.04085,12.96294,12.32798,13.22765,13.36599,13.27648,13.30282,13.16567,14.0039,13.06158,12.22364,13.8005,13.07247,13.37679,13.96975,14.01432,13.09905,12.46657,13.13218,13.29034,12.7837,13.50049,11.9725,13.7162,13.70647,12.59331,13.56205,13.0765,12.64301,13.92175,14.69845,14.95547,14.79518,14.99931,14.21173,14.74347,13.35596,10.72481,12.17784,13.55928,14.44947,13.90003,13.73685,14.23349,13.16829,13.18982,12.64806,11.93299,12.63994,13.81422,14.27873,14.58656,13.14299,13.16323,14.96188,14.44052,15.10575,15.42208,15.21452,16.12245,15.61452,14.22578,13.46144,12.97279,12.54423,13.89572,14.91588,13.14181,12.01847,13.51024,8.17827,14.94417,14.59117,14.60678,13.18656,14.12414,15.03726,13.92519,14.23817,14.83797,13.98903,14.16614,14.44349,13.28217,11.75499,13.64978,14.05792,14.22482,14.51232,14.20531,14.57846,13.73213,12.32808,14.50291,14.85048,14.22563,13.71574,11.4087,12.98903,14.37586,12.89049,11.33182,12.16879,10.27181,10.56122,11.8843,5.35102
sh,11.77351,11.84634,9.40963,11.10149,12.1835,12.15309,13.13451,11.52841,12.75904,11.84391,14.64785,14.8813,12.7852,10.86573,13.21572,14.69216,14.78934,15.00969,13.2414,13.0857,13.5794,13.93372,11.38456,13.47463,13.63243,13.30578,14.442,13.02004,11.29073,12.01112,14.66128,13.9422,11.11908,12.14984,11.27596,12.82646,13.94207,11.25079,11.88388,11.65655,13.72558,13.74826,14.20547,14.08716,14.3404,14.44785,13.58421,14.12084,13.95071,9.82874,13.60566,14.77102,14.6607,14.40895,12.28427,14.08762,13.70254,15.49053,15.16414,14.70092,13.97311,11.53548,14.1805,13.40987,14.88724,14.39727,15.53608,15.74333,16.79578,16.61476,14.76473,15.71217,15.6389,15.8109,15.00264,16.52568,14.92364,17.35563,18.95493,18.4809,19.21043,18.98194,18.19249,20.29384,20.3544,19.78266,18.20399,18.5882,19.16408,15.03979,13.0609,15.65683,14.44041,17.11217,14.32057,16.78168,16.59503,17.3117,17.34113,19.18302,20.06141,19.69179,20.43748,20.58102,19.93605,16.55337,18.43036,17.91292,19.14316,17.26734,20.98388,21.22441,20.20547,20.72045,19.45098,18.75917,20.08374,17.86793,20.22638,20.00554,18.67212,17.84594,17.54418,16.48045,18.415,20.62291,21.25654,20.45199,19.15671,18.47859,18.17413,17.17197,18.15245,19.52035,19.27254,17.85494,18.3337,18.87003,18.16876,17.6798,18.71329,19.20405,18.64582,18.14757,18.21905,17.89369,16.25997,14.92564,16.50351,17.84636,18.22847,18.63044,17.10835,17.53584,16.84943,16.69867,16.0055,13.99459,17.07955,16.32937,13.34034,16.07276,18.01759,16.45693,15.6522,14.05755,16.7391,16.77177,14.59083,17.17981,17.55242,16.72872,15.79109,13.44397,16.4189,15.92731,16.62035,15.73171,17.39857,17.46419,18.12686,17.70768,16.29432,16.10386,16.60556,16.64365,16.08884,16.01647,17.62008,16.50757,16.14335,15.7465,15.54296,15.76581,17.43231,17.23096,15.47648,13.04978,15.64586,17.70144,17.09483,16.68628,16.26572,16.05429,18.35596,19.44298,18.65713,16.02988,15.29222,16.0788,18.57165,16.20096,15.66524,16.949,16.60777,17.2221,15.50177,17.32681,16.57793,15.25373,16.93051,15.90576,17.27851,17.81439,15.92764,18.09229,17.46627,16.8639,16.98921,16.30147,16.83202,16.36903,16.60982,17.47233,15.5301,17.61428,18.39726,17.24688,14.29353,16.13424,17.47209,17.65167,13.97015,17.95658,16.5105,14.44837,16.91618,18.58964,18.09123,16.62587,16.99475,17.06838,18.14248,18.99335,18.9041,18.52075
aa,13.40775,12.71523,11.81763,19.2101,19.62396,16.90522,11.14009,17.63414,20.83053,20.21019,15.65584,13.81949,20.11106,21.72322,20.01129,15.20638,18.66931,23.01083,23.44904,20.21776,16.31734,20.80315,23.77061,23.32723,19.61997,13.38034,20.79463,22.3161,20.81578,17.8953,19.17023,22.10311,22.26428,19.77083,18.13312,20.11337,21.7892,20.71927,16.93717,16.58514,17.65997,19.25775,17.667,14.67306,15.27311,18.00947,18.24308,16.01908,13.25268,15.36302,17.82419,17.25053,14.22484,12.52915,15.47512,16.96543,15.74384,12.43458,14.05026,17.26309,17.74544,15.58371,13.92324,16.42843,18.34857,17.37371,14.13703,14.68164,16.84661,17.35188,15.74055,13.28785,13.85091,15.6425,15.70862,13.43121,12.15275,14.13888,15.34772,14.75039,12.0022,12.00569,14.63004,15.43465,14.24568,12.34669,13.19378,14.88349,14.96291,13.08513,12.44263,14.35194,15.87635,15.55782,13.77973,13.55368,15.76334,16.42022,15.38579,15.08568,15.88197,16.68346,16.34705,13.25852,14.05776,14.7084,15.40191,14.94689,12.75598,12.6309,14.45366,14.67168,13.2947,12.9306,13.52678,14.80816,14.77665,12.43473,13.47787,14.45991,15.18127,14.73561,11.76241,13.13419,13.71471,13.6276,12.72763,12.21511,11.22893,12.26539,13.24406,12.31718,9.35452,11.39201,12.46546,12.98871,12.64985,11.05356,12.68933,12.89519,11.78914,12.1208,11.09868,11.83749,12.05433,10.20496,10.93576,9.94434,10.80063,10.3939,9.67507,8.01465,9.54637,9.14062,7.79731,9.42908,8.94032,9.32991,9.44663,7.82883,6.42266,5.77249,7.72919,6.66319,6.95785,7.8049,9.22112,9.07767,7.43521,9.48376,9.87286,10.47429,10.3368,5.92827,8.59387,7.31721,8.57474,8.69429,8.65715,8.26825,7.63322,7.21512,6.77762,8.44803,7.15712,8.18993,8.95339,7.33427,7.2603,4.88137,8.02413,9.21429,8.91964,6.84215,8.82061,8.60388,7.5696,9.35282,8.76349,10.26747,10.78255,9.34334,8.82678,6.36994,9.0234,9.88673,9.22383,8.6607,9.32381,8.0728,7.73573,9.10321,8.42538,9.01054,9.39408,7.77548,4.48142,6.47391,5.98591,8.23315,9.80267,9.28952,9.73914,9.88606,7.24904,9.55716,9.47706,10.25779,10.87622,11.59145,11.18932,9.97133,12.04417,11.8677,12.93674,11.49786,12.24819,12.47947,11.58796,12.1364,10.19931,11.64392,11.89129,11.89521,10.03922,10.27629,11.6061,11.47013,11.72259,10.3237,12.37641,11.88674,10.34173,10.38705,11.63595,12.82964
sh,11.19377,13.13588,14.25623,13.40847,12.6478,14.2236,16.06585,15.63915,15.07481,16.07283,13.51042,14.83896,16.62635,16.17392,15.96755,12.07769,12.5798,13.69168,14.62381,16.36648,16.70157,15.47666,15.00934,15.21331,14.57718,15.71341,14.33178,15.84579,16.30991,15.34976,15.33334,15.71242,16.07378,16.04253,14.40975,14.65327,15.5449,15.30287,15.41567,14.26676,14.12132,15.64442,15.28049,15.55862,14.43172,16.37393,14.55291,12.95763,15.18848,16.21089,15.56116,16.7796,10.43584,16.91332,16.51578,15.55008,16.10229,16.50745,16.09525,17.28427,17.20105,17.48813,16.83323,17.7929,19.75634,19.60948,18.10603,16.03251,15.02243,16.19752,17.34627,16.6372,17.35279,19.34065,19.22292,18.81937,17.35075,17.51725,18.34945,18.52023,16.66241,18.27338,18.7212,17.92065,15.01168,17.25148,16.40412,18.01607,17.59178,17.26233,15.84536,17.87977,16.88663,16.6372,15.79522,15.72788,14.89101,16.42319,16.88904,9.51017,13.89609,16.76474,17.09146,17.79569,15.20774,16.25832,15.80433,16.62986,16.6655,17.78611,17.32086,14.89471,16.87973,17.69785,18.1787,17.13926,16.33786,17.15619,17.13167,14.78897,16.38967,17.58629,17.69157,16.64439,15.49184,16.62747,17.70824,17.14731,15.13596,16.88489,16.93745,14.82119,17.08188,15.98574,17.06004,17.25919,15.60594,17.03718,18.10387,17.60468,17.3629,16.21624,13.66494,16.12614,16.88934,15.36578,16.56338,15.87304,16.45141,17.2575,15.93533,16.86071,17.7521,16.3905,16.85129,15.73949,13.08062,16.77628,16.82313,16.56239,16.82897,14.79445,16.49872,15.30178,15.73751,16.21594,16.85121,17.08685,18.3468,17.96176,16.99964,16.26841,15.53272,15.43528,16.83611,15.97755,15.04064,15.50704,14.32109,15.58809,18.29869,18.01832,15.04014,15.48659,14.71109,14.93001,14.08119,13.10713,11.76061,15.27934,15.52478,15.5664,13.78528,17.30079,17.37766,17.18055,17.25222,16.94861,16.30912,16.26757,15.85747,15.15151,16.43637,12.6734,15.58133,16.69438,16.15916,16.1515,16.48509,15.15955,16.29825,16.72269,15.20142,16.405,15.82743,16.73406,16.2207,15.7361,15.84215,15.73826,11.61835,14.76846,15.43425,13.45149,15.94484,16.07639,15.64776,15.17717,17.88097,17.09685,16.67322,16.77259,16.81455,16.46354,16.29845,17.44124,15.97654,13.72832,15.65829,17.43369,15.84438,17.13325,16.15128,16.56675,17.07419,16.82203,17.18423,18.10737,18.50512,17.00098,16.3374,17.19661,14.17301,15.86537,15.10694,13.88301
ao,9.0356,15.65081,17.67387,16.36353,15.82395,18.19883,17.18032,15.70399,18.52342,17.82135,15.34799,18.50516,18.12292,16.89042,20.24373,20.17716,18.39977,21.68553,21.88758,18.76387,21.09196,21.55466,18.47728,18.50852,19.51247,17.08726,17.64435,19.36128,17.89089,18.85523,20.40193,18.6827,19.45508,20.99407,18.86575,18.80988,19.59066,17.89847,15.48377,17.12718,16.08903,13.4808,15.63824,15.42495,12.00882,14.67757,14.21525,12.09409,13.49868,14.10041,11.43278,12.75638,13.84688,11.36714,12.56879,13.22834,12.37782,11.19274,13.30742,11.58506,11.83945,13.69039,11.96285,12.32734,13.52467,12.6371,11.28955,14.295,12.94175,12.59932,14.56932,13.69517,12.72552,14.75684,14.44301,13.4375,15.6528,15.43027,14.31249,16.04005,16.36217,14.60803,15.24378,15.82241,14.43451,13.80131,15.08081,14.10731,14.18934,15.28857,14.15118,13.91586,15.19941,14.37389,14.33283,15.99979,15.14824,15.17229,16.88801,16.07176,15.78571,17.37639,16.30488,16.00092,16.86762,15.90387,14.11689,13.85755,14.47994,15.11924,15.17345,14.64057,12.69677,11.3848,13.8271,13.90908,14.22878,14.59965,14.34814,14.15369,14.70078,13.68368,13.23995,13.37233,12.65884,11.55955,11.52464,10.90923,10.07793,11.181,10.70394,10.88166,10.90323,10.98609,9.62777,10.87474,9.61257,9.89249,10.81328,9.31834,9.22119,8.49815,10.21588,10.48539,10.33412,10.30202,11.42194,10.30267,11.4693,10.78109,10.59768,10.42712,11.05396,10.08737,10.38679,9.19689,9.32906,10.28406,10.52842,10.20492,9.86158,9.99254,8.27919,8.92588,7.33117,9.22103,7.90096,7.82234,6.04228,7.80792,8.04382,7.14412,7.83546,5.51562,6.34955,6.03408,8.02039,7.01687,7.36391,7.22866,6.73008,6.66692,6.66054,7.26429,7.94723,6.76432,6.72338,6.76421,6.44536,7.18188,6.35595,6.81377,7.75696,4.83381,7.66734,7.41619,4.47922,7.13386,7.4514,5.30525,6.61062,5.64955,7.10262,6.86554,4.63267,6.95929,6.06548,7.10834,5.84406,7.1046,6.23875,7.47552,5.48928,7.76112,6.04346,7.06896,6.38292,6.46792,7.9463,6.98108,7.67272,5.70708,8.64463,7.11313,7.79422,5.34248,7.27759,6.13312,6.92745,6.01455,6.30748,7.2394,6.10252,5.77388,6.78547,7.51388,6.9881,5.11754,8.02255,6.12614,7.36017,7.10161,6.58999,6.99217,5.47038,7.68662,5.7523,6.76601,5.16787,7.79428,4.43465,7.1318,7.20624,6.07541,6.37335,5.04801
dcl,7.62298,7.80339,12.97339,16.51718,16.38641,12.42002,10.18214,15.74398,16.98715,14.80094,8.28228,11.39011,14.85914,14.38253,10.30051,7.81331,12.63408,13.1959,10.28925,7.25417,10.23995,12.08892,10.944,7.98571,7.93196,7.83387,7.47786,2.94563,4.45099,6.74318,7.74379,6.37669,5.48066,6.37199,6.11881,7.40806,5.2061,6.16892,5.82258,6.95405,6.68816,7.67377,6.7343,5.05355,5.32128,7.90596,7.15114,7.36567,8.11369,8.36807,6.32132,5.07684,6.90875,8.29624,7.472,4.21858,7.16827,7.50296,8.17332,7.57468,5.32161,6.51874,9.30887,8.90691,8.10888,8.04711,8.12422,5.84773,5.53779,6.34743,7.40973,7.0242,4.56701,5.8387,5.81274,6.37399,7.60119,5.87772,8.08123,8.95883,7.58846,8.19843,8.35161,9.92624,9.79045,9.09171,7.9857,10.43684,10.87708,10.63417,9.31413,7.79515,8.35499,8.03019,6.93049,4.45003,5.92865,4.72709,6.48357,5.51484,5.18257,6.99709,3.80718,6.36783,6.89608,6.13263,6.87709,6.98097,5.34495,5.28504,5.91021,5.64407,5.89519,6.65693,5.27438,5.72641,6.38376,6.01823,4.74234,4.80246,6.95455,6.61486,4.79302,4.66532,7.36342,5.58981,7.9624,4.97984,5.79467,6.53547,-0.06568,6.36559,5.87294,4.72587,6.38048,5.14713,5.67897,4.345,6.35889,5.06885,6.52268,5.8137,5.4523,5.80534,4.75125,5.8039,6.12831,5.1581,6.54897,7.08302,6.8884,3.44611,4.70289,4.44646,5.92887,5.64273,5.30516,5.62402,5.52756,5.4938,6.04299,6.02444,5.63825,4.37318,6.74956,6.36058,4.68349,6.06904,6.36729,4.89915,5.92996,4.37662,3.78601,3.27196,5.20509,4.3403,1.41197,5.49139,6.42777,5.98913,4.76842,5.32687,6.35289,6.96533,7.00463,5.90794,5.96623,5.72804,5.3052,4.63063,4.25026,4.33502,5.30981,6.70883,6.47853,3.61069,4.12414,5.20796,6.16983,6.18124,7.68619,6.79444,6.5731,6.86374,4.32908,6.08568,5.71262,4.30791,4.6049,5.44322,3.28919,5.01853,6.42412,6.10972,3.71215,5.33524,3.59711,4.78762,4.61899,4.53185,4.38581,6.2598,5.98007,3.69829,6.86864,6.83941,5.11684,4.88761,5.39512,6.33728,7.01606,6.31224,5.18925,5.35385,3.99139,4.31831,5.98916,6.35508,5.57344,5.61187,4.5168,4.48577,3.96424,3.56643,4.41284,3.27425,6.55075,3.50662,5.41665,3.82972,1.86545,3.26186,3.59393,4.39029,5.56228,6.27183
aa,11.79431,13.33527,17.11605,17.31596,14.0876,17.79222,19.57734,18.23741,14.22253,18.4984,18.95783,15.05974,17.46781,19.95098,18.80602,16.06094,21.51348,22.16542,19.22134,19.83173,22.87551,22.2566,18.94616,20.37386,21.04419,19.10571,16.864,19.31472,19.30627,17.62478,19.84683,21.06318,19.87801,15.93197,18.78324,19.18297,18.51408,18.57847,20.23648,18.37644,15.51581,16.85434,16.44436,12.13671,16.29791,16.94406,15.55613,14.86187,16.02572,15.43031,12.64645,14.06778,14.49161,14.31164,13.90827,15.88797,15.24343,14.17981,12.97039,14.61994,13.98543,13.77837,15.76837,16.06777,14.92525,15.31882,16.99174,13.45287,16.84929,18.52848,18.34968,16.51014,13.9721,15.56566,14.68606,11.76699,14.22212,14.21783,13.24705,12.29503,14.1591,13.31058,10.7466,12.78754,12.90541,10.32226,12.66392,13.68903,13.37913,10.60754,11.61085,12.98804,11.62295,12.71751,14.09508,13.03824,10.62258,11.8883,13.22539,11.52081,11.32602,12.38333,12.67988,11.48973,12.55911,13.58315,12.99717,10.95993,15.02271,15.25405,13.0725,15.6647,16.98974,16.52287,13.48933,17.9137,18.42574,16.43847,15.62507,17.55915,16.96053,13.63045,16.07035,16.34883,13.7238,13.25546,14.74057,13.83501,13.08843,14.44485,14.16377,13.22826,11.68136,12.72392,12.40512,12.71707,12.61736,13.59537,13.43776,12.41017,13.54576,12.76715,12.06297,10.85122,11.24539,14.35761,14.39702,14.32907,15.27688,15.01261,13.80778,10.71972,12.86232,13.43233,11.46507,12.16458,13.28102,11.92797,10.66505,11.15226,11.57156,11.12748,9.84947,11.26359,9.85658,10.33474,9.55503,9.40273,9.98827,10.19487,5.25063,10.09145,8.83697,10.88247,8.24579,10.12515,9.43231,9.64021,8.8049,9.81525,10.2794,5.85299,8.24214,8.93858,9.84264,8.55962,7.85199,8.18091,9.2047,9.26091,7.28684,8.74532,8.923,8.69935,8.64678,8.02447,9.23554,8.02131,8.82803,7.76577,8.98424,8.66657,8.62597,7.97951,8.19735,9.1203,7.96545,8.24339,8.47909,8.96421,8.05642,8.90349,9.12019,8.25804,8.12733,7.92297,8.989,9.38242,8.72287,9.26244,9.19736,9.7377,9.40996,9.37596,9.16085,8.91691,10.73233,8.80516,9.42755,10.37189,9.56031,8.2233,8.87364,8.72611,10.99201,10.44532,8.58542,9.13868,10.28543,7.91801,10.35453,10.52796,9.23549,9.85414,9.69553,9.74397,8.66559,6.7159,8.54693,10.36459,7.50283,8.58329,8.66876,9.6089,8.13519,8.83517
sh,10.25973,10.21343,11.59504,11.87309,9.6963,8.25767,11.15768,12.44544,7.57058,11.19515,12.30203,11.26696,12.83544,12.01624,11.3988,7.23099,10.76462,11.67089,11.73819,8.3999,12.61902,10.43673,12.2953,12.11497,13.58699,14.09265,12.96489,12.2336,9.22329,10.78449,10.2726,11.0457,12.64954,12.91153,11.02798,10.72218,12.01708,12.86385,11.81177,9.43582,10.48818,10.45396,10.2384,12.41539,11.78332,12.08162,10.3635,11.01665,11.26808,10.05897,13.28283,12.05894,13.37678,14.05672,14.52499,14.35452,14.37753,13.85305,15.50033,14.7951,14.56186,14.53052,14.92402,13.54546,15.20658,15.0053,15.3221,15.23098,12.19086,13.51234,15.35854,16.20362,15.05442,16.08269,15.61688,16.10267,15.91848,16.88579,17.8819,18.06175,18.30383,17.48969,18.39773,17.34944,17.32445,18.03592,18.67077,16.73545,18.19913,16.11012,15.93628,16.07656,18.03419,16.75099,16.53243,17.07536,19.6419,19.55391,19.65846,19.58979,18.56144,14.28294,18.19523,19.53294,20.57216,20.14249,19.05323,18.48021,20.03142,18.64872,17.81531,17.02405,18.00395,19.55322,20.023,20.05924,19.1949,17.77258,18.84362,17.10632,16.6768,17.08071,16.72024,16.1218,16.47479,15.23175,15.54375,17.85213,18.36369,19.02298,17.62576,13.34204,15.06589,16.65908,17.67228,17.65043,18.85878,18.94294,18.48828,17.56018,16.62272,16.1356,13.18654,15.49441,15.35209,14.57816,16.66678,18.60316,17.98507,17.6977,17.11062,17.53248,16.58558,12.602,16.26103,17.56226,18.70476,17.94296,16.84248,17.75584,14.38032,15.19671,15.55136,16.85677,16.22633,16.2178,14.06283,15.36481,16.1795,15.17006,14.93325,15.84065,16.45686,16.70576,15.45244,14.77465,15.89865,10.30709,15.93624,15.3019,16.15893,17.23299,17.08521,16.65512,14.07544,13.28997,16.28335,14.98698,16.17352,16.1573,13.49639,16.17633,15.55592,15.50374,15.91744,15.11816,16.75548,16.98,16.14894,15.49194,15.7832,14.90927,8.99175,12.94839,14.87909,16.4023,14.58006,15.43898,15.60755,15.69322,14.56969,16.42568,16.59473,14.22181,14.12055,14.48403,13.78737,13.49747,14.74962,16.38578,16.06736,16.38134,15.61786,14.44116,14.8816,14.30199,14.82996,16.0743,16.26573,14.35085,17.26,16.04199,14.13358,15.69505,16.2899,16.24102,14.44698,15.90387,16.40574,17.00048,15.99618,15.29929,15.44778,15.40442,15.26966,16.9179,13.90008,16.07888,14.62983,13.06772,16.04207,16.59097,16.41262,17.02688,15.8925,13.70535
sh,11.0229,11.96242,13.08521,13.46493,13.80851,12.81732,13.51718,14.04031,13.82134,13.2677,15.38445,16.04928,14.62041,16.26645,16.34317,15.63438,14.81665,15.87919,14.9623,16.16315,13.06463,13.75477,15.44848,15.6684,14.20489,14.09366,12.81899,14.77434,14.30264,13.06873,14.56406,13.95689,11.56723,13.96525,14.27752,13.60559,12.94409,15.1636,16.15358,16.4238,17.04196,16.46418,14.98347,13.98918,16.2161,15.57055,15.68137,13.90754,15.39272,17.06404,16.16358,14.44842,14.28282,14.4154,16.27684,16.4464,16.46358,16.48757,16.22624,14.75618,14.28114,14.57746,14.33624,15.04319,14.08639,14.47512,15.7639,15.19146,16.32517,16.64439,18.09382,16.81193,15.28824,16.10486,18.14467,19.00047,18.87533,18.28706,18.32277,18.6241,18.28482,16.49231,17.14422,17.13497,16.43242,15.56453,15.26106,15.71547,10.04378,16.15099,16.00366,16.74399,16.50012,16.32923,16.39003,14.39369,16.46187,16.77818,17.93339,18.0423,16.95845,13.86358,15.43297,16.97982,14.4516,15.35701,14.04543,16.04214,16.70386,16.50684,16.7308,15.7657,16.04964,17.17926,16.87813,17.03089,16.22989,15.72698,16.66215,15.84745,13.5408,16.61132,16.6952,16.00842,15.96617,16.67136,16.61649,15.08124,14.46345,16.50694,15.969,16.7971,17.61027,16.6595,13.9664,16.08876,17.16538,17.12347,15.50192,11.83657,13.60322,15.82072,15.85864,15.02133,14.73684,13.28283,14.98136,15.91628,15.7887,16.39486,16.63966,14.9277,14.47673,14.2651,13.16521,14.96952,15.85874,14.02261,14.79635,14.19635,11.77783,12.48981,14.88331,15.12437,16.15645,17.09448,15.31927,15.4787,15.57887,14.9742,15.13138,15.37121,15.76547,15.17511,15.2146,14.60094,15.75009,15.94621,16.44914,16.4613,15.60713,14.137,15.11596,15.13688,14.05951,14.31903,15.53583,14.80894,15.70431,13.55774,15.61347,16.46044,16.31466,16.13012,16.48013,15.85127,13.47914,14.87501,16.84822,16.34877,14.26181,11.33346,15.25444,16.17782,14.74134,14.22477,14.76272,15.83011,16.42883,16.66901,16.50594,16.65285,15.53172,16.20266,17.48479,16.93253,16.14827,16.45519,15.76215,13.65479,16.63339,15.2141,15.09096,13.26753,12.62769,13.25243,15.88159,14.7285,14.28841,12.61577,15.27946,15.17106,14.91011,14.76464,15.90056,14.33675,13.65605,12.4942,14.07544,15.02808,13.39286,13.27383,13.45757,14.48769,13.99984,13.46327,12.06026,14.9924,15.3452,14.83776,15.77727,15.7223,15.4437,13.40708,13.24091,12.82823
iy,13.06828,12.61617,15.99098,18.60133,17.93111,11.17831,16.96114,21.42516,21.89517,19.23533,16.06685,19.28676,20.77324,18.78112,13.17803,16.05123,18.38475,17.54996,14.2897,13.64001,16.74519,16.68708,13.01417,11.48104,16.19311,17.00774,15.12899,10.77885,14.08959,15.86947,14.36892,11.75243,13.68285,15.47837,15.18323,12.19241,12.85125,14.90702,15.35721,13.26287,10.82924,14.75604,15.40872,14.48792,7.94193,14.51324,16.12769,15.15743,12.63837,14.99515,16.36517,16.5904,14.59595,14.67716,17.03867,17.9244,17.2552,15.5101,18.67716,20.21691,20.60436,19.79037,19.36379,20.06527,19.58676,16.9701,16.93441,17.97768,18.06047,16.84231,14.10307,17.6049,18.09391,17.05228,14.22602,18.10344,18.97157,18.85681,17.22647,19.15581,20.34926,20.84089,19.91416,18.3913,20.23441,19.77636,18.61381,12.90599,18.96598,19.12208,18.31207,15.76616,18.38953,18.89922,18.59912,17.99037,18.67897,20.15501,20.08855,19.5234,17.43894,20.889,20.42061,20.36822,19.01161,20.59214,20.80603,19.89018,19.10314,18.01094,19.55065,18.38845,17.13984,13.48402,16.72951,15.41245,10.0803,10.50095,13.95925,14.26059,13.29013,13.01675,11.65191,12.16952,12.2514,13.93639,12.81625,14.05644,13.23239,12.34474,9.31868,6.55297,9.77589,7.89189,8.32278,5.83677,9.88658,5.04912,9.35608,8.51601,7.94515,7.5404,9.45182,7.56282,8.15426,8.39836,7.8702,8.34331,9.6717,7.98774,9.54454,8.68646,9.13976,11.78373,10.08311,11.17373,4.45229,10.85131,10.30788,6.85998,7.99645,10.72332,9.45925,9.68841,8.19425,8.16384,10.39104,8.47678,10.20863,7.94992,11.00727,10.81291,10.46236,9.17728,12.68972,12.64793,11.68186,10.72639,10.12411,10.9225,7.77214,8.87564,9.19108,9.69626,9.40174,8.91214,8.07303,8.85747,8.18082,8.58562,7.76067,9.15392,5.31999,10.15198,8.42419,8.21093,9.06203,9.85822,9.62025,9.39947,10.41827,10.95371,10.21422,7.59921,9.49297,9.79801,9.5227,9.54709,8.22608,9.14924,8.15208,8.00151,7.21111,7.77932,10.02414,9.06667,8.86386,8.64693,9.10674,10.19185,8.00143,8.33612,8.84137,8.9268,9.16393,7.98856,7.90509,9.12829,6.60721,7.97311,7.80028,8.1024,10.55999,8.60513,8.87956,8.88179,10.67638,10.45766,8.59442,10.56211,8.09546,8.92961,5.80859,6.55531,8.68717,4.47013,8.66972,8.32744,6.95132,8.65452,6.87099,6.64706,9.50252,9.82974,9.03202,8.59303
dcl,6.52936,12.32845,12.76013,11.7138,14.05468,13.21795,13.34338,14.67418,12.52303,12.74796,12.73689,9.73252,9.54618,8.92892,9.10433,7.98547,5.11813,7.16843,6.40761,6.90746,7.54248,3.62335,8.32419,8.12365,7.75253,7.25131,6.13464,4.17949,6.81993,6.82364,6.26342,4.00307,5.60961,6.96492,4.06611,4.73657,7.53445,7.60811,4.2974,6.53257,5.7243,5.99675,6.04723,6.75551,7.19003,3.91502,5.01128,5.54303,6.026,6.44448,5.23568,6.44524,5.92024,5.75407,7.54889,7.18189,2.99505,5.07257,5.77149,6.11329,4.22456,7.169,5.67737,7.42335,7.44321,5.92119,4.99675,4.57254,6.0034,7.39777,6.54561,4.96568,6.18967,4.29034,7.65511,5.84377,4.15573,5.26249,5.59473,7.10079,7.24802,6.19699,4.11055,4.77714,7.34962,7.34499,6.54759,4.1214,5.18355,5.65514,6.17238,7.16695,5.45482,5.09747,5.61917,5.04021,6.87546,6.23295,5.07684,4.58743,5.7691,6.46316,6.945,6.19206,6.40114,6.09249,6.09737,6.74611,7.66959,7.4187,5.55265,4.67104,5.78168,2.41887,7.0687,4.22379,6.54295,5.45217,5.50023,4.52397,5.926,4.61519,7.17848,5.44804,5.44216,4.26579,4.40329,4.93107,3.78007,5.16052,6.35101,6.36719,5.30063,6.09725,7.13463,6.90672,6.37654,4.72118,1.92333,5.29132,5.27968,6.61487,6.35591,6.32923,5.31921,5.38866,5.22635,5.21263,5.51015,5.42668,4.34254,6.5282,4.30603,6.38189,4.83147,6.80273,5.62621,6.12687,3.53868,3.68883,4.47236,5.67632,6.63762,2.4315,5.06305,1.4208,5.72076,5.63817,5.99063,4.47527,5.39292,6.43744,5.08352,7.06047,7.0136,5.06268,2.78312,5.99569,6.12195,6.29228,5.34256,6.48898,6.5509,7.64721,2.72595,5.41453,5.92306,5.21011,4.86188,4.52079,4.10737,6.0695,5.40389,5.7243,5.67206,6.81432,5.0653,5.83786,7.06593,5.99777,6.20727,3.74354,6.13652,7.11099,5.86037,6.4483,6.02652,6.04223,4.22811,5.7027,6.49173,3.15228,6.88952,5.96666,5.11138,2.88768,5.75578,6.59162,6.37428,4.66244,5.3497,4.99959,5.97339,4.48439,5.1895,0.17874,5.92781,5.66304,5.3118,5.33708,5.44216,5.43746,5.76199,6.77972,5.1578,6.74902,4.53063,3.56114,5.63666,6.31025,3.67075,7.52236,4.686,6.72527,5.72872,3.81142,5.86759,5.24704,4.73973,5.869,6.62798,6.0558,4.95634,5.91013,7.17474,4.85602
aa,12.83099,14.97235,18.46306,18.16856,14.22795,19.16619,20.25815,18.17891,17.12534,19.59715,18.7688,15.62294,21.10015,21.70733,19.25766,21.51558,23.55619,22.16755,17.39404,22.16297,22.32506,18.66568,19.57048,20.89014,18.87436,16.47561,19.77855,18.95569,14.82598,20.15822,20.54804,18.22002,20.28286,21.68755,20.19121,17.71274,20.09636,19.38321,14.83697,17.08776,18.48253,16.27286,13.23481,17.53571,16.80684,13.43402,16.47075,16.87062,14.29419,14.65376,17.09182,15.8237,11.80844,16.84749,16.76697,14.68906,16.73471,17.89314,16.28309,16.92351,19.17112,18.20564,15.30168,16.55094,16.86861,13.93027,13.8868,15.80082,14.41024,11.60275,14.44683,13.94655,12.55454,13.25796,13.94313,13.25926,11.27874,13.81099,13.53086,12.02801,13.74158,14.41779,12.46079,12.26779,14.45659,13.76952,10.89354,14.07699,14.28863,12.1902,13.33344,14.91554,13.71616,12.6882,15.75661,15.42557,13.55018,16.17976,16.61534,15.48701,15.9759,17.39871,15.91172,14.9885,16.83923,16.00622,14.88969,15.26234,15.75574,14.73529,13.73564,15.19308,15.24474,14.84527,14.82164,14.88053,14.19518,13.40029,12.72791,11.83237,10.39578,12.56173,11.20806,11.1649,7.35754,8.95575,11.00291,10.31267,8.71284,6.89517,10.66023,10.65132,9.85432,10.901,9.7787,11.57352,10.33603,9.85464,11.91027,11.03801,11.32369,11.62061,12.16494,12.29238,11.33968,11.85341,12.85499,12.71461,12.53903,12.76373,11.79565,10.94086,11.5814,10.29055,11.12605,11.12848,9.4617,6.52355,12.16974,11.99022,11.63547,11.40029,12.51168,13.2426,12.3849,13.10316,13.6309,13.90005,13.64659,13.42268,12.92537,12.12267,12.8313,11.86871,12.60513,11.35704,10.36556,11.89377,11.39818,10.55684,11.06394,11.17623,8.59452,11.12891,11.60246,11.76214,11.78852,12.35294,11.87734,11.78,13.1145,13.25312,13.63188,13.39384,14.19513,14.60331,13.16015,13.11516,13.24629,12.27086,11.24738,11.96265,11.90429,10.62225,11.49684,10.41464,11.57157,11.33045,12.22299,11.99296,12.18816,12.48014,12.76244,11.20222,12.28941,13.93746,13.23716,12.43887,13.0033,12.90207,11.59019,11.31506,12.37017,12.46213,11.44523,11.7163,11.84606,7.92713,9.6826,11.39627,9.78321,11.24661,12.45471,11.85604,11.1125,12.76326,12.56901,10.83557,12.48736,12.51526,11.51868,7.53425,10.24304,12.21346,10.98508,8.56445,10.55226,8.61843,10.44371,10.32061,11.37271,8.97609,11.25421,12.07585,10.67734,10.25568
ao,9.00147,15.39768,18.14169,17.04104,15.70558,19.24481,18.88384,13.75697,17.90711,18.42251,15.05738,19.42363,20.48463,18.08237,19.83121,22.13231,20.91741,18.64523,21.74243,21.30768,18.58667,19.516,18.3668,16.41973,20.2975,21.47646,20.03049,18.44345,21.20017,20.73579,16.74926,17.51219,16.86938,14.78138,17.5744,17.46758,14.99031,15.50476,15.97931,14.04083,14.17091,15.48581,13.96771,11.72571,14.28177,13.87693,9.96879,14.35397,13.78837,10.4366,13.11124,13.75465,11.90055,13.15972,14.22369,12.57634,12.53919,14.69129,13.8662,12.46439,15.7489,15.30288,14.67474,17.25672,16.83566,14.35432,12.39929,14.51109,12.26945,13.29251,14.02897,12.68743,10.22484,12.65303,11.60262,11.26578,13.26922,12.68959,11.16052,11.44811,12.07497,6.7862,12.20926,12.54759,11.57864,8.6647,11.9267,10.64035,10.794,12.52417,12.55953,10.64817,11.4119,12.09894,11.27925,13.03965,13.63727,12.54815,12.07959,14.09012,13.38798,14.22838,16.23554,16.35889,14.53777,15.89449,16.30601,15.29501,14.35169,15.36204,13.3584,12.28537,13.7504,13.83242,11.7646,10.23315,8.74453,11.59717,10.91736,12.52946,12.34062,9.57028,9.59136,11.91634,11.23568,11.62964,12.61667,11.59517,10.31915,10.14491,8.75583,9.11274,9.91085,9.07912,7.77396,7.43865,6.08232,7.97202,8.28587,8.91118,6.36439,8.70771,6.406,6.76583,9.84155,10.67716,9.50586,10.80513,10.78383,11.08496,11.19431,11.99579,12.04029,11.56004,11.9101,11.29501,10.5864,11.16405,11.50569,11.45029,12.76372,12.29456,11.22293,11.82276,12.60532,10.67487,11.43713,12.52528,12.01644,10.89639,10.41696,10.99128,8.70431,10.71131,11.1592,10.83405,8.46472,10.20975,8.98815,7.47779,9.49553,10.81316,11.34565,11.4683,10.53785,8.82087,12.33905,12.13224,12.27672,14.01635,13.63533,13.40264,11.98998,12.76967,9.64348,12.68231,13.25294,13.55475,13.32246,11.92497,11.73802,11.69114,12.60978,12.44389,13.11019,11.43097,9.99439,10.25947,11.51405,11.13151,11.5192,10.32813,8.6296,10.54368,10.24772,9.48938,9.86579,10.29718,8.04675,9.15114,10.33393,8.5277,6.52569,8.75882,6.46392,5.53956,9.0999,9.45044,8.7259,9.34727,7.4601,9.80378,9.29116,6.33652,9.12051,10.0911,8.84846,10.04512,10.05764,8.12687,5.80849,8.64479,8.39988,7.60589,8.92771,8.71601,5.42917,8.06629,8.94504,7.82559,9.49336,9.71226,6.42373,9.6208,10.14517,7.42306
ao,10.83782,15.45701,18.06833,17.30871,14.85898,18.58653,18.65311,13.74021,17.70017,18.66343,15.60718,17.28518,19.05324,17.48335,18.57273,21.2627,20.26278,12.34229,20.41851,20.36731,16.59223,19.83546,20.84554,17.91639,16.83752,18.92774,17.90012,17.33712,20.51946,19.63557,16.36319,20.84575,20.65815,16.93634,17.42666,18.03015,15.46234,16.23635,18.10109,15.94868,10.92909,15.72299,14.86875,12.74443,14.89312,14.29657,12.5788,14.29111,15.01976,13.68612,12.36021,14.37366,13.8455,11.64563,14.77947,14.81406,7.45704,15.09704,15.65244,13.7806,14.85323,16.57905,14.93521,13.65271,16.36042,15.36849,11.35265,13.60774,13.9243,10.09016,13.23113,13.93174,10.78906,12.01288,13.40159,10.72606,10.18728,13.27037,11.23132,8.38904,12.60959,10.77038,10.25032,12.22683,11.7234,11.58576,11.59382,12.20969,11.6521,10.57296,12.39503,12.26173,8.42912,12.55317,12.5816,10.71855,14.22094,14.70798,14.28226,13.78044,15.59176,15.70478,11.99374,16.61409,17.09898,15.80757,16.17561,16.33866,15.06568,13.91452,14.98851,13.60601,10.26403,12.21724,9.70622,9.58547,9.0574,8.02504,8.37112,8.7196,8.25949,8.1232,8.38072,9.21945,7.85588,6.79667,9.58526,9.10937,7.83263,11.25003,8.21677,7.30448,11.34445,7.96284,8.30764,11.89611,10.27259,11.35789,11.44565,9.3142,11.92402,9.8265,11.44625,12.14585,10.95251,11.31529,11.38206,10.38975,10.98034,12.17677,11.92242,10.58355,12.05337,11.92569,8.6896,12.29587,13.15124,9.94577,12.11793,13.65823,11.78693,11.77579,13.15255,12.53281,9.12828,12.03009,12.53078,10.21531,11.91637,12.55178,11.9813,10.96565,12.81983,12.35131,10.62984,12.47997,12.71349,10.88103,12.67307,13.03734,11.54911,12.66643,13.55549,12.28596,13.96208,14.29766,12.86259,13.81074,14.14959,13.24908,12.19167,13.58578,13.20185,11.05159,12.32811,12.44081,10.46377,10.63225,12.4976,8.72561,11.0425,11.6905,9.77979,8.8174,11.28984,9.61862,10.34929,12.10363,9.89483,9.31397,12.00517,12.12412,11.28485,12.82921,12.0999,10.57635,12.53481,12.75396,11.73925,10.14269,11.20259,10.10744,9.96733,11.51832,10.53317,6.98672,7.38643,9.19258,8.70804,10.09272,10.27943,9.3555,9.38649,9.06399,9.77188,7.68879,9.57452,10.00496,10.35565,10.1124,8.52436,10.07061,7.25899,8.96623,9.94784,9.69033,5.18273,10.47668,9.37883,7.64113,10.12864,10.41175,8.88155,9.36896,9.1092,7.64401
sh,8.56159,11.73812,12.4737,12.99194,12.4293,11.26985,13.75092,13.3027,13.18441,12.20764,14.04535,15.0365,14.27806,13.01132,14.31946,13.8089,13.68688,14.30061,12.21084,12.22982,12.1397,14.35984,13.12419,14.86555,15.47232,15.09456,14.4125,14.94647,13.60257,9.64059,9.71041,12.80188,11.61404,14.82855,14.47763,11.68337,11.18303,11.84201,10.67165,14.91352,15.26577,14.37999,14.28075,14.51401,15.5853,15.97862,14.14086,14.27983,15.33369,14.18078,13.82289,13.99956,11.05811,13.54466,13.09365,16.25166,15.30394,14.71128,13.51089,13.09857,14.66802,14.22682,15.30535,13.17545,15.2316,15.44054,14.42369,14.65976,15.32278,13.87345,12.78557,16.37155,15.85018,16.11968,17.92552,17.18009,16.79107,17.41168,17.69844,18.15575,18.67949,16.31798,18.59318,17.64392,17.95851,18.17386,18.22765,18.13242,17.08294,14.82011,15.6135,15.21349,16.39602,16.90147,16.1208,15.34361,14.88872,11.24953,10.4537,12.92781,14.46611,14.49936,14.97208,15.07978,15.76103,15.3155,15.87052,16.34042,17.28455,17.60392,17.88867,17.54478,16.90907,16.49635,18.2935,18.8343,17.97578,14.40325,14.8881,16.41153,15.70817,15.14973,16.08741,16.57753,16.57188,16.29745,16.73405,15.53367,14.2093,14.13716,16.80193,17.59384,16.90144,17.24668,14.42369,15.45006,14.29179,15.59426,15.51021,16.16083,16.41848,15.53347,15.62071,15.81411,16.486,16.38147,16.35298,13.55246,14.99755,16.0543,14.5036,14.19304,13.56286,15.47284,14.40113,15.74232,16.3789,13.88733,10.86802,13.72405,13.63793,16.61591,16.93363,15.07191,13.4727,13.66962,15.89352,15.94103,12.0528,15.55251,16.84728,17.19145,16.3046,15.27699,13.66073,15.17063,14.75212,16.04903,15.54604,16.23421,14.78442,16.01944,14.55275,12.14795,11.88675,11.89224,16.53638,16.76849,14.69879,15.23324,16.47234,16.12509,14.64374,15.29618,16.03319,16.39938,13.90626,14.13828,14.33447,14.798,15.91071,15.46853,15.42387,14.3469,14.21153,15.37041,15.863,16.38126,15.98791,16.39272,15.95682,14.95012,15.01283,14.17619,13.64087,15.31804,11.69501,13.86971,15.59308,17.1695,16.39271,15.25737,16.30861,15.9789,15.96097,13.70769,13.67758,15.84942,15.80913,14.92124,13.77326,15.49002,15.42734,15.08875,14.3019,14.13419,15.58966,14.2738,14.40411,16.72775,16.8118,15.22419,13.12687,13.85992,13.19769,14.40963,14.51899,14.84842,15.9896,14.55646,14.03139,15.45803,15.01987,14.9707,15.05434,13.83305
sh,10.24048,9.39368,8.85035,7.63699,9.77169,9.96621,10.1097,11.4934,11.20748,10.98722,9.77448,10.85366,11.88388,10.96801,10.33773,10.83904,9.93625,6.93693,8.65448,10.54478,9.96929,9.79156,8.67331,11.45016,12.29507,10.98487,9.76451,10.11798,9.99296,8.3105,10.48216,10.74344,9.50803,10.86288,10.59695,10.84561,11.90044,10.19862,8.47901,10.25518,9.95904,9.39877,10.33753,8.63884,10.12791,10.39118,10.40318,9.20237,9.00236,10.81657,11.07538,11.65351,11.15208,13.26359,13.00732,11.39427,10.53732,9.98275,6.78538,10.88999,10.78968,10.95069,9.64916,9.6816,11.66466,12.37398,11.52313,10.95414,12.43466,13.09424,13.29338,13.32436,12.51834,13.06607,14.18569,14.08903,13.34791,12.22826,12.02282,12.76356,13.21142,16.0633,16.99416,16.84808,16.2835,16.89413,15.84075,14.08759,14.2634,10.03245,11.65526,13.44172,10.85288,11.80429,12.91738,13.27505,14.79456,13.76896,11.72787,13.66238,14.40142,14.5929,14.61308,14.53712,15.73707,13.96114,13.7622,12.63371,16.40178,17.63272,17.65314,17.1917,13.00932,16.89232,15.52813,13.67287,14.72658,15.07879,16.9118,16.68555,16.49383,16.87771,17.88792,18.04288,17.454,17.07161,16.84265,16.05059,15.48205,16.94132,17.35058,17.83862,17.91633,17.52533,14.9582,13.98068,17.44751,17.95397,16.58386,15.12238,15.82184,16.85329,18.34404,16.98997,17.30864,17.6549,17.57434,15.8053,14.63801,16.32597,15.944,16.38839,16.78373,16.8305,16.78811,15.36877,14.53341,13.88496,15.34719,14.70375,14.7862,16.3968,11.2256,15.83465,15.69752,15.35244,15.6193,16.63544,13.99225,15.75208,14.01187,14.98662,15.56307,14.70261,12.61213,14.56879,14.35413,13.7009,15.00652,15.33997,14.76707,13.2558,12.98271,13.53457,14.92417,13.34529,8.34135,10.6768,13.19024,13.38138,13.54335,12.66413,14.19111,14.17414,15.39764,15.46536,14.19376,14.72677,11.19127,13.74507,14.59754,14.38583,12.9987,12.72889,14.49093,14.92112,13.42505,13.37881,8.26872,13.3535,13.43125,12.80061,10.97374,14.40942,13.78282,13.42453,12.98013,14.13135,13.03997,13.66806,13.52772,14.40227,13.70139,14.94958,11.37437,14.44221,14.36343,12.54495,14.12014,14.1756,13.88975,11.61061,13.42221,14.14971,11.95772,15.02347,15.50968,14.43703,13.78301,14.79193,11.679,13.09324,12.51308,14.52699,14.99658,14.38109,13.59428,15.37282,15.70279,15.0254,16.10245,14.86419,15.19396,16.38398,14.99393,13.14148
iy,12.61373,10.68701,13.48482,17.46876,19.81529,18.95155,16.98794,18.05316,18.18553,22.64543,22.94959,20.27812,18.91558,17.05645,18.27419,17.91821,14.48789,15.74243,12.87,16.15755,17.52124,16.07296,14.47432,15.16081,15.18919,16.03916,15.30363,13.7144,14.25318,11.97508,14.69644,13.79134,13.64196,14.72096,11.64965,13.84006,14.01821,13.25115,14.30888,12.4047,13.60427,13.36476,13.88464,14.15427,14.03156,12.93234,13.75271,13.50136,14.61322,13.58228,13.46069,12.6401,13.41427,14.80152,15.82585,12.11237,14.32479,15.59991,16.88867,17.27043,16.04926,16.48285,15.51874,18.7573,18.71016,17.85271,15.80044,15.11602,13.14856,15.90327,16.12579,14.08823,12.38796,14.61785,16.53992,16.25091,15.40226,14.50676,14.64926,16.66186,16.96391,16.79232,14.88683,13.19847,14.06804,15.31541,14.67225,12.97942,14.00222,14.34623,15.12074,14.93313,15.33274,11.41937,13.85795,12.82706,14.02668,13.73527,14.12292,12.89653,13.78858,14.77378,14.84218,14.79744,13.69576,13.93824,14.02569,14.19322,16.51698,14.64918,15.7852,16.83425,17.46634,14.87137,16.1015,14.31009,15.37234,14.56416,16.58666,16.19626,14.16176,16.01083,16.4467,13.58731,16.01366,15.81288,16.4172,16.51043,15.95596,14.71818,15.33152,15.12479,14.13168,13.11463,12.86523,14.2385,14.26087,14.44336,13.74383,13.69228,12.98958,12.6022,8.59331,11.48446,10.93702,11.84736,10.42924,8.78824,10.61178,9.36676,7.45338,10.5919,7.63009,9.93789,8.8996,9.59367,6.60607,6.77331,9.22468,8.26341,7.36903,10.25344,9.23023,10.85798,11.65843,10.98866,11.03091,9.58513,10.75172,8.21324,7.77525,8.69129,8.54454,8.38239,7.97023,8.08105,7.15191,8.31912,7.4213,8.42478,6.22478,8.64203,7.95874,8.35001,7.43904,3.71593,8.50316,8.63918,8.9065,5.56303,7.60703,7.63735,8.00284,6.42981,7.23668,8.4995,4.98599,8.81573,5.72524,8.78228,7.53006,5.49326,9.2252,9.13129,8.81613,7.16163,8.02146,5.71171,9.10203,7.84624,9.75086,7.08773,8.70526,8.70969,9.40838,7.59154,7.7423,9.46415,5.83974,7.69272,8.1609,8.72613,9.52388,6.6853,8.83898,9.10625,11.36658,9.5932,9.64595,10.02707,7.6277,9.03734,7.56923,6.82797,8.25974,6.28288,10.36999,7.12324,9.63111,10.25461,9.82719,8.59585,8.09419,7.84371,7.64097,10.32878,9.4076,8.69596,9.78731,8.73133,10.22555,9.89598,8.79867,8.42619,7.83495,11.08574
iy,4.24796,13.59095,16.42445,18.3453,18.33168,19.32525,17.97085,20.65633,20.07024,21.10697,20.1301,15.76039,14.22856,17.66253,16.79766,15.07635,13.45627,15.73967,15.63126,15.67439,14.62291,15.11017,14.5432,14.69841,14.08873,13.3442,12.45591,13.90627,13.93543,13.03047,9.95399,13.92737,13.69443,12.92176,12.24254,11.93349,12.68494,13.14184,12.54031,12.89278,12.09223,12.56064,13.3764,12.33438,8.4347,13.66652,14.09425,14.40777,12.21576,13.03583,13.68624,14.53896,14.47688,13.69565,13.46805,15.26256,14.91861,16.79407,15.63323,17.48106,18.31759,17.55599,18.28573,16.34714,15.58443,16.51151,15.09735,14.9011,15.79581,15.76355,14.61811,15.14462,15.2086,14.84023,15.02331,16.13643,15.57185,15.56187,16.35021,16.92991,16.35525,15.65419,16.60074,18.80649,18.24969,17.77724,17.44809,17.37915,17.42442,17.31574,17.3513,16.72774,17.20805,17.46399,17.57279,16.42405,16.83105,18.27842,18.99037,17.9251,18.7198,17.99233,19.06698,17.20477,17.91308,16.67438,15.32414,16.42525,17.81385,14.89796,17.24892,16.82972,17.19999,14.42653,15.61866,14.7448,14.85989,12.88688,12.34327,11.69807,12.0926,7.20596,9.33685,10.16586,11.34337,10.70073,10.79607,8.80782,5.89837,7.67228,7.12054,6.8528,8.19758,5.55921,9.28341,9.7107,10.01438,9.33638,9.86481,10.82535,11.22908,9.7638,8.87636,9.84363,10.73115,9.96419,8.48243,9.51827,10.46065,10.0979,9.65195,8.2126,10.04761,9.19745,10.08486,9.75291,10.28558,10.33876,11.05512,10.44269,10.48312,9.83906,11.21301,11.15492,11.19059,10.08504,11.72898,11.80919,13.2255,13.26257,11.82801,12.07938,12.68381,12.80811,9.61586,10.55428,10.05659,10.66758,9.53299,7.93579,9.51041,9.7544,9.83611,9.34339,9.73911,9.60894,10.16938,10.30009,10.17871,9.01513,9.4406,10.34463,10.4731,8.46569,8.70278,11.26441,11.84395,10.97881,8.30196,10.09584,9.908,8.98314,8.77156,9.41499,8.95908,9.17246,8.53817,6.52047,5.5993,7.65384,8.3106,5.56343,5.70723,5.61601,7.73393,7.92833,7.57212,8.07938,8.3057,7.81385,8.49129,8.36793,6.23076,8.00453,8.53867,7.89424,7.923,7.39533,6.98942,6.31069,6.98726,7.28747,6.7784,7.17329,7.01109,7.50894,9.21573,10.38701,10.4825,12.29896,10.01412,11.38476,11.84189,11.82974,10.83927,10.33511,10.70307,9.77579,8.30106,8.09756,9.48519,10.31768,8.85399,8.83643,9.91323,10.96201
sh,11.3605,11.95736,13.22887,13.48842,13.82617,14.37,13.92191,15.58345,15.27792,14.45008,15.18609,15.43878,15.574,14.3993,12.07383,13.08953,14.42162,15.2422,14.72536,15.4282,15.19737,15.70075,15.94273,15.10869,14.99987,14.98884,13.90467,15.71083,15.27596,15.41615,12.16491,11.71955,14.94915,10.86889,13.98644,11.6271,13.95344,13.95858,14.45956,13.37987,13.11745,12.04398,13.22196,12.41351,12.19366,13.65981,13.57953,11.78678,11.25603,10.14985,13.74303,13.55741,13.65729,13.12022,14.33173,14.73557,13.44217,16.2628,16.33167,14.42786,12.99179,10.87154,14.34279,14.54797,14.65578,14.04466,15.40209,16.01696,16.51976,16.4426,14.51454,16.50017,16.73643,16.43036,16.05442,16.41652,17.43495,17.664,16.49608,15.13615,16.6416,17.69937,18.67001,16.73761,13.59295,13.80404,16.46791,16.1102,13.64696,17.26161,17.65027,16.89133,17.51892,17.71757,17.47584,15.96734,18.97553,18.20818,17.08064,15.94013,18.01247,19.12745,19.09147,18.25884,18.34531,18.88501,17.94783,18.10139,16.98204,18.43839,18.00276,19.43049,17.45181,18.8598,18.35832,17.39617,17.20736,17.26059,17.30519,15.04001,15.60304,14.74969,17.13901,18.02904,18.57314,16.66142,13.56568,17.96376,18.76637,17.2567,14.76972,18.63148,15.38921,18.40134,16.56691,16.90201,17.16034,16.00691,17.53921,14.3683,16.96311,17.73906,17.19701,17.92516,18.17738,17.72035,14.90205,16.09073,17.40758,16.80989,16.17203,16.75941,17.44207,16.94206,18.1684,19.16964,18.78276,17.39885,17.9721,15.85477,15.82056,17.29632,18.10767,18.67218,19.01479,17.95772,16.58687,15.77956,17.90748,17.47014,15.82081,17.36717,15.49735,17.7004,18.41243,17.72811,17.56209,16.58814,13.87316,16.39848,16.81427,16.71013,16.54941,17.38665,17.31839,18.31903,16.24153,17.70761,16.59811,13.26754,16.33979,15.76582,16.31494,16.04114,15.58895,13.57774,17.31107,17.47855,17.10555,16.80205,16.4695,15.11256,15.0114,15.82124,12.79695,16.83452,14.69771,17.48675,16.7894,16.72081,17.219,15.5142,13.94157,16.26631,16.15463,16.13252,16.13171,15.15959,16.63049,17.26705,17.14622,16.71935,17.04302,17.17458,17.1756,15.59881,15.55819,17.48329,16.57149,16.12526,16.17363,12.97606,13.7633,13.45124,16.39199,15.80069,14.50044,13.64567,13.74703,16.83791,17.1039,15.21165,13.21339,15.2982,16.02771,17.12625,16.09129,14.6115,15.19532,14.66431,16.49241,16.729,14.82107,13.9212,17.00352,12.80791
sh,13.86879,12.35025,12.52123,13.54386,14.79425,14.8587,14.82712,14.27146,13.24603,13.39426,13.5114,13.68798,12.36371,12.7648,14.19296,9.2056,13.68634,13.3889,12.72303,15.27976,15.39087,14.02196,13.52282,14.03354,11.93312,12.3999,13.6467,12.40558,9.72225,11.79353,12.55643,12.40139,9.07018,12.3839,12.31537,12.74927,15.7586,15.8041,14.09665,15.96509,17.20264,14.69479,17.1141,15.81365,15.7109,14.75462,17.40896,16.85292,15.86134,16.77917,16.21529,16.19717,13.03247,15.92647,16.63044,14.43228,14.09603,15.68696,14.26107,10.37948,12.30043,11.55837,13.30881,13.70766,14.19495,15.13448,15.82216,15.08979,11.48094,16.20828,16.24288,12.9086,15.03478,12.06357,12.59408,14.50558,15.29755,15.75173,14.88209,15.95506,16.96387,15.4612,14.15868,12.15482,14.91062,14.34209,15.81339,14.24057,15.40406,14.41207,16.18605,15.24152,14.94469,16.86892,16.47918,15.08283,12.95552,15.4457,16.59703,16.15754,15.13643,13.88478,12.11624,13.11492,15.80393,16.22284,16.71252,15.46946,14.34978,14.37267,14.61466,12.83662,14.09222,15.05197,15.20264,12.70955,13.29318,13.42316,14.55706,14.09009,13.49543,14.56685,12.20853,12.85111,15.40768,15.83933,13.93857,14.49927,14.30236,14.12907,14.60842,13.69655,11.42225,12.53812,14.55531,12.25262,10.48437,12.56454,11.66984,13.01628,14.23539,12.6953,13.94609,14.53201,14.19137,10.23056,13.0414,12.16507,14.10435,14.15852,10.79407,11.55122,13.94642,14.5709,14.45209,13.95694,10.01326,11.33765,12.83015,14.22451,14.99993,14.52117,14.68264,14.34369,14.87042,14.96635,13.34342,12.2763,13.6028,14.41954,13.73421,10.96805,13.67346,12.27634,14.26003,13.82008,12.86927,13.10822,13.63855,13.83482,13.2192,14.32463,14.2406,13.26485,12.5561,11.47909,13.51498,13.59104,13.22745,12.13289,9.23645,11.54495,13.71008,14.37047,14.45775,12.58972,11.38224,11.24105,10.62231,12.03466,12.43556,13.01116,13.58191,12.82854,14.406,13.93253,11.84318,11.41054,11.47351,14.00545,13.91459,12.82745,12.8753,13.5468,14.04137,13.52887,13.22025,12.04748,12.13689,13.64182,13.64261,13.41905,14.00078,13.31616,13.76985,13.89529,10.4591,13.37903,13.47905,12.1554,12.78585,12.12399,13.48349,13.90272,12.14863,13.73562,13.73402,10.37208,9.92251,11.91643,11.35221,11.36843,13.18741,13.40401,13.67661,14.69287,13.96463,13.41298,11.87059,10.51506,13.97657,14.29752,12.49873,13.36438,14.75833,12.7758
aa,13.44652,13.07656,15.3332,19.23919,18.96399,15.44141,11.2879,20.23537,21.6974,19.86217,13.01715,19.07389,22.78356,22.6596,18.62589,14.29406,24.19432,25.83476,24.13992,17.42583,19.63558,22.7001,22.58142,18.66704,17.31508,21.33824,23.34165,21.64581,11.75046,22.53593,24.34569,23.33909,19.77381,19.46759,21.02924,20.79865,17.52385,14.84603,17.765,20.01253,19.06529,15.83432,14.92517,17.38012,18.41381,16.24842,12.8555,14.6356,17.7684,16.96917,14.17749,12.7505,16.63603,17.39816,15.71127,13.40548,13.40668,17.04787,16.81098,11.69815,11.48381,17.20436,18.63151,17.04334,15.94363,17.51858,19.98769,19.20879,15.52248,12.98043,14.11796,16.52354,14.92681,11.86448,12.30783,15.4096,14.70134,11.96131,11.14896,14.28082,14.93426,13.77346,10.73187,12.78764,14.53718,14.18444,11.28414,9.5177,14.83185,15.1852,13.38025,12.33545,12.38528,15.59174,15.35973,11.18812,14.15632,17.13554,17.20107,13.82837,15.4553,17.67477,18.22846,17.14945,15.07816,15.86292,17.5082,17.0875,15.07958,11.18415,14.82746,15.90627,14.76456,10.06238,12.82011,14.11529,14.79175,11.83639,12.44485,13.8431,15.2216,14.51903,12.89472,13.78462,14.75901,15.09046,13.38674,10.45207,13.42412,13.77878,12.40926,11.94915,9.58496,11.74034,12.84877,10.15613,8.06492,10.94788,13.18339,11.42192,9.30609,4.93634,12.87815,13.5537,10.17307,11.37156,13.60463,15.5068,14.54799,10.91339,12.00867,14.3427,15.42768,14.27296,10.13126,12.86496,14.48202,14.27947,10.48196,10.94708,13.56827,14.85846,13.10282,9.65057,14.22556,16.08758,15.58506,12.20888,12.97924,14.33337,14.68484,13.82027,10.99395,12.43135,12.97219,13.45116,9.09444,11.26786,12.44984,13.08015,10.2741,10.82326,10.94201,12.31499,10.01222,8.71529,10.00429,9.2716,10.24595,8.67223,8.38161,8.8086,9.94722,9.14078,8.63428,7.74281,11.05001,10.68952,9.70631,8.93453,9.32223,10.32593,8.83884,9.44716,5.63223,11.06783,9.21545,10.09371,9.7662,11.02766,10.71868,11.42355,9.66227,10.52952,10.77765,12.17984,9.76305,7.60539,10.02152,11.28882,9.87522,9.56785,9.43335,10.77156,11.64155,10.1584,8.90126,9.66795,12.11772,10.6595,8.9765,8.53163,11.28302,10.03233,9.83938,10.46676,10.5844,10.17458,11.4692,9.41628,10.08335,9.55739,10.82829,8.34493,9.79644,10.11636,8.70077,8.48076,10.43431,6.48258,10.62878,10.52726,10.26661,9.68623,10.17502,-1.03702
iy,11.78441,10.76283,17.10094,19.02167,17.47591,11.53134,19.34593,21.28773,19.89496,9.37135,21.11637,22.8025,21.23083,14.81953,14.67166,17.37376,17.50403,13.00156,15.64662,18.59404,17.97377,12.91003,13.54736,16.12431,16.27434,12.34634,12.30754,16.42985,16.51838,11.90563,10.53907,15.15382,15.70458,12.27333,11.38773,15.60361,16.06154,12.87759,10.37079,14.36495,15.20371,12.92327,9.91384,15.13273,15.86952,13.53464,10.94737,14.94255,16.05141,14.04004,11.26995,16.75985,18.14437,16.43017,14.26171,17.32335,19.71744,19.39575,17.38622,18.26106,19.68154,18.40853,15.17983,16.74052,18.83868,18.27554,15.81963,16.3948,18.97569,18.63979,15.2434,14.08525,16.7362,16.45494,13.77741,14.63882,16.69094,15.94507,12.84745,12.3289,15.30373,15.01143,13.11936,12.33991,15.01976,14.30456,11.36313,10.50476,13.7512,13.79735,11.47057,9.33076,13.32539,12.88654,9.5711,10.95614,12.33199,13.08335,8.43922,10.41989,12.84379,13.41982,10.91934,11.48163,11.91084,14.13062,13.17228,10.19988,14.09037,15.66426,14.50982,12.10088,12.13869,15.20506,14.33507,13.67598,13.79669,14.7462,12.96436,10.73529,9.084,12.50874,10.81345,10.5704,9.19272,10.36202,9.77578,7.5796,5.49541,3.9158,6.81121,1.60586,6.08861,2.68508,4.94075,6.70627,4.16324,6.66278,6.73779,4.68055,7.25096,6.97357,6.0841,6.19609,5.26663,6.6197,6.26287,6.33649,4.86132,6.39486,6.9272,7.85145,4.71902,7.13124,7.64749,7.6134,7.9567,8.88197,9.54489,8.97058,8.4536,9.11533,10.29032,9.66279,9.2916,9.99341,10.50133,9.40535,8.88508,10.06063,11.32633,10.45904,9.39912,10.35094,12.40056,11.75086,10.20187,8.8961,9.2472,4.45574,4.41075,7.9205,8.43326,7.33784,6.10163,8.21153,7.14812,6.6284,8.07527,7.26126,8.54842,8.22121,7.12918,6.95222,8.32274,8.47835,6.06818,6.79877,9.15907,9.59528,6.72397,8.85134,10.74402,10.89959,8.71934,9.98257,11.27521,11.21986,6.98861,9.7466,10.26448,9.79556,6.461,8.77163,9.32666,9.66358,8.194,7.85721,8.76493,9.20743,7.02827,8.63722,9.15204,10.41822,9.89683,9.31589,8.7587,9.8148,8.8694,8.80153,8.07561,8.55776,5.08141,2.73642,5.17229,7.57258,6.64528,6.37345,8.11597,8.22533,6.28439,7.25138,5.1531,7.72295,6.43715,6.7544,8.49294,7.30922,4.05172,6.95666,9.23834,8.34876,8.49047,7.50693,9.14469,9.90986
iy,10.61949,14.53668,17.65799,17.14961,14.0244,19.35684,20.0612,17.1579,19.03576,20.85828,19.38842,14.33251,17.62953,17.41687,14.37347,16.00375,16.92153,14.58704,13.80346,15.99235,14.63315,11.56391,14.94962,15.26311,11.57523,13.64843,15.01827,12.69956,12.56209,14.02117,13.33812,10.79462,13.40715,13.69032,10.4064,12.52186,13.38478,12.12423,11.11504,13.15523,12.56448,8.39946,13.00543,13.41858,11.24993,12.19934,14.0378,12.47313,11.1799,14.34527,14.11663,11.32545,14.03217,15.10407,12.06553,13.66642,15.69471,14.47322,13.18444,16.7498,17.21934,15.23421,16.99014,18.4699,17.03529,15.10779,17.0032,16.2178,14.44063,16.74388,16.62992,14.0684,16.78146,17.51885,14.27473,16.89696,18.20791,17.25008,16.32619,17.49488,17.64075,15.69919,15.45159,16.67739,15.33285,13.87941,15.51866,15.27517,13.50426,14.84015,15.48582,12.73226,13.63352,15.7254,14.86299,13.80197,15.55241,15.59455,11.97048,15.18764,16.41631,14.79361,15.34382,17.07733,16.06755,15.58673,17.50155,17.66363,15.29172,16.15464,17.56227,16.31451,15.60367,16.67586,15.68933,13.64598,15.34924,16.11535,13.78419,14.38788,15.5968,13.24331,13.02497,14.73568,14.56649,11.27666,12.52369,13.51146,11.57992,10.17792,11.84913,11.04795,9.29741,9.99899,10.79605,9.99554,9.691,6.27582,7.74769,7.70887,9.02696,8.18222,8.48531,7.89752,8.35341,8.40356,8.01856,8.97708,3.35803,6.25695,7.88736,7.75951,5.16879,9.19721,9.94919,9.74785,7.84352,9.77742,7.09236,6.20266,7.74142,6.90551,6.20249,6.47599,7.43721,7.88807,6.81992,8.72165,7.82738,7.81642,9.85431,10.94984,9.40427,9.13956,8.54854,5.74598,8.55735,10.51504,10.69784,9.19473,9.45207,10.09945,9.62794,8.55564,9.79353,9.36073,7.59216,8.52499,8.4089,8.17295,8.31163,9.3254,8.68328,7.61812,8.02991,8.12916,10.17811,9.9832,9.54519,7.93239,8.43457,10.57699,8.43165,7.8872,8.41605,9.223,8.74766,9.04082,10.19586,7.02386,6.30405,9.67968,9.40145,8.2514,9.15441,9.79328,7.84497,7.65578,9.6868,8.58294,7.41612,8.55994,4.94843,4.04506,7.98647,8.21704,8.80602,9.24647,10.14701,9.91652,9.58374,11.15819,11.59341,11.64831,10.83678,9.65152,7.64341,9.2931,9.16009,7.44132,7.38645,8.59227,5.54961,8.2372,8.54855,7.30044,9.24293,8.39452,7.37754,9.4234,9.5198,8.07377,8.77683,10.83765,7.98124,10.8161
ao,11.56081,15.49006,16.74927,14.98646,17.16811,18.04425,16.15763,17.55808,18.35375,16.03884,18.69422,18.93144,17.22044,19.55689,19.63099,18.95752,21.88555,21.56689,19.99684,22.75251,22.08787,19.24839,21.27534,20.39175,19.25814,21.21291,20.06278,20.29938,21.82463,20.1237,20.34421,21.4537,19.33694,17.68236,18.87318,16.90444,16.22835,17.4339,14.78565,15.59961,15.90235,13.96378,15.26727,15.64771,12.79537,15.51741,15.2151,13.32394,14.6859,14.55076,12.53288,14.60066,13.57465,12.9357,14.44218,13.6168,12.95728,14.70397,13.04373,13.59375,14.88208,13.56439,14.41247,15.65601,14.1908,15.7445,16.8193,15.40624,15.28864,16.49881,14.4732,14.47945,14.80136,12.33872,13.74683,13.98935,11.52576,13.55686,13.33585,11.62498,13.54766,12.79183,11.72054,13.65649,12.36966,12.15655,14.06318,12.68669,13.18863,14.6626,13.09342,12.18623,13.60154,10.65828,10.77846,11.43526,8.87439,9.38691,10.66755,5.99511,9.26112,9.29986,7.60221,7.08783,8.82717,5.30276,9.45449,8.14696,7.80529,7.12262,8.53379,6.57812,9.62976,7.86312,7.03802,9.72088,8.48178,6.7552,5.59597,6.44282,7.1129,6.90104,7.43145,6.25864,7.50073,3.53496,6.17421,6.50964,6.52184,5.78419,5.9895,6.72745,7.07406,7.41987,7.22647,6.5761,7.64466,7.19718,5.6639,7.81056,6.89482,7.61209,6.0792,7.28396,6.43204,5.81067,5.62231,7.64633,5.76267,6.52112,7.88142,8.27167,7.97239,8.30638,6.35269,7.92444,6.173,6.20387,5.48158,7.55788,5.64112,6.30846,7.34663,6.89725,6.7275,6.73651,7.34253,8.13725,7.38169,8.47601,7.36237,8.41387,7.9344,9.12536,9.09156,9.02688,9.49196,9.22143,8.88571,10.23932,9.61674,9.26191,10.33325,9.36074,9.54837,10.34873,8.87365,9.79363,10.74288,8.65434,11.07297,11.61856,10.6951,11.26906,10.97194,7.86264,8.82536,9.22463,7.83302,8.48961,8.34024,8.19338,9.35411,7.7199,7.07898,8.62823,7.86496,8.16227,8.93231,7.09451,7.44817,6.11107,6.02403,8.05601,9.04791,8.6216,7.90892,7.15682,6.52276,8.64488,7.72054,8.45182,8.60843,8.89146,8.10767,9.14864,9.32535,9.94318,8.82996,8.62645,7.6865,7.20175,7.03636,7.83824,7.01147,7.16137,7.39329,6.80907,7.65066,7.86439,6.03794,6.81359,5.74803,5.59305,5.7663,4.1373,7.57855,7.8875,7.68419,7.72868,8.4855,4.49707,6.01098,6.58007,5.33762,8.47561
ao,8.83702,15.12151,17.30085,16.11383,16.40904,19.08833,18.2665,16.16282,19.24397,18.78929,17.00427,20.24068,20.08876,17.77564,22.03193,22.55075,19.97652,22.49034,23.59059,21.41263,21.26585,22.20615,19.4499,20.2831,21.47508,17.48372,19.47192,22.94648,22.63535,20.48387,22.07146,22.25312,19.59185,19.99369,19.53282,15.89123,18.33547,17.77995,13.90581,16.88635,16.46138,12.00779,16.16016,16.25918,12.92559,14.84272,15.61355,10.67855,14.36671,15.38027,12.30467,14.28708,15.09101,13.46186,13.65938,15.04535,13.42448,12.87,15.10032,13.39599,12.70097,14.80789,14.1226,12.22483,14.91547,14.75847,12.41552,15.17056,14.79744,12.46313,16.1304,16.01718,13.82139,17.02326,17.03592,16.45313,18.51321,18.56468,15.93197,16.84093,18.10057,16.25343,15.48534,17.13052,15.6171,14.97452,16.77829,15.88973,14.50827,16.3678,15.67587,13.91113,16.55026,16.28505,14.1944,16.59715,16.72893,14.47048,16.92656,17.57343,15.29221,17.15225,18.1477,16.26194,16.70167,18.04344,16.22363,15.94939,17.73007,16.5878,15.80669,17.41179,16.35272,14.85415,17.26033,16.83532,14.6707,15.92641,16.01322,13.24542,13.84744,14.21822,11.81882,11.50768,11.66629,8.21309,7.8263,10.5931,5.34032,7.46797,9.38802,7.1298,8.3101,8.21877,5.16602,9.4503,5.75584,8.42071,7.78739,8.26994,9.01687,6.94502,8.41024,6.26898,7.2332,9.27771,5.21058,9.38107,10.43858,11.06996,8.59042,12.47373,13.46217,12.02392,12.37051,13.5819,11.31335,10.33771,11.9474,10.2962,9.54181,9.33099,8.73513,8.04807,9.5168,5.15827,7.61391,8.34131,7.81102,7.83129,8.23338,7.65822,6.90303,7.95329,9.13824,8.47046,9.01698,9.74052,7.63129,9.97427,9.95686,8.83844,9.81128,10.90308,9.12127,10.53241,10.57646,7.79114,10.45754,10.76724,9.87281,10.08807,10.76849,8.11301,9.9225,11.37675,9.65388,10.18582,11.20531,10.98622,10.75497,11.83707,10.7216,6.45273,12.06271,11.90531,11.39887,12.87565,12.86969,11.3287,12.91308,14.48841,12.99567,12.85134,13.54232,11.64076,11.34623,12.21208,10.26412,8.89018,10.72943,10.44527,9.98648,10.50351,9.90124,5.72931,10.15738,8.35735,8.15009,9.18108,8.47791,8.98467,8.5243,9.51429,7.21932,9.77044,9.88183,8.37777,10.34848,9.88072,8.91918,8.95229,11.7477,9.66285,10.55676,11.17586,10.30684,9.26868,10.72479,9.67406,7.87941,10.51998,8.97551,9.2146,9.44196,9.54951
ao,6.04564,12.86817,17.12337,17.64259,14.41586,17.11715,19.81436,19.0326,13.26171,19.11043,20.26804,18.23409,17.30083,20.9941,21.04148,18.20403,21.71978,23.37485,21.98051,18.53283,22.37236,22.96195,20.76297,19.69017,22.84219,22.52529,19.63043,22.26303,22.68063,20.87009,19.78315,21.56376,21.19804,18.32247,17.61661,19.1275,17.86045,14.60348,15.57472,16.11859,15.15716,13.38398,15.44717,15.91326,13.18875,13.16949,14.93858,14.03442,11.18085,13.68122,14.75501,13.89489,12.24607,14.33687,14.04602,12.18807,12.92998,13.71335,13.72234,11.00631,13.26709,14.28682,12.33965,11.38407,13.63966,13.19486,11.26055,13.04294,13.41561,13.31059,11.84008,13.28951,13.9207,11.79355,13.03369,14.17714,14.493,11.27701,14.30778,15.42291,14.72714,14.54526,15.99308,17.11601,16.31589,17.14447,17.94941,18.42899,16.01328,17.15774,18.07653,17.32279,15.84428,17.06949,17.64736,14.43774,16.28633,17.20726,16.86787,15.12283,16.78189,17.62333,15.75936,16.22805,17.14826,17.41747,12.11649,15.9144,16.72974,16.07741,13.79151,15.6136,16.18746,14.36433,14.34921,15.87168,16.18694,13.19607,15.72321,17.08045,16.12365,13.58479,15.20156,15.62694,13.84016,13.175,13.8067,13.82941,9.43538,11.61311,12.74622,11.42069,10.49594,10.78581,11.92138,10.58297,9.63789,10.83029,9.8781,7.50608,10.4764,10.41164,10.10968,9.99207,9.86118,11.5008,9.3356,9.61875,11.12468,9.14208,8.85366,10.56313,10.85205,10.50064,11.99785,13.1537,12.56053,9.23715,10.99062,11.97834,9.95521,8.35145,10.58089,9.04938,9.02191,8.64111,4.54813,8.07078,6.64477,8.81739,7.51853,8.75673,9.70394,8.51214,9.81779,8.82637,9.9716,11.02441,10.05598,7.38208,11.46608,10.85074,10.6996,10.37805,10.11772,10.42982,9.10511,9.34446,10.45277,9.4895,8.99593,10.43132,8.79167,9.62668,9.33092,8.84446,10.55275,8.9494,9.90338,10.05299,8.6175,10.47124,11.15883,11.14978,11.1431,11.09841,12.09381,12.36831,10.748,12.79905,12.73198,12.14719,13.18679,13.7146,13.27745,12.07976,11.99654,11.2053,10.6559,9.89054,10.34971,10.94711,10.15755,10.41145,10.43374,8.87358,9.50888,9.71173,8.01633,9.19041,8.99323,9.80747,9.68414,9.53903,10.36598,9.29269,8.83336,10.39812,10.51929,11.52566,11.53266,11.37867,11.95696,10.12231,10.34916,11.88543,11.85825,11.46013,12.0289,12.00926,11.61518,11.17634,11.11744,11.86168,11.67174,10.69853
dcl,10.61247,10.13686,14.58981,15.43304,12.99996,12.64044,16.65842,16.70919,12.7281,12.73245,14.94639,13.97935,8.79284,12.42438,14.12697,12.1869,7.10879,12.03739,12.64815,9.43413,7.15675,9.51444,8.37516,6.98311,6.71644,9.83721,9.09688,6.76579,9.14857,10.52005,8.70998,4.66497,8.12124,7.62516,7.71699,5.57067,8.13724,7.42363,7.56896,8.44774,9.32562,8.88194,7.14319,8.52754,8.49679,8.50681,7.60814,10.32284,10.74565,9.10625,9.57839,12.29594,12.24116,9.96784,10.64223,11.42929,10.59963,6.46554,8.37302,10.36779,8.05826,7.46762,9.8007,10.26169,7.52886,8.63047,10.59222,10.58972,9.34238,8.23246,10.72883,10.76669,9.41892,10.08867,11.91368,10.8523,7.3655,10.94162,11.69702,9.10929,10.82604,12.31037,11.56471,10.03909,12.23632,12.38292,9.93036,10.14672,6.72598,7.35006,7.17714,7.8105,9.26253,8.53368,6.80498,5.37024,7.70955,7.57569,3.28374,8.05417,8.60929,7.79582,5.98582,8.03059,8.76671,6.80077,7.49034,8.47172,7.70784,3.15904,3.64605,5.90974,7.45946,6.98971,7.06674,7.90065,7.84271,5.83186,6.45993,7.44691,7.21182,6.98057,7.13472,6.42084,7.31039,4.86061,5.33707,5.18608,2.99636,6.53009,6.3788,4.64871,3.63086,3.52384,4.70474,7.17959,6.82923,7.2404,5.61957,5.87333,6.55426,6.8383,4.6788,5.68156,6.71615,5.20973,4.72931,4.4546,5.12482,4.84267,6.26915,3.12917,4.66153,5.95151,5.7991,4.20448,5.33491,5.46892,4.62843,1.82358,6.00658,5.75986,4.59346,6.75229,4.82038,5.63058,5.00611,5.6505,6.35076,7.11085,6.37298,6.53388,6.3879,6.76682,5.33119,2.92082,5.90182,4.87809,5.46181,2.46952,5.78084,6.29516,7.35966,6.78422,5.75049,5.87847,5.80456,5.14064,5.27192,4.58579,4.58628,3.00312,5.90993,7.28262,6.44763,4.00446,4.95518,5.61657,4.53253,2.63393,5.81966,6.31861,5.44592,6.32389,4.51603,5.011,4.49047,5.77807,6.71579,6.60574,6.57563,5.19397,3.5579,5.14411,6.43048,6.35461,6.89594,5.81513,3.08202,5.24097,5.4166,5.1589,3.45646,7.0574,6.97581,6.22454,4.29175,4.25668,2.49212,5.12592,4.07495,3.47298,3.81658,5.4373,5.7292,4.92865,5.88266,5.07084,2.72766,6.09541,6.67494,5.98628,4.14536,5.8718,5.51317,6.16171,5.51579,4.50461,5.26803,4.76238,3.66519,7.03659,7.60751,7.36557,6.63447,4.38291
aa,14.15665,14.44503,16.33879,18.77738,19.07722,11.23652,14.95677,20.28658,21.48445,19.7389,15.33417,18.71137,22.12935,21.69883,17.63208,19.3093,24.37506,25.43058,22.99716,19.46118,21.3019,23.64865,22.94579,18.59743,18.52176,22.34642,23.02853,20.5099,15.92924,20.01297,22.45212,21.79312,19.14773,19.85517,23.11895,23.60833,21.00274,20.34017,22.07923,23.28025,21.73279,18.15117,17.30903,20.03013,20.38228,18.3536,14.29682,15.42955,19.1964,18.16868,16.29848,15.43387,18.36933,18.96659,17.17765,13.58691,17.38182,19.64511,18.66215,17.03858,18.85642,20.70233,19.87156,19.97556,20.11022,20.2847,19.48072,16.92636,14.44179,15.09598,17.4538,16.90046,15.46476,13.87863,15.90242,16.89092,14.65655,14.15845,14.47521,15.85705,15.69652,14.66417,13.87469,14.51735,15.78757,13.35798,13.63765,14.86257,15.34431,15.71926,14.27149,14.24686,15.30851,15.98023,14.65204,14.49923,16.43891,17.07007,16.93533,16.15629,16.61987,18.10321,18.27086,16.79163,16.6728,17.29538,17.95019,17.18654,15.92922,12.17527,14.50089,15.95054,14.8578,15.39567,16.73413,17.34104,15.77822,16.2927,16.48386,18.0536,18.06655,16.36163,16.0981,15.60195,15.88805,13.59327,14.2213,14.08665,15.18004,14.57381,14.26754,11.91789,13.3258,14.04987,12.60921,12.94119,11.59395,12.41739,12.96182,13.11587,12.93852,12.92113,13.22976,12.04752,13.2599,13.52482,13.77942,13.74932,13.49317,13.48083,13.38069,13.44322,11.75024,12.7644,11.48374,12.31751,11.48983,12.3487,10.14483,9.84717,11.41045,9.55571,11.31074,10.63382,11.23398,10.34387,11.24071,9.89736,7.74079,11.14463,7.07868,11.01647,10.51661,9.94764,10.44503,10.96334,10.96471,7.20918,11.02932,9.65629,10.69105,7.59676,10.75759,9.46223,10.04547,9.5366,10.53983,8.73453,10.51115,9.87611,9.67927,9.84512,10.062,9.39806,9.76387,9.93684,9.69866,10.34678,10.22404,8.39523,10.66796,9.15903,10.89194,10.49672,11.07225,2.00531,12.12922,11.43787,11.43946,10.98979,11.85004,12.25546,11.01856,12.40403,8.51411,12.43942,9.48688,11.85375,11.15554,12.00328,11.43226,11.17739,12.00471,10.44,10.63713,9.23198,11.50825,9.20243,12.17849,10.24045,10.03108,11.51803,10.71481,10.20669,9.02803,11.58564,8.48948,11.43676,9.7343,8.98139,10.129,10.4964,9.3173,9.28447,10.77352,8.6623,11.05805,9.42238,9.64845,9.41819,10.49484,9.26792,9.04675,10.62036,8.92463,9.85723
aa,15.34444,15.23592,16.80875,18.54588,17.56206,14.8991,17.41564,20.78761,19.55209,16.17792,17.21601,21.22877,20.4903,16.18618,20.28465,24.24922,24.30947,21.15177,20.20103,24.34221,24.84456,22.16916,18.38295,23.39242,24.33267,22.40065,19.28855,22.61166,24.15801,22.81059,18.33578,18.30788,19.02,18.44139,16.60258,17.17841,18.52366,18.1742,14.56145,16.55994,17.21692,17.29591,13.33022,15.10684,17.03696,16.64717,13.68113,14.01478,16.29023,14.99577,13.38878,12.94571,15.83166,14.83615,15.1807,13.17799,15.64672,15.48322,14.94065,13.0196,14.92363,15.7118,15.4482,12.43151,14.73479,16.47012,15.5029,12.37411,14.39385,16.87873,15.9454,14.58349,14.89937,17.99497,17.76625,17.04048,17.7989,19.88933,18.91161,18.86549,19.52632,19.95354,19.31542,17.16308,16.2973,18.72893,18.62726,16.76741,16.24763,18.25855,18.61513,17.59918,17.24011,19.25281,19.90771,18.57179,18.97775,19.82426,20.68387,19.79056,19.311,18.90791,19.82768,18.92366,16.71994,17.64208,19.31132,18.92968,19.24172,19.00994,19.57651,18.1462,18.51998,17.70681,18.38713,17.88087,15.55103,15.90494,15.0694,14.54665,15.99465,15.69769,16.25132,15.99699,14.97845,13.12679,12.73606,15.86774,13.51664,13.22986,14.0478,14.21836,13.17495,14.53438,12.83362,15.64692,14.01584,12.27192,13.66698,13.74987,12.41074,13.02811,12.34004,13.93384,11.75357,12.98251,12.70361,13.0623,9.35922,12.33626,12.13268,12.52825,10.82877,12.66222,11.94715,12.14319,11.4496,12.13904,11.2588,12.27161,12.02485,12.61466,11.28198,12.52146,10.86654,12.06724,11.11939,12.13942,11.2725,12.06964,11.20498,12.0457,11.39312,11.77332,11.13479,12.0029,11.48494,11.78,11.28568,11.82951,11.77518,11.81371,10.80301,11.94264,11.71881,11.64597,11.13708,12.05737,11.45196,11.75402,10.80601,12.08708,11.33097,11.75176,10.80939,12.21387,11.01525,11.82518,11.12352,12.00749,10.80381,11.87209,11.07605,11.66685,11.20704,11.93864,11.49948,10.83741,11.82775,11.04403,11.77466,11.28622,11.45858,11.10137,11.66928,11.88348,11.81318,10.43781,11.98605,11.63437,11.22925,10.88392,11.73219,11.74035,11.30894,10.99861,11.94917,11.66611,11.09501,11.90024,11.70675,11.50749,10.70564,11.65124,11.51042,11.59301,11.1563,11.4565,11.37467,11.21497,11.57932,11.22309,11.49979,11.05924,11.70021,11.05056,11.57709,10.87321,11.76911,10.8261,11.61805,11.17723,11.60994,10.83261,11.59889,11.28777
sh,11.57594,10.42583,11.61146,10.5776,12.88657,13.41403,13.43112,13.41291,14.89686,15.08149,13.39563,13.15507,13.20249,13.57649,14.00042,15.64839,14.27844,13.11257,14.85111,13.16682,14.25085,13.3333,12.51939,15.15316,14.89154,10.71077,13.97181,15.4859,14.36168,14.96006,14.22109,13.00859,12.56703,13.31893,13.89557,12.87895,13.74952,12.20953,10.29283,10.61683,12.03524,11.9948,12.73647,13.71965,14.77462,13.28316,12.54655,12.76995,12.7118,10.11607,11.50245,13.24404,13.9066,14.52205,17.0644,16.76619,16.83299,15.29376,11.76265,12.57963,13.19679,12.42959,13.84361,13.24273,13.15862,14.4652,15.01022,14.29246,13.46326,14.74052,8.89218,15.4292,17.21287,17.34928,17.68131,17.47303,16.76543,16.2372,16.51102,17.60416,17.42103,16.1456,18.37347,19.04003,17.638,16.88009,18.03312,18.80725,19.88279,19.90287,18.66442,15.09001,17.1502,16.22648,16.98656,18.63433,18.19052,13.7533,16.83378,13.61889,14.74563,17.22327,17.80591,15.89979,16.4016,18.82326,18.68433,17.85744,18.72695,17.76386,17.72166,16.73803,15.47027,16.47968,17.25895,13.46413,15.95071,18.11303,17.98562,18.75674,17.77701,16.01176,14.04919,15.12298,14.99388,17.7073,17.98161,17.51213,17.67552,17.89814,16.62249,12.68745,13.9719,15.72385,14.78963,15.88886,16.83202,17.01591,17.76388,17.75203,15.91939,16.63885,15.83449,16.16179,15.94535,15.19912,15.5534,15.91219,15.58723,16.71686,12.36088,15.8283,16.66975,15.1105,10.893,16.47189,17.1048,16.60247,16.87683,15.91241,15.69474,15.33616,16.47711,16.65834,14.82412,14.77311,16.73505,14.52589,14.9058,12.85328,13.80351,9.65701,14.5824,15.70192,15.35721,15.98387,15.67115,13.94371,16.1514,16.1883,16.2634,16.43062,16.47571,15.20096,15.39446,15.88263,16.66063,15.97229,15.2272,14.57439,16.34531,16.27159,15.96738,17.60428,15.34607,15.95485,15.5257,16.02122,17.02495,14.50902,14.80872,14.62595,15.54394,14.85721,16.55612,16.81736,17.63705,14.39629,16.88952,17.21956,17.12851,16.30751,16.74508,17.79425,16.39378,17.67556,17.23762,17.32415,16.77752,15.86,15.36601,15.93819,16.49197,16.84597,16.13275,15.40022,16.04923,14.25026,16.96098,14.87253,15.38384,13.5772,14.09521,15.06671,14.19087,15.05498,15.95601,15.68421,14.16189,13.17556,14.25093,14.76146,14.24072,10.70252,14.16432,13.33474,13.13023,14.58518,11.43776,13.23259,14.30285,15.94434,15.52083,14.65421,14.24294,12.32532
aa,13.2981,13.41197,18.01312,18.45119,15.52875,17.54467,19.9522,19.26668,15.10696,19.30686,20.28368,18.14499,18.56967,22.12225,21.93933,18.36488,22.10337,23.92315,22.52623,19.10957,21.62451,22.73241,20.66562,19.64244,22.06318,21.62221,18.77309,21.01272,22.27548,20.51439,21.15389,22.95149,22.73068,20.03018,21.77148,22.08918,20.21714,17.08776,17.68124,19.33052,17.3473,16.2104,17.48351,17.87505,16.31209,16.62624,18.15675,17.17888,16.45758,16.74682,17.76987,16.50715,15.03487,17.39012,17.26525,17.08088,17.24021,18.90583,18.12988,18.58386,19.18557,17.96157,16.98541,17.80667,17.47743,16.21746,15.29562,15.36344,15.85083,14.29348,14.43057,14.37922,14.55131,13.93612,13.92863,14.28405,13.32131,13.74246,13.38611,13.83354,13.40699,13.55846,13.30159,13.20446,13.52609,13.43852,13.91425,13.72836,14.24241,13.95215,13.99745,14.47399,15.02092,15.52478,14.95446,17.02033,16.95797,16.72857,15.46763,16.75711,15.56692,14.8574,15.13022,14.75266,13.99886,12.72628,13.63081,12.13491,11.90695,12.34849,11.99645,11.37662,11.68664,12.41014,11.22988,10.65694,10.52042,11.89921,10.04757,8.83615,9.33211,10.33168,9.12246,10.68703,11.73314,10.33053,9.13267,10.60842,10.55375,6.57769,9.45153,10.438,9.64195,7.53618,10.14233,11.42486,10.73772,9.19146,12.90963,12.83232,11.67472,10.89078,12.36821,11.29146,9.37858,10.50655,11.8121,10.13325,9.9918,10.90816,10.36758,6.89737,8.94665,10.73035,9.70063,8.55298,10.23728,10.65414,6.35563,6.85903,11.40257,11.05306,6.67475,10.45684,12.42007,10.4677,10.24993,12.79563,13.88562,12.73851,12.02396,13.52014,12.70634,5.55935,11.14921,12.63378,10.90578,10.06925,12.07018,11.58909,7.97978,10.18321,12.13309,10.87909,9.44326,11.72287,12.54798,10.73015,8.09705,11.36351,11.09104,9.65232,7.08552,8.17974,6.87354,7.87196,8.97804,9.09155,6.45615,8.62598,10.80867,10.6371,9.08505,9.65222,10.35579,9.23368,9.11478,11.44661,11.60634,10.41063,9.32595,9.42978,9.01706,8.74228,9.60662,9.20879,8.20719,8.90394,8.75265,7.72729,8.23529,7.79149,7.49783,6.70975,7.63919,8.19357,7.18718,7.68754,8.3259,9.12823,7.63127,5.45777,7.16269,8.62471,7.25998,8.0852,8.98585,8.58395,5.78571,5.16507,7.27789,6.79522,6.70381,5.40159,7.62419,6.9623,5.65436,8.27169,8.29714,3.32506,5.55191,8.62074,8.15744,2.41916,6.57834,8.41698
sh,10.46657,11.39635,10.46608,12.90518,10.04421,14.26636,14.43981,12.41474,12.92635,10.38843,10.53151,12.72546,11.40696,13.85647,12.42408,13.9592,14.71,12.32553,11.38449,14.04277,11.69118,11.66253,13.60266,13.8881,12.67702,13.46864,14.54409,13.6946,13.00355,13.09403,13.5011,13.597,9.80027,14.88619,15.57818,15.96071,13.38881,14.35451,12.4698,12.49743,14.69134,14.19746,15.77143,14.31547,15.13782,15.70008,14.23032,16.35889,16.42844,15.48727,17.18189,16.33544,15.57583,17.99068,18.05205,16.9939,18.15511,17.36614,15.51566,12.29295,15.21067,15.85036,17.04446,16.02489,18.20104,17.53405,17.83815,18.49225,19.28774,19.18993,19.30542,19.48113,18.41333,20.152,19.22472,17.43025,19.50262,19.04088,19.40041,17.93721,15.69107,18.13079,17.78888,16.06968,16.89453,16.65004,14.32921,15.48645,15.04152,17.68439,18.64329,18.88622,18.08314,18.4701,16.33324,16.71727,15.35156,15.5447,16.65812,16.6878,15.79851,17.98169,17.7119,16.79663,17.9182,18.18141,18.24163,17.28664,16.56227,17.32545,17.39903,15.37148,15.19723,17.66956,14.74752,15.13828,17.65335,18.13525,16.34687,13.62156,15.45125,16.08653,15.2038,16.14178,16.15874,13.90108,13.75674,13.09217,15.29861,17.03201,17.28375,16.65245,16.31535,14.98113,15.34138,15.84715,15.68424,16.9843,14.63114,15.7092,15.84742,15.10602,15.4369,16.27162,16.22816,16.75457,16.90592,15.7054,15.81957,15.98939,15.15939,15.27527,15.09785,14.95088,15.2319,14.8318,16.22263,16.63452,14.37378,13.48643,14.47029,16.56334,15.19258,15.23995,15.33451,15.16053,16.97558,17.39856,15.08587,16.20139,13.51634,14.49778,13.64285,14.87735,13.06127,14.45378,14.3997,15.94119,16.77177,14.08098,16.22852,15.89383,13.98475,14.0198,8.97452,15.56524,16.55172,16.13343,12.93234,14.04275,15.04459,12.59185,13.89621,15.60803,15.60147,14.72355,15.29959,14.73838,14.62698,15.28042,14.9367,15.02116,14.68459,13.87678,13.08349,13.6879,13.61698,14.10747,15.42635,15.76564,15.91862,15.24936,14.75293,14.75308,12.58973,13.01735,8.21576,14.3783,15.97892,15.90624,14.46366,13.98685,14.28108,14.08939,11.67056,14.96503,15.51666,13.76837,15.81583,14.37339,15.04462,13.71616,14.72323,15.46176,12.75262,14.05515,14.20353,13.49837,15.29078,14.7869,15.69386,15.27305,13.19909,14.25579,13.73365,13.1848,15.61283,14.96714,12.52041,12.02473,11.68838,11.41121,12.78083,13.79372,13.20032,12.8102
ao,10.84914,11.36981,16.86268,17.9572,15.41678,15.23137,19.32615,19.58803,15.99458,15.28508,18.6186,17.8461,14.04537,17.84111,20.12811,18.8894,14.78825,21.09002,22.3851,20.13856,17.93069,23.12624,23.84249,21.08266,16.27624,18.50175,19.29182,17.6531,19.64611,22.31992,21.71591,17.94596,21.72932,23.03425,21.16997,17.13336,19.91306,20.57604,17.88577,14.09762,18.44294,18.68995,15.87283,14.89669,16.77116,16.10866,9.55162,14.94807,16.99771,15.84141,14.41581,14.13018,14.91492,13.66882,12.69614,15.21898,15.73704,14.4593,11.23163,13.49489,14.63441,11.82305,13.66644,15.33304,14.92741,12.21812,10.77081,15.15534,11.85119,12.78551,15.16664,16.19703,14.54014,14.03874,16.18824,16.61522,15.12713,14.85777,17.79911,17.91549,15.97995,13.21561,15.69148,15.44219,13.92394,14.98546,15.05267,13.83541,13.44295,13.37594,14.83236,13.90042,13.8746,14.45203,14.78365,13.24073,11.33063,15.0012,15.03605,14.17526,14.83795,16.28527,14.31584,14.01772,15.23888,16.77162,15.1705,14.92877,14.71032,15.0897,11.66998,12.22446,14.02363,12.71921,12.54308,10.78979,13.3227,12.51267,9.15844,12.88399,12.56642,12.03677,11.40989,12.08258,12.40875,11.95542,11.44615,11.7458,12.64942,11.0644,11.23434,11.09868,12.35947,8.46907,11.22754,14.12846,12.61032,11.66084,11.91717,14.58122,13.52374,11.64794,13.07289,13.85871,11.65884,10.48367,11.35043,11.36401,6.96996,9.30488,10.6073,6.82332,9.7481,9.44892,9.86379,9.40511,9.28936,5.07459,10.53662,9.72127,11.32921,11.32449,10.73026,12.06764,12.28455,14.57888,12.17035,13.12873,14.29822,14.01701,12.25632,14.20465,15.17238,15.24093,10.72823,12.46242,13.89951,12.98221,11.31236,12.26296,12.88106,11.37192,9.753,11.48236,12.52922,9.84107,10.65436,6.16835,10.5363,9.01586,9.63371,9.91743,9.72535,9.73593,9.25835,9.93865,9.41116,8.62836,8.81043,10.27779,9.51028,9.4072,8.71417,10.26357,9.40134,10.43521,10.81804,12.24803,10.98214,11.54617,10.12612,9.45757,10.53699,8.53578,11.19119,10.06568,11.00344,9.82657,6.56018,11.04515,9.65266,10.07777,10.24042,7.6698,10.48347,8.35297,10.13474,9.47095,9.31407,8.87793,9.00004,10.0996,7.88198,10.23619,9.74633,9.27307,8.71538,8.83788,10.1951,7.7006,9.19612,10.05021,7.75435,10.05168,8.4193,9.34651,9.62437,6.89021,10.41025,8.6647,11.03384,8.68586,5.00252,10.57758,8.37902,10.04586
iy,10.07516,11.8554,13.46161,17.81314,18.64525,15.6732,12.49621,17.34051,21.02989,20.77026,16.90136,13.50031,17.07414,19.5871,18.29747,12.63536,12.22635,16.66928,17.86166,15.91507,9.886,11.53036,15.63859,16.00102,12.42087,9.85526,11.74137,15.05253,14.02453,9.46935,10.05881,12.9306,14.73742,12.93365,7.98296,9.92897,13.07179,13.25048,10.97361,8.96045,10.51584,13.5158,13.22841,9.11689,8.16377,11.7759,13.60131,11.77091,8.97278,9.53474,13.51154,14.41969,12.49052,10.34059,11.50265,14.70614,14.67086,12.53499,9.98254,13.79806,16.23248,15.50612,13.74817,13.97546,16.05217,18.17423,17.25438,14.8678,15.32933,17.01072,17.75378,15.8395,11.36412,12.85935,15.62972,15.62164,13.66302,12.80287,14.20439,16.06792,15.23231,12.76957,13.35626,15.6798,16.44507,14.87693,14.1901,14.70705,17.14281,17.61757,15.75775,14.65582,15.59561,17.76716,16.734,13.8591,14.49112,15.62819,16.49421,14.35981,11.8211,14.16053,17.08818,17.20249,15.66024,13.09849,14.88037,18.00982,17.82059,15.93039,14.925,15.88863,17.49838,16.63712,13.56073,14.21981,15.99285,16.66799,15.99952,14.20691,16.29237,16.16345,16.29105,14.96916,14.92903,15.3781,17.22875,17.32385,15.77767,16.1988,14.96262,17.36775,16.71963,14.79365,16.1805,13.69819,14.7749,10.19224,13.08821,9.76223,14.99744,15.05318,13.26692,11.67195,10.96241,10.54787,7.79706,7.40246,8.54588,9.72042,8.80039,8.14454,8.31356,7.32187,9.54415,9.53462,7.58159,8.44054,10.07078,11.06172,11.30653,8.92556,9.53748,9.74043,11.88439,10.89705,6.16156,11.15224,11.55642,12.10309,11.60543,10.78857,10.94971,13.23468,13.58652,11.96129,11.24165,11.49748,11.38087,11.07862,7.55568,11.34905,11.43821,11.83283,11.62364,8.65611,10.28455,11.29178,11.78205,9.17737,11.63905,11.6144,12.51941,12.98042,10.60393,12.76664,10.80973,13.73664,13.31357,9.80507,12.46186,11.43456,12.95405,11.85601,9.65971,10.32643,10.73601,11.33682,10.17714,8.306,9.01076,11.26975,10.77042,6.44381,9.00631,8.8312,9.6721,9.58884,6.71697,8.45909,8.64131,10.05217,5.60611,8.48307,8.63204,8.69401,9.1456,7.70251,9.25612,8.55516,9.3971,9.32731,5.37506,7.3444,8.25843,9.00765,8.8593,7.4377,7.96954,7.66558,7.8122,7.62726,6.26721,7.49957,8.46022,8.44047,7.62576,4.68656,8.1808,8.02749,7.75761,5.90723,6.17031,7.15552,7.59871,6.67694
iy,7.90248,8.15601,16.74141,19.52359,18.75582,14.08585,18.52741,21.18028,20.62575,15.17134,18.57184,21.97399,21.87458,17.88941,14.89069,18.00501,18.23649,14.77518,12.72805,17.28314,19.08163,17.71634,12.24742,15.99077,17.30093,15.06633,12.26663,15.01207,16.40928,15.95017,11.99135,13.78017,16.33596,15.70767,12.05679,13.47709,16.05218,16.05053,12.12279,12.98451,15.70243,16.60676,13.93216,12.57892,15.79076,16.81234,14.10234,14.1602,16.20952,17.90543,16.70019,11.25919,16.56566,18.99409,18.54649,14.89985,16.70698,19.28682,19.54242,16.44603,15.80963,19.00421,19.8952,17.34912,16.55063,18.84302,20.86398,20.43681,16.34653,18.27101,20.05161,20.00914,18.20441,17.43508,18.4971,18.42386,15.48608,14.69492,16.72078,17.132,14.85525,14.49259,16.15142,16.41296,13.96629,13.65307,15.17384,16.17682,14.26782,13.43221,15.15912,15.92176,14.55482,13.31136,14.37682,15.98869,14.7844,13.50943,14.72082,16.1676,15.61216,13.18698,14.27923,16.15225,16.07753,14.00957,14.37103,16.62779,17.06155,14.73125,14.40808,16.96861,18.21798,16.6721,14.85451,16.71206,19.28667,19.02047,14.44756,16.49618,17.63123,17.47213,15.52852,13.79023,14.07027,13.78821,12.24297,10.82705,10.49927,11.06962,10.97373,11.11127,13.14655,13.79824,12.58115,13.59383,15.97108,16.68664,15.33863,14.63591,15.25799,15.6259,13.54124,11.94548,13.55858,13.82451,12.68461,10.87299,9.29332,10.83002,9.84581,7.7123,6.335,8.0845,9.36305,9.33492,8.75763,5.86515,9.21281,8.41576,8.58073,9.70772,5.12866,8.85232,8.88691,8.14382,9.42729,8.67992,9.54596,8.10503,10.11754,8.67109,8.81056,9.11171,7.64605,10.42889,8.59639,8.59223,10.01764,9.36118,9.88194,7.33548,7.62956,10.22042,10.18842,9.73743,11.54308,12.44217,11.99349,10.55237,9.76747,12.03329,10.60256,10.12081,9.51524,8.60209,9.84107,7.98345,7.11669,10.03632,9.31264,8.23523,9.40482,8.30235,8.96115,8.59446,9.25237,9.29229,6.77178,7.36842,8.87829,7.95124,8.8093,7.96195,8.73966,7.52707,7.96201,8.8338,8.96716,8.1849,8.41322,8.00013,7.56275,8.78685,8.14522,9.59227,7.21378,8.71852,9.36727,9.6451,10.01413,9.5193,9.84835,10.45155,10.70864,9.5096,11.08968,10.23329,11.29566,9.30722,10.36217,11.06633,10.16293,10.13752,10.50475,8.58591,9.20708,7.58693,9.77019,9.86283,9.30594,7.96611,9.15605,9.97279,9.18159,8.87879
iy,9.36558,13.03785,17.01447,17.1566,12.65594,18.3067,20.15001,18.66437,15.4247,20.03242,20.59947,17.4779,16.60972,18.56724,17.00747,12.83232,17.55193,17.90463,14.64985,14.54096,16.78286,15.68282,11.05056,15.64402,16.11966,13.29118,13.09285,15.84941,14.71727,11.18115,14.62809,15.27073,11.69976,11.8388,13.55219,12.87622,11.17037,14.1774,14.47995,12.22941,11.97675,14.33502,13.17423,10.2168,13.72648,14.60271,10.95457,12.58773,14.91018,14.22708,7.80049,14.74236,15.53226,13.34581,13.01684,16.28395,15.56262,13.21176,15.9249,17.16971,14.02866,15.6421,18.84653,18.83417,15.80479,19.2263,20.45748,19.10819,15.99962,18.80196,18.31877,15.23286,17.35743,18.9108,16.60647,16.18593,19.24292,19.25437,16.11966,18.81649,20.08997,18.73448,15.78604,18.88042,18.80068,15.84002,16.59058,18.33814,16.53692,14.68401,17.52119,17.49202,14.39762,15.7108,17.85317,16.54889,14.91173,17.5028,17.839,15.01024,16.93301,18.78865,17.94328,15.19175,18.63677,19.15946,17.28365,15.79961,19.0947,18.09063,15.40358,17.64909,18.17521,16.17495,15.45971,18.27674,17.60365,15.44843,17.12811,18.02317,15.94345,14.59283,17.41063,16.61975,12.87352,15.73981,16.53717,15.18413,11.21854,17.21892,16.3231,12.28926,13.97923,15.45961,12.86177,11.08522,12.90222,12.25055,6.7384,11.08657,11.29006,10.32456,9.04069,9.90516,6.17883,9.22908,8.92385,7.68388,8.06699,8.27256,10.15321,10.25003,8.43544,9.50796,8.98653,5.93046,7.03996,9.73228,7.58335,8.38224,7.81301,9.43698,7.18247,8.25843,8.10976,8.50821,6.33355,8.40102,9.44243,7.86567,7.15244,10.48858,10.33454,9.6831,9.43247,12.44027,11.91416,10.32144,10.93568,10.72992,8.13263,9.30529,10.78506,9.60435,9.20392,9.86094,9.86505,8.25259,7.83952,10.51479,9.38634,8.65923,11.12004,11.00064,10.17079,7.41641,12.11124,11.32625,9.75194,12.30845,13.0034,10.71461,11.48175,14.59823,13.99376,11.42407,14.33329,15.22934,13.24621,12.20516,14.11231,13.79697,11.71767,12.31572,13.29028,12.41259,11.3553,13.27931,13.31081,12.06756,12.42336,13.51761,12.56668,10.36168,11.29986,10.50036,8.89194,5.45291,8.02413,7.70684,6.26405,6.96092,9.0629,8.37154,8.87397,8.71096,9.46037,9.19102,9.96646,9.33887,9.91427,9.04128,10.42535,10.04749,10.40385,10.80529,11.10777,11.15735,9.56995,11.01997,10.35936,10.65917,11.24385,11.9566,12.45545,10.75594
dcl,9.79869,12.37008,13.11604,13.46623,16.50931,16.24378,9.06053,13.73186,12.71025,13.02564,13.73911,12.24416,13.05561,12.81999,9.56676,11.73079,10.57747,10.49632,11.3854,10.16869,7.99914,8.38515,8.01752,8.42462,8.27525,8.07756,8.86846,5.74928,8.41581,9.1183,8.01573,9.18387,9.85194,6.09876,9.16399,8.40131,6.29915,7.78807,7.20798,7.62901,7.63402,6.72333,9.18921,8.60042,7.88587,9.28213,8.51019,11.3007,11.53229,10.00856,12.40067,11.35481,7.99244,10.60585,9.50471,8.79246,9.61246,4.92548,10.44818,10.54973,8.36564,10.69561,10.33599,8.42832,8.91733,8.02821,9.03653,8.99825,8.23442,8.72762,8.53877,8.04979,8.35152,7.72319,6.66437,8.67819,7.44288,7.5516,7.30521,8.49673,9.69138,8.41339,7.08321,6.83875,5.47447,3.24563,4.51465,-1.93172,6.5283,6.13915,4.52909,6.60568,6.08504,6.01686,7.19567,5.24286,4.61256,5.47617,6.2503,5.87172,6.5818,6.90437,6.15855,6.03549,5.82478,5.41795,3.98393,6.12718,4.32982,5.81926,5.01481,6.66509,5.86121,4.35273,6.65682,5.25305,6.09798,5.60542,5.38844,5.29218,6.42627,6.79767,5.76244,2.28588,6.25092,7.42555,7.58886,7.46634,3.57888,7.16735,7.20521,5.58842,5.04588,4.84735,5.41603,5.94027,4.14395,4.63565,5.26895,5.39875,5.29273,3.22008,4.0714,5.44683,5.7195,4.46124,5.17378,6.2228,5.72186,5.41598,6.69931,3.69831,6.47304,5.16977,6.07588,7.231,6.12187,4.0552,4.8417,6.61118,6.23363,6.27237,6.80854,4.77439,3.22303,5.66056,7.39964,6.61055,4.33003,5.80381,6.40707,5.73485,5.89002,6.88654,5.90284,3.57288,3.82703,4.87741,5.92009,5.9837,6.09659,6.82069,5.65879,3.16689,5.20926,6.35869,6.09762,4.90924,6.084,6.35428,4.28845,6.03192,4.7388,5.73706,5.73369,7.03145,6.06468,2.75588,5.16727,7.08877,5.89888,5.48398,5.38515,3.80067,5.72226,6.21445,1.24661,5.86635,5.50348,1.30954,4.60053,6.20334,5.80098,4.21919,5.83914,4.60737,4.14599,5.19186,5.02419,4.31963,5.06377,5.5951,4.47991,5.53159,5.76068,3.19903,4.30034,4.85398,3.84809,2.69474,5.23102,5.09988,5.24135,6.43185,7.68508,6.43745,3.97926,5.46685,4.49428,5.34946,5.81331,5.38755,3.53291,6.53221,5.26276,3.86563,6.11955,5.97193,4.79346,5.91535,6.08808,6.28847,6.67713,6.59272,5.88343,6.81211
aa,12.50093,13.62221,16.877,16.8979,12.87193,17.93513,19.5089,17.27319,16.70853,19.60892,19.35714,13.89682,19.66079,20.74658,17.77271,20.67465,23.96602,23.74354,19.59355,22.12811,23.13014,21.21806,19.74518,22.22593,21.60551,17.3188,20.43871,21.2591,18.71784,19.14585,20.74175,19.35152,19.62708,22.19588,22.07475,17.43218,22.33385,22.42458,19.76458,17.43659,18.92801,19.44342,15.79043,18.30418,18.83737,17.47033,16.94221,18.56525,17.84612,12.48791,17.19277,18.24069,16.15284,16.59783,18.13708,17.61221,14.38792,17.98327,18.66694,14.66919,19.02043,19.81424,18.51431,18.10287,19.03088,18.0887,14.59605,15.99738,16.67134,15.7193,13.91506,15.89149,15.73086,12.0547,13.89565,15.31217,13.631,12.787,14.86801,14.37729,12.66194,14.03226,14.71192,13.84331,13.00574,14.53803,14.65666,12.13934,14.96105,15.03265,14.71021,13.61318,15.25732,15.55015,13.10446,16.22381,16.39255,14.42295,16.4227,17.23249,16.02513,16.06575,16.42051,15.76111,14.80913,15.11559,15.15656,15.13615,14.20784,13.78039,15.16835,14.26768,14.17992,15.23404,15.18921,12.91994,15.65352,15.7076,14.22143,15.14574,14.99793,14.08577,9.127,13.55152,13.49866,11.89226,13.13643,12.93393,11.98655,13.33562,13.38352,13.17476,11.68183,7.9492,12.875,11.41817,13.1948,12.83644,8.54778,12.20519,13.48361,12.41989,12.56407,10.68608,11.64943,11.60701,11.42741,11.44069,11.47495,9.22889,11.1983,11.40865,8.25153,10.27738,11.04268,9.4362,10.72665,10.55118,9.88867,10.42205,9.34137,9.91039,10.89716,8.75318,10.85898,10.81317,7.9862,9.65605,10.36773,6.45919,9.83512,10.29519,9.18214,11.00412,9.93038,10.59333,7.91477,8.8718,9.87845,8.50156,8.48188,11.11937,9.11368,10.89986,11.4119,12.39912,12.54684,6.28972,11.21261,12.00157,10.07575,10.56568,11.90583,8.42329,9.05082,11.03471,8.98753,10.52463,9.31541,12.95976,12.80155,12.05181,13.88828,14.59068,13.60081,14.53,15.42648,14.63395,9.85227,14.71803,13.6269,12.11723,13.65669,13.21259,13.32618,11.55944,12.28705,11.93969,12.48965,8.65249,10.68791,9.80602,9.87192,9.70458,10.54821,10.00235,7.5745,10.58054,8.19454,8.26499,11.03182,9.3244,10.11879,10.6754,9.17882,9.6668,9.07297,8.81807,10.3436,9.33176,9.05875,10.57259,7.8214,8.83385,10.44055,9.48507,8.56846,9.23777,10.9985,9.76233,9.39525,10.8197,9.55362,9.3708,10.18617,10.19667
iy,3.87872,14.35986,16.06,14.41639,17.04554,18.77855,17.1307,18.27167,20.05139,18.42474,17.1506,18.85098,17.22171,15.99947,17.77334,16.13844,14.13415,16.0805,14.56603,13.55952,15.5112,13.96637,13.20756,14.99112,13.30957,11.9806,14.0581,12.56331,12.13234,14.17903,12.69847,11.83738,14.03454,12.5852,11.5749,13.29073,11.78451,11.415,13.33659,11.91024,11.75359,13.73988,12.11377,12.18341,13.8192,12.43947,12.07142,14.08589,12.99697,12.68318,14.70634,13.11531,13.10322,14.94643,13.82958,13.53002,15.35706,14.37295,14.55327,16.6151,15.21235,15.78755,18.07063,17.16623,17.52701,19.58386,18.93451,16.40384,18.76397,17.53637,16.44405,18.30744,16.93434,16.56011,18.25914,17.41372,18.04291,19.34961,17.97358,18.53679,19.8835,18.32702,15.57774,18.14859,17.16847,15.66158,17.97323,16.89756,15.01593,17.52202,16.58175,14.18453,16.908,16.14685,15.68736,17.66165,16.75832,15.55951,17.63226,16.87373,16.84287,18.76155,17.90257,17.78559,19.52621,18.42683,16.53065,18.92282,17.98082,16.21777,18.68028,17.85596,15.43204,17.82815,17.21127,15.40208,18.35173,17.81378,16.0449,18.59346,18.04686,15.05367,18.64359,17.89934,15.88548,17.68687,16.71416,14.44327,17.37242,16.77819,14.00346,16.38606,15.3846,13.64468,13.92224,12.87097,11.0147,13.1267,12.60631,10.76114,11.52894,10.84617,10.41485,10.92191,9.81434,9.33222,10.78952,10.90453,8.65401,11.28162,11.26932,10.42848,10.03901,10.19441,10.06999,7.24977,7.30605,7.38486,7.07004,4.28288,5.47351,8.98597,6.01695,5.34899,7.59304,8.33636,7.15924,7.72174,8.26879,3.86777,9.48353,7.62789,7.286,10.3479,10.36339,8.29286,9.08145,8.82053,9.19296,11.60467,12.19431,10.54437,12.33134,11.93212,9.03062,11.78678,11.40214,10.28677,10.81091,11.16221,9.05488,10.99565,10.42466,6.70853,11.2878,11.76382,9.23103,12.5618,12.34954,9.28788,12.82972,12.85147,9.77118,10.69585,11.49426,9.0016,11.4347,11.15361,7.7258,10.5033,10.5252,8.61765,10.49196,9.79968,9.43076,11.74196,11.54317,6.93652,10.36129,8.05645,7.2181,9.84597,9.08483,8.08734,8.84814,8.99945,7.29815,6.96947,7.69837,6.36345,8.9635,7.21419,6.61466,8.86108,7.60286,7.23311,6.37174,5.39133,7.1053,7.90578,5.65934,6.95866,8.71877,8.06111,6.71623,5.65058,7.62791,4.03814,8.37501,9.59636,7.98935,8.92624,7.47571,7.47784,8.54377,7.62718
ao,11.56263,14.22036,13.62389,16.1477,16.15444,16.23471,17.11612,13.28046,16.14271,10.28089,16.68492,15.04809,17.18009,16.75637,17.29548,17.95021,18.41855,20.57967,18.80012,20.76446,19.75756,19.91134,19.50266,19.32726,19.9634,16.99355,19.05054,16.39454,17.89462,17.58789,20.11551,20.71323,18.03341,16.19042,16.20579,17.07416,16.49355,16.67475,15.68932,14.83987,14.45658,13.347,14.06813,12.67385,13.82258,10.77312,12.48685,10.24916,12.19241,12.25005,12.09658,11.99309,8.70188,9.91777,10.49085,11.11715,10.70858,11.62984,11.0026,10.27061,8.96741,9.1139,8.42825,6.1145,9.74086,8.77839,11.65357,10.55802,11.71704,10.86152,12.11315,13.15885,14.23827,12.58846,12.04207,12.20327,11.65049,9.22798,10.60342,10.88721,7.98388,10.39315,8.96154,9.03376,9.58008,8.33982,10.50889,9.17239,10.31705,8.33517,10.12641,9.79701,8.94696,11.40567,11.12827,10.82242,10.74781,10.81555,11.31609,12.06993,13.13107,12.20318,12.46009,13.52459,14.41871,13.44632,13.5156,13.46833,11.09145,10.83229,11.73849,11.66338,9.13921,9.44029,9.48694,7.42343,9.67505,8.12649,8.97434,9.32269,11.01867,10.85232,9.9798,10.23392,10.29822,10.93593,8.84817,10.1218,9.09729,9.63974,9.19961,9.51524,9.05243,9.2564,9.3225,10.44637,9.61304,10.25691,9.7152,10.5467,10.89926,10.79606,10.26017,11.60493,9.99784,10.6479,11.31398,11.59578,11.6955,11.57264,11.21292,10.69615,10.93076,10.76571,10.80643,11.08117,11.11444,10.85667,11.11938,10.82795,10.79302,10.76901,10.30259,9.71177,9.18865,8.15652,7.61236,7.93125,7.72196,5.85411,8.38949,8.68069,8.78499,7.40362,5.04503,7.97906,8.53927,9.3229,7.69315,7.41439,8.1435,4.33428,-0.70026,5.27122,6.99561,6.8451,4.77235,5.51186,6.21844,8.02752,8.18087,8.45921,8.0417,8.55785,8.5217,4.53007,8.39478,8.92925,8.64736,7.2299,6.35348,6.68802,8.03315,6.66045,6.75881,6.63021,5.93501,6.17118,6.37636,7.06147,4.69213,7.00778,8.69012,8.81233,7.87212,4.12807,5.38485,6.26096,7.69291,7.54449,7.42066,4.85005,7.68301,7.78252,8.38244,8.91971,7.25589,7.47062,7.06024,7.8331,7.17187,7.81251,5.76321,8.2647,7.23888,7.45639,7.07588,7.76151,6.41508,6.94535,6.58451,7.46422,7.70747,6.92873,7.18838,6.27464,4.75519,6.1483,8.66669,7.91979,6.91029,6.68103,6.35335,3.44684,7.19103,0.42489
sh,16.23901,14.92422,15.29537,16.8302,16.88382,16.73045,17.08732,15.93352,15.29882,16.98641,17.0533,15.4702,16.619,16.10269,17.35437,16.78391,16.32597,15.74279,16.13262,16.64663,15.71475,16.96563,16.87962,15.3061,16.41667,16.37398,15.38725,17.03748,17.14768,16.8418,15.53735,16.03703,15.93302,17.21713,15.48071,16.8044,15.81318,14.60517,15.70098,15.37358,14.90206,16.22855,17.72133,16.59489,13.2361,10.87533,16.63687,16.85442,16.71231,16.34126,14.50052,17.28241,16.71426,15.73878,17.00782,17.14779,17.019,14.38866,14.86202,16.54757,17.01911,15.20822,15.47733,15.76973,14.77595,16.25289,18.10006,14.09782,16.13154,17.49042,15.14342,17.99574,15.56603,18.5686,18.20177,15.99913,17.0074,17.98699,18.09416,18.26683,18.31356,18.92368,19.12375,17.36025,15.45741,15.53498,16.15627,15.92691,17.33319,17.63615,16.26383,15.19508,16.89764,15.61663,14.87111,16.52,17.57649,18.76787,17.33092,17.73498,19.41435,19.26831,18.1544,18.65168,18.45336,16.3333,19.22266,19.98099,20.34836,19.64422,17.87849,19.80911,19.04214,19.66029,19.37626,17.96235,18.52704,14.95107,17.53729,17.17944,16.05261,17.33641,15.92798,9.01904,17.24062,15.84933,18.02352,18.74642,19.62779,19.46465,20.06043,19.88428,18.0556,19.45284,20.6313,18.71522,20.7272,21.09168,21.20113,20.00614,17.59523,20.12047,21.12111,18.7419,19.19306,19.54077,19.56691,19.55883,20.66332,21.20803,20.16987,17.59185,18.17083,18.56537,17.15783,18.92838,17.68577,20.28236,20.71927,20.00348,19.50918,19.76262,19.21411,18.91277,19.49951,19.39147,18.48053,17.30066,18.5915,18.61005,17.50755,17.53212,16.44857,18.51363,19.8223,18.00488,14.04849,16.63545,18.29745,18.40904,18.28497,18.16503,15.97982,15.46707,17.67899,18.68981,16.62554,18.44923,17.61338,17.31125,19.03048,16.9861,17.64584,18.38844,19.17328,19.3381,17.9941,19.13197,19.55746,18.4427,18.42675,16.91543,17.31811,16.71972,13.3081,17.80699,17.13255,17.96771,16.79124,17.56374,19.63387,20.08854,18.57843,17.22283,18.75183,18.73145,19.02447,19.64663,19.6496,19.03528,18.63212,16.53012,17.53178,18.81984,16.54252,16.34737,14.30622,17.77309,19.31565,17.82149,18.32376,18.69746,18.23386,16.05721,18.05527,18.06177,18.05464,19.32443,18.04226,13.20438,17.5798,18.11241,16.38455,18.44105,18.36358,18.28894,15.96147,18.38646,18.13795,18.29807,16.85366,18.38654,17.90545,15.04622,15.71077,17.33096
dcl,8.74975,8.18617,14.39222,16.28037,14.90241,10.24831,16.72081,19.02967,18.12604,13.56106,10.65104,12.02647,11.08412,6.80673,11.73362,14.15002,12.79653,9.04477,10.2739,10.23767,9.54783,8.95619,7.82923,9.89048,9.42897,7.62669,7.41736,10.04569,8.07521,6.77266,7.77702,10.18979,10.46602,8.06267,6.15363,8.6911,9.03073,8.95063,6.35845,7.52683,8.06998,6.85644,3.45071,7.85769,6.55069,6.14748,5.57108,6.35487,8.91369,8.37922,5.20639,7.84165,6.12373,6.88411,8.05867,5.99788,8.7567,6.79961,10.30802,8.29335,9.07528,8.81172,6.24792,7.86847,7.41131,6.66309,6.33039,7.90126,8.33996,8.33784,6.34642,8.51191,8.8512,8.95709,9.7413,8.13513,9.96453,9.23496,8.59945,8.84253,10.07126,9.97655,11.05564,8.06764,12.22782,12.987,10.8755,11.25952,9.997,10.17369,10.21025,8.91593,9.51964,10.16597,5.39595,8.11724,7.45172,5.77296,7.27996,7.44583,8.23336,8.34188,7.24227,7.00271,1.04228,6.23863,5.95471,3.56248,7.62339,5.08037,5.62129,5.41235,7.62969,7.55146,6.60447,6.9853,8.1569,7.63134,6.99529,8.716,9.039,9.39534,7.87873,5.74124,5.73679,5.93942,5.07333,6.3177,7.1617,5.45735,6.30138,6.51573,7.94875,6.90491,3.40853,5.55706,6.28309,4.62447,2.30284,5.80295,5.81592,6.71175,5.93084,7.14216,4.19513,5.35614,6.84479,5.47034,5.83846,7.07137,6.90293,6.00622,4.38753,6.30055,5.52288,5.87312,6.89288,6.94057,6.94342,6.36891,6.55812,5.76563,5.84989,5.45241,3.53099,4.44387,5.00245,3.48275,4.93201,4.45857,5.53875,4.86956,3.47013,3.78667,6.58297,6.82992,7.11324,6.80364,5.95896,5.97792,4.80352,5.53496,6.29513,6.95796,5.71085,5.6015,5.69423,4.75525,4.85531,2.84029,6.82787,5.33096,5.22688,5.20587,6.50309,6.84121,6.30402,6.01797,6.8414,6.873,4.4917,4.64706,3.09591,5.31591,3.30428,4.00278,4.99272,4.29971,4.66786,5.18754,5.82116,6.40172,5.65045,4.43048,6.02499,3.92224,4.10319,6.1869,6.05366,3.43696,5.10777,4.86127,6.5546,1.61524,0.05217,4.06588,6.69338,5.27616,5.94571,6.87352,4.22116,7.01786,5.77069,6.12147,3.77775,4.01548,6.12409,2.59925,2.58533,4.01816,4.38355,3.89046,5.52724,6.03147,5.92916,4.90956,4.15565,5.16591,2.15119,4.01527,6.3205,5.90936,3.97963,6.70074,6.96487,6.60891
dcl,5.03469,9.59765,12.61331,15.78315,15.28997,12.47826,13.5895,16.73598,17.16888,14.57092,12.01402,11.90448,14.68433,14.03515,12.3897,14.0347,15.45923,15.09715,12.11616,10.59033,11.74456,13.48618,13.27132,11.82664,7.85877,7.74559,12.22618,12.78794,12.56875,12.45369,12.46421,11.52862,11.46292,10.47792,7.7993,11.44148,10.20044,10.48842,9.88685,10.68264,11.40084,9.37153,10.65713,10.64577,10.61495,10.45936,10.67799,8.06153,9.01137,7.45382,9.10141,9.24327,11.03026,11.38402,9.14862,10.87342,11.5145,11.73384,11.18487,10.07899,10.21012,11.80955,11.75885,11.76708,12.34965,12.4655,12.21778,12.93392,12.95186,13.69011,13.36345,8.87244,13.09533,12.06618,12.44127,11.86076,10.96109,10.05014,9.30395,9.97068,10.87225,10.45843,11.44174,11.63088,10.59036,10.47527,12.6742,12.8537,12.09166,11.88175,11.28544,14.11471,13.62158,12.75202,13.2157,10.80349,13.37081,14.01298,14.23905,12.10533,13.66612,10.61216,8.06141,12.54762,12.86953,11.4824,12.38734,11.00332,12.50724,12.60345,12.08172,10.94594,11.25493,11.95027,10.78471,11.11986,9.39261,9.4018,9.20223,8.48871,8.47247,12.16041,12.79506,12.26755,11.80315,13.68526,15.41792,15.5796,14.62653,12.19992,13.02561,13.71316,14.37424,14.22687,13.23127,11.24286,12.15585,9.7642,12.44547,12.35858,12.41245,11.07078,11.07616,10.64177,10.24359,10.84413,9.47289,8.40448,8.9565,9.93949,8.36421,7.74198,7.20352,7.3056,9.20534,6.27829,9.38233,9.80816,10.0575,9.44332,8.30083,7.81025,9.21371,9.91829,7.89602,5.29658,7.7244,8.85096,8.63408,9.10218,8.06003,6.10246,7.11942,8.62721,8.68433,8.46274,6.09137,8.3591,8.32324,7.8214,7.57155,8.87927,8.98277,8.99186,9.21422,7.68916,8.6415,7.80153,7.14007,6.16939,1.9688,6.14536,6.78416,4.89284,4.06347,6.00244,7.87887,6.92766,5.43249,6.91911,5.02701,5.55792,5.01864,6.42314,5.69105,2.46074,6.82735,8.00374,7.18281,3.36153,5.26552,6.954,5.50684,6.78107,5.0217,6.7561,7.31273,5.97505,6.92912,7.33778,7.41418,5.1044,6.55797,7.43145,7.28213,5.22453,7.33298,5.36831,8.48233,7.71095,7.33427,6.88455,5.58277,3.77367,5.23602,7.11649,7.51757,7.16553,7.45196,6.68956,6.53375,7.63144,6.78012,7.81837,5.2277,7.01643,7.0462,5.34401,5.94418,7.54448,4.8434,6.95235,6.2397,5.87114,5.42336,6.72753
aa,13.97186,13.94864,15.0787,19.08161,18.74767,15.39825,13.58971,20.11145,21.4833,19.30336,11.51211,18.33205,21.54262,20.95731,16.46421,17.23409,21.79106,22.82246,20.66681,18.80893,22.85947,25.22581,24.33772,20.39276,21.13988,24.4175,24.74821,22.11534,19.08658,22.68951,24.42409,23.29399,19.67625,20.32473,23.2816,23.39347,21.32532,20.72031,23.13637,23.62553,21.71189,17.38753,17.37393,21.11243,21.08262,18.58647,15.89486,15.4768,17.50601,16.83262,14.46458,16.95493,18.14501,17.99827,15.61049,14.10994,16.61203,17.80575,16.4219,12.64412,15.49055,15.83409,15.12473,12.64424,14.99251,16.68426,17.09663,15.75204,13.90891,15.67442,16.31333,16.25055,10.95138,15.20154,15.96377,14.56989,13.02028,10.36759,14.69393,14.89811,13.58922,13.2047,14.87343,15.22295,15.26583,11.64494,14.97425,15.41862,15.52496,14.17985,12.57296,14.28108,15.13212,13.63816,10.37318,13.61206,14.02151,13.90873,13.97292,10.79945,13.77656,14.81941,15.43756,15.12149,16.81271,17.34034,17.33908,15.80286,15.23363,15.28224,14.5761,16.22628,17.07817,15.66945,16.59072,17.19229,13.85558,16.7194,16.49761,15.77042,14.84002,13.13363,14.24729,14.75005,12.57198,15.27556,15.45828,15.99419,15.72501,12.25627,15.73335,14.69255,14.32478,14.52209,15.78891,16.61638,16.19836,16.92634,16.02168,16.65739,14.84533,16.16243,15.68749,17.64461,17.18453,16.99481,16.7556,16.6059,16.69441,16.17295,15.82046,14.38969,14.4463,15.07219,15.6603,14.91936,15.30375,14.65661,13.70213,14.13586,14.20987,14.47389,11.77773,13.64343,12.81957,14.09919,12.74259,12.97553,12.56528,11.91591,12.2462,10.12386,12.10103,11.15492,11.3781,7.90132,9.41285,10.70881,10.14339,9.46635,10.12776,6.67738,9.56416,9.49759,10.662,11.38593,12.17506,12.60769,10.63462,11.80655,9.98622,10.83756,11.86986,12.68578,13.39822,13.25371,11.38207,13.30512,12.69057,13.7213,13.11573,13.11656,13.87782,14.66476,14.8772,13.38699,9.30752,11.0171,13.25799,12.84032,11.25862,12.48114,10.55593,10.70492,11.84185,12.46045,12.24034,12.27282,11.32824,11.22911,10.82422,12.77325,11.68072,10.21704,10.54005,6.69049,7.83179,9.3151,9.96652,6.98101,9.99269,6.97904,7.79073,9.17154,8.8203,6.98463,5.4599,9.24008,7.78161,9.18896,6.25646,9.31462,7.7336,8.43288,7.86862,8.83658,8.37774,7.85683,7.57013,9.25895,8.68937,6.37887,7.98389,10.13155,6.30855,4.57051
iy,13.43478,13.9329,13.81127,18.89269,19.32973,16.24648,12.42004,19.94998,23.41284,23.1813,18.8587,11.72228,19.11601,20.2116,18.17465,14.09624,13.11257,18.66128,19.20807,16.8386,13.34371,15.44257,18.32352,18.09883,14.56091,11.03911,15.08101,15.7384,14.59789,10.33725,9.13637,15.8552,15.99243,13.40675,10.87163,13.00342,15.43379,14.83372,12.05868,11.55739,14.17605,15.59218,14.35647,11.61264,9.36352,15.48289,15.69793,13.29837,11.23966,13.54752,14.74964,13.86517,12.82538,12.34308,15.14813,16.74937,15.30903,12.38115,13.50018,17.54599,17.40317,13.4294,11.88501,17.76342,20.93381,20.72322,17.38699,15.50589,14.87547,17.75553,17.6806,15.427,15.15127,17.45892,18.06187,16.88437,13.92503,16.53447,18.87674,18.64258,16.73148,13.17363,16.2215,16.6105,15.90437,12.85863,16.59061,19.30378,19.08142,16.9727,15.11271,16.7994,18.41073,16.55678,13.10818,13.60905,16.41615,17.95076,17.1571,14.05617,15.52875,18.77522,18.67543,15.8772,14.96708,18.32521,19.93179,18.96796,17.28106,16.06352,18.83942,19.20039,16.505,15.77141,15.78593,17.33201,16.4749,18.42313,16.17037,16.49631,18.67294,19.6791,19.11964,16.58202,15.72777,16.38773,16.68287,16.32316,13.0129,11.82225,15.00533,15.89006,14.33126,11.68654,13.50666,14.02834,13.52687,9.82035,8.1019,5.0023,11.8073,11.09328,9.87603,10.05496,10.23496,9.12871,8.03989,7.86285,10.16399,8.07086,9.59212,8.04088,7.64883,10.07919,9.8476,7.00462,10.02386,10.84896,10.6274,7.64707,6.52855,8.97464,9.74854,9.88699,10.1142,8.34462,9.84651,11.58101,10.96606,7.29673,10.19664,11.48736,11.02007,10.05351,9.95255,10.54247,13.7843,14.63911,13.86164,13.03112,15.71052,16.06817,14.49357,14.81784,13.55022,14.48852,15.6089,15.90085,13.23224,15.07945,16.05035,15.60266,14.5521,12.69473,10.27847,9.0903,11.40447,10.72241,10.74925,10.51776,11.49717,10.92286,10.53988,8.89375,10.39186,9.85056,11.26976,11.38493,12.79984,13.09458,13.29116,12.6134,9.03201,12.43536,11.71148,10.34132,10.66413,9.27768,8.41277,9.49747,10.3261,9.45261,9.41225,9.39702,9.58158,5.35551,6.51681,9.52689,7.0121,6.95876,10.42965,9.15942,9.72905,9.42219,9.03773,9.4631,10.86782,10.60427,6.54828,9.87152,8.95182,10.41959,10.02079,10.76902,9.81875,13.07597,13.90362,13.2628,11.76501,11.2563,7.3233,5.3239,11.31375,11.35854,11.54249,12.12672
dcl,9.84127,11.80376,14.58286,13.75646,13.52282,17.03462,16.78793,12.49269,12.53065,13.00857,10.52329,12.3105,13.5011,11.43681,10.73559,12.14368,10.88416,9.46167,11.3469,11.04038,6.54278,6.00444,6.44071,6.72126,1.92186,7.25223,7.07279,6.11651,8.3948,6.05835,5.5861,8.14137,5.82271,4.64546,7.01416,2.60577,6.59419,5.7756,6.28307,6.13365,4.92868,6.34187,5.05771,5.94438,6.4154,6.92997,5.58719,7.87908,8.49706,6.39182,10.09043,10.02603,7.57398,8.39573,9.27509,7.46071,6.61343,9.14815,8.77068,6.8866,7.84576,8.15919,3.66304,7.12218,6.7891,6.57273,6.62929,7.62371,5.77463,3.66483,5.47109,3.5986,4.24703,6.55892,7.03663,4.95377,6.95642,4.92199,7.16714,7.62442,8.7887,6.85866,10.05594,8.81297,8.33395,7.27036,6.72706,7.4216,8.26504,8.31495,6.25337,6.60105,4.02042,3.79781,5.80986,7.63906,7.34113,5.68421,6.19007,6.32652,4.44572,4.73108,4.70975,4.6106,4.93203,4.89009,5.24204,6.15435,6.17641,2.16349,6.49067,3.6437,5.34682,6.36447,6.07131,5.69715,5.55315,6.11309,4.24485,4.03061,5.15108,6.33429,6.57258,4.78922,5.31297,4.27552,4.91744,6.89145,6.94143,3.96237,3.99077,4.64058,3.71128,4.85726,5.71149,5.66754,5.32833,5.70703,6.01686,0.70653,6.87563,6.78931,6.55377,6.15376,6.29046,5.52649,7.41278,6.38796,5.48465,4.41688,5.54377,6.57707,4.81893,5.66136,6.12485,6.8135,5.19815,3.2901,5.12004,3.3809,3.01423,4.74284,6.08013,4.3489,5.9754,5.56296,5.61127,4.99863,6.40921,5.72715,5.9281,5.50922,5.62136,5.52844,5.75838,6.32543,3.23869,4.61738,5.2156,5.87636,3.97213,5.29952,4.39279,6.5525,5.81794,4.70337,5.2397,5.94612,5.62802,5.93563,3.15653,6.13161,6.80458,4.17766,5.12034,6.07396,3.58225,6.52343,4.11034,5.29645,6.31794,6.57947,6.63098,3.17478,4.86195,3.74728,5.11134,5.92904,6.41234,7.29069,5.59008,6.38971,6.17718,5.23282,3.75325,3.19744,6.18146,6.73837,6.88427,3.31782,3.90017,4.49808,5.16826,6.05584,5.11374,5.7115,5.63132,6.13897,6.77028,6.15405,4.54292,3.70265,5.39988,3.35298,6.53346,7.30698,5.39232,4.5547,4.69116,3.66107,5.39722,6.17821,6.52003,7.04966,2.02178,4.71716,5.56428,5.98053,4.01324,4.97907,3.41779,2.93068,3.23568,5.51987,6.00706,5.29984
aa,11.71934,11.78935,16.92814,19.20672,18.21103,12.50078,17.82851,20.75703,20.38206,14.31332,17.5168,21.28121,21.56319,17.60609,17.21154,21.98634,22.90569,20.07697,16.52415,23.33289,24.93886,23.03459,17.90088,22.09138,24.24998,23.05542,17.6254,20.72426,23.5372,22.76652,16.42139,19.58406,23.67868,24.01716,20.77018,18.32566,22.53074,23.8212,21.93776,13.80867,19.08358,20.64396,18.45336,13.48413,17.38085,19.98092,18.63638,15.27558,17.44086,19.45435,18.48427,10.73358,15.61458,18.23304,18.11679,15.10911,14.13521,17.66745,18.3333,15.19641,15.893,17.7196,18.67032,16.1429,14.28888,17.09473,19.92173,18.78646,15.96818,18.2668,19.70474,18.83604,13.07039,16.31238,17.43826,17.2589,12.85312,11.58719,15.22198,16.45815,11.76441,12.71051,15.22458,15.97723,13.55202,10.52957,13.65112,15.27867,14.173,6.6661,13.47341,15.0513,13.96933,12.00228,13.28572,14.98889,15.01974,10.29601,11.67225,14.54595,15.00836,11.2993,11.88316,14.74544,15.36,12.22083,7.36534,14.4467,15.92554,14.50484,10.66837,14.67203,16.53073,14.94382,12.90217,15.12705,17.52462,17.18352,12.53131,14.81494,17.52885,16.96633,13.59627,13.48279,17.41637,18.18075,15.71298,12.30772,16.59303,18.1819,17.28097,13.45906,13.78047,14.2031,12.28753,13.12936,9.74913,11.15544,13.34812,11.63304,8.52125,12.49079,12.55948,11.18635,8.32894,11.58017,10.13308,10.05343,8.8748,9.56657,7.44983,8.46762,10.32017,7.85835,10.05959,8.67108,9.00881,7.15297,11.84377,10.75655,9.98645,6.81984,13.84119,13.67491,10.23572,8.83305,13.60628,13.85886,13.14444,11.06157,13.48211,13.52513,11.84611,10.38566,12.48038,12.88596,12.29186,9.67783,13.1524,13.9188,14.15075,12.15756,13.81388,15.48028,15.39737,11.7254,11.33079,13.39212,14.58016,13.47901,12.00593,14.67907,14.97079,12.89245,10.45994,14.2254,14.47826,9.3415,10.86603,13.28837,15.12772,13.89099,13.81228,13.44046,15.23408,14.13372,13.87626,12.8511,13.8478,13.96126,13.43652,12.26479,12.40352,13.01881,12.19839,12.15343,13.82441,14.38287,13.73959,11.15508,11.63108,12.35993,12.08109,7.73718,9.60009,10.30591,10.72181,9.30241,8.8228,12.21643,12.14645,11.10923,10.04394,12.27277,11.84314,10.19311,8.9658,11.2754,10.89889,8.03073,10.03339,11.24935,12.64718,12.71378,11.12938,11.19711,10.62054,11.04576,10.20565,9.43392,10.16327,11.81197,10.10958,11.05328,11.03125,12.01061
sh,12.08942,10.9012,10.50427,13.29113,14.10807,13.94537,11.80446,13.49346,11.99624,13.31382,13.80879,13.69987,13.97788,14.99735,14.89033,14.47567,14.88243,13.8852,12.66387,14.51786,14.06501,12.91514,12.56974,13.03158,14.44735,14.40671,14.45957,14.31487,13.85417,11.69309,14.03106,14.85638,13.92746,13.43779,11.28644,11.70045,13.40183,12.62669,11.97847,12.26518,13.59445,14.44405,13.90145,12.1203,11.89892,13.33191,12.29029,13.07054,13.54881,10.54112,10.77572,12.01599,13.67847,13.67554,13.77925,13.34155,14.59228,13.67942,15.70422,16.23039,14.57551,12.3546,14.28431,12.68615,14.49352,14.28717,13.33098,14.24044,15.27047,16.29128,15.45366,15.09738,15.63082,13.24167,14.61916,15.95582,15.82686,15.0769,13.68277,15.70053,15.6931,15.68543,17.18573,17.8036,17.78185,18.61782,17.35518,15.75549,16.85719,16.03959,14.44295,12.22011,14.65586,14.1672,14.57683,15.32081,13.64316,15.33695,16.27872,14.36462,15.35711,15.42716,16.6572,16.42988,15.90446,14.92322,14.92505,16.11367,14.38277,18.56538,14.62993,18.29915,16.65041,17.75268,17.03829,16.94227,15.51298,16.97796,17.93445,18.06945,17.61769,16.37804,16.74938,16.1058,13.5141,15.72698,16.75658,15.87689,17.10977,15.30571,18.40509,17.44385,17.52969,15.89599,17.95455,17.24263,16.00281,15.39186,15.9895,15.95742,17.89141,18.36956,16.83619,15.70102,17.40392,16.68605,16.29791,15.81917,14.70182,15.25184,15.80906,15.84953,16.36114,15.32977,15.32763,15.51664,14.22006,14.11839,14.35559,13.28076,16.18129,17.31899,15.99038,14.43126,16.09601,17.49958,17.62815,14.29367,14.41531,15.79774,15.45357,15.16711,16.04112,15.41472,14.02394,14.90609,16.53287,15.45568,13.29161,12.9144,14.77365,14.64484,15.0592,15.27141,14.42905,14.38626,14.13337,14.1595,12.00607,13.35975,14.77731,15.76337,15.92297,13.02262,13.6744,14.18245,13.32182,11.18367,14.74497,16.20132,15.87257,13.67654,15.03621,13.98053,14.16544,13.38233,14.12015,15.55247,14.58021,14.93389,12.13894,15.56644,15.97506,15.1112,13.92774,15.11169,15.14183,15.05648,15.32822,14.82329,11.79071,13.89799,15.20344,15.49145,14.71365,14.03786,14.47898,15.59903,15.24388,14.12948,13.80058,13.34828,13.66333,15.88116,15.7502,13.83256,14.67548,15.03134,15.81862,15.71101,16.26297,14.38372,13.36468,13.6795,14.15918,12.70841,15.38174,16.40724,15.75136,11.99876,14.59774,14.8728,14.28129,14.78989,15.59801,16.08909
iy,11.37255,12.38427,17.328,19.64774,18.16988,13.05573,15.79809,17.12655,14.27863,16.50399,16.58112,19.50978,19.10133,16.8321,15.10799,15.86898,16.66623,14.71808,14.87292,16.32907,15.6349,14.63345,14.08906,15.05136,16.05996,15.89076,13.43777,13.72933,12.30115,11.88659,11.95847,14.84648,12.49047,12.11174,10.73045,12.71206,12.25559,12.3384,8.10739,12.07496,11.66044,10.31933,11.31711,11.82344,13.62529,9.39783,9.63945,11.34234,8.37162,11.03768,11.02441,13.03163,12.40295,9.33238,11.26306,14.39772,15.39079,14.409,12.96719,13.39656,16.08473,15.9301,15.47711,15.15086,15.57348,16.68906,15.40273,15.99475,16.69343,17.53716,15.42961,15.20646,17.46507,17.54255,16.82168,17.3406,18.34449,17.99482,17.33297,16.08596,15.33155,15.19711,13.43625,13.58224,13.52684,13.15294,13.71293,14.52375,14.24215,13.21069,12.82991,10.5421,12.50453,13.54831,14.09842,13.40542,12.82926,13.59486,13.85303,13.55527,12.06493,13.28544,13.00306,13.48467,12.77492,14.2126,14.71125,14.65034,9.97697,13.6067,14.78837,12.97901,13.61774,13.17289,15.46747,15.60479,16.03484,16.79938,16.49369,16.06454,14.65855,14.30266,14.0983,10.95942,8.93919,11.54222,12.99419,13.8365,13.60843,13.1277,14.55777,14.95678,14.29699,14.09694,13.95961,14.87539,14.49579,14.73658,15.21031,14.66986,12.87645,13.46965,13.09456,11.00822,14.18136,13.19332,9.86963,12.08836,12.38091,11.7309,12.90395,13.0112,11.08377,10.60428,11.08655,11.37584,11.78584,11.24416,9.98365,10.68005,11.19589,10.04038,8.79919,11.27359,8.58813,9.66493,11.56478,11.84248,11.13472,10.44953,9.74219,11.29146,10.37898,9.89216,10.86365,11.02374,9.76795,11.61386,13.20267,12.42942,9.55961,11.83312,13.03554,11.83052,10.28859,11.35666,11.89931,12.02504,10.81987,10.65606,8.45523,7.7364,9.49882,9.83181,8.03728,10.58604,11.25299,7.90304,8.81949,10.37595,11.30537,11.48555,10.89241,12.4094,12.33657,10.71444,7.50967,10.07453,10.14359,7.92661,9.97486,7.83017,7.95554,8.23061,8.91386,8.98304,8.28386,7.53134,8.81995,6.87079,9.77109,10.74906,10.17122,9.0605,9.99247,10.20298,9.92086,9.65303,9.85389,10.83869,11.40022,9.36154,10.50144,8.18072,9.78565,9.80308,9.63186,8.92686,9.11483,10.08555,10.76347,8.71978,8.98771,8.33573,7.9688,8.32559,9.03414,7.44132,8.99186,10.07669,7.98926,8.45434,7.96072,7.02243,5.39769,7.24851
iy,10.73185,13.84149,18.20821,18.12912,14.53688,19.12786,21.00701,19.66863,15.08707,19.49186,19.76391,16.08783,16.61287,17.9951,16.67443,13.88304,15.67402,15.39439,13.63405,14.90281,15.19817,13.39207,14.07071,14.9248,14.46268,12.80398,13.40349,13.05098,13.57614,12.21014,13.50821,13.5084,12.532,12.4822,12.06872,12.31688,11.53157,11.57255,12.22089,10.98261,11.80207,10.15324,8.87896,12.98068,11.89398,11.40349,11.21503,13.52603,12.98215,12.22779,13.41961,12.88251,12.37347,11.76135,13.99461,13.71664,13.31704,13.59973,14.13134,13.05128,11.5235,15.32994,15.36953,14.29327,16.29268,16.91621,16.55524,14.32029,17.63935,17.61976,17.24752,16.59886,16.95007,16.22583,14.49512,16.21903,15.80075,15.27829,15.4919,16.30801,15.96809,13.10294,16.6213,16.6738,14.7222,16.62145,17.14443,16.29795,13.65399,15.45607,14.91863,13.11692,14.07709,15.49971,15.24125,10.43362,14.81698,15.28494,14.21416,14.11443,15.85964,15.69271,13.19827,15.69069,16.01213,15.15194,15.01953,16.73322,16.25342,13.04916,15.88762,16.04706,14.23755,9.57578,14.46221,13.61721,12.46464,13.42222,14.98435,12.12384,10.60886,13.91073,13.60709,10.19671,11.95559,13.80588,11.53345,11.77755,11.62591,11.95201,9.51842,10.74428,11.76053,10.95156,10.81312,12.08444,10.82643,4.95379,9.99263,10.73208,10.03459,10.92124,11.9478,11.49597,11.5134,12.06099,11.83312,10.26519,11.53361,13.10799,12.96608,12.06185,11.1137,10.49164,10.72705,10.911,11.5258,12.03975,11.85478,11.15779,11.81863,10.72224,12.08288,12.42452,11.76838,11.3627,12.98906,13.6817,12.49598,12.96721,13.82055,13.526,11.02996,12.59038,13.47673,11.60052,10.99012,12.02299,10.76706,10.91784,11.28115,11.52093,10.04817,10.52572,9.80728,10.65125,10.02956,11.51666,11.6819,11.63386,10.29914,10.5212,11.73077,9.04704,12.14951,11.86899,11.15091,11.27993,11.26347,10.86955,9.29747,11.92635,10.66577,9.78287,10.79728,11.15956,10.40965,9.43185,10.11921,7.28854,8.74818,9.2957,9.33523,10.94311,10.305,7.73392,10.03267,9.75853,4.9929,7.82725,7.27748,9.94021,6.23956,7.50798,9.57897,9.29908,9.1466,10.31873,7.71431,7.46752,8.45956,7.57602,9.46649,10.0764,8.48217,7.01811,8.40584,9.98658,7.60977,8.00411,10.36304,10.45007,10.31627,8.98382,9.47476,10.12531,8.81901,10.11879,10.85299,10.23528,8.17911,10.36022,10.92091,9.84593,10.17316,10.21799
dcl,10.77339,12.13645,13.72465,11.73633,13.92269,15.76293,14.38159,12.42084,14.19081,12.85376,10.95579,12.51379,11.24447,9.76359,10.47429,9.41614,6.67936,7.19084,7.00538,7.71264,9.6134,8.44548,7.1393,7.93694,6.82475,7.56099,7.39336,3.05826,6.4481,7.00091,5.27685,6.84054,7.87593,6.07454,7.17553,7.03036,4.83919,6.38499,6.6835,4.80573,6.8243,8.14126,8.14363,5.15892,4.31178,6.0774,5.79044,5.48695,5.66465,6.15042,6.1922,6.50638,3.25113,5.37927,5.97096,5.81666,6.05278,6.7021,4.53016,6.04167,7.42069,6.91879,5.28944,5.05399,5.84492,5.26633,5.00599,4.79345,4.97319,5.8714,6.78343,6.05699,4.92299,6.3931,6.96532,6.95008,7.07535,7.97338,7.8473,7.90372,7.29094,5.79805,6.43776,4.1157,3.96656,4.61583,6.26277,1.77663,5.17014,5.5,5.5358,4.73002,5.11259,5.76667,7.40921,7.18087,6.45685,5.7042,4.60938,5.81695,6.61844,6.77277,6.20971,5.39683,6.34962,6.13665,5.56866,6.55753,5.64071,3.38447,6.64733,6.2737,4.9597,3.72028,4.40266,4.61868,5.77037,6.3137,5.17726,6.77785,5.27487,6.2399,4.38338,1.30384,3.33847,4.65067,0.74607,6.13375,5.40666,5.00769,5.37328,4.29015,2.59695,5.30147,6.5047,5.4381,6.38633,5.79583,3.63978,3.52154,5.44413,4.08978,6.15213,6.68813,6.1275,5.40287,4.08297,6.18716,5.30399,4.69352,3.50503,4.24837,5.38198,7.24336,5.30784,5.31804,5.84976,4.85375,6.71332,7.43591,5.4798,5.7252,5.18346,6.00768,4.74606,6.51033,6.73779,6.36438,6.40353,4.5822,6.59699,2.24102,5.1178,3.32728,5.15461,4.99517,6.59863,5.94079,5.37536,6.43655,5.98641,4.90661,5.07168,3.13088,5.18628,5.8793,4.42367,4.56786,5.04073,6.84396,6.87584,4.40208,4.32511,4.70797,6.33207,5.87914,6.46453,5.80101,7.0248,6.55674,6.4318,5.76489,5.20285,6.27446,4.49543,6.18773,6.11489,6.44523,6.5042,5.81995,4.7346,4.69533,4.36029,1.34695,4.81667,3.71036,5.63324,5.02553,5.9985,4.78224,5.91893,5.69247,5.30766,5.91173,6.21547,4.81309,6.61284,6.45488,6.545,4.95405,5.72882,5.30814,6.00797,4.99734,3.41889,5.21609,6.64987,6.62935,6.99731,6.05502,6.64127,6.50145,6.22424,4.28551,2.19307,4.39751,4.02745,6.02115,6.09282,5.51742,3.97676,3.90595,4.3656,4.98197,5.93956,4.74807
aa,10.47977,10.11628,16.5533,17.75647,15.77612,13.56998,19.07182,20.02721,17.36746,15.69386,20.06939,20.78524,17.3875,17.95926,21.89003,22.25991,19.50884,20.817,24.78073,24.83572,21.4338,18.11202,20.96557,20.3094,16.80089,19.67045,22.52625,21.92778,17.33757,22.13852,24.19587,23.07813,18.80604,19.65578,21.41475,19.82954,13.17994,18.00223,19.41387,17.87686,14.09624,16.94674,17.51046,16.15204,13.71781,16.80067,17.21801,14.92423,13.05034,14.32016,15.94031,12.26556,12.7133,15.14344,15.38221,12.82998,11.55244,15.45802,15.03466,13.39432,12.46185,14.78345,13.35308,12.01949,14.11768,15.95771,15.34771,12.19085,13.07166,14.67999,15.2703,10.80414,15.24023,16.63552,14.59393,10.64841,14.06115,16.01297,14.79939,11.43524,14.31768,14.16019,13.65059,11.97677,14.20493,14.72756,12.8654,12.75052,12.37102,14.4962,11.15421,12.11772,13.9509,14.45924,12.24906,10.11904,14.24682,14.18391,12.93216,13.25388,14.67054,14.32168,11.01404,12.44457,14.34862,14.80903,11.0313,12.32763,14.29055,14.18977,11.54239,12.19565,14.74409,13.18283,10.04595,12.42705,13.49621,13.27938,9.96693,13.16018,12.95216,12.43978,11.90968,11.58808,13.03837,11.47093,12.08151,11.42239,12.80908,8.72481,9.45638,12.06283,12.72347,11.90671,11.64784,11.49324,11.60681,11.77745,12.37827,13.0456,12.48341,11.98086,7.79908,11.88366,13.31609,11.00956,10.70123,12.17194,10.42487,7.83332,9.92191,13.09818,12.24738,10.92667,10.73823,11.9929,12.06857,12.00696,11.99226,11.84933,9.85647,12.36818,10.32379,13.1582,11.11343,12.50904,12.40355,12.9133,11.80537,11.48069,12.94433,13.00299,11.80068,13.23235,13.01689,13.56427,9.31499,13.16719,12.40391,13.0675,10.12381,9.39887,12.47108,11.36312,11.95849,12.46598,12.79316,11.00174,10.50688,11.78857,11.59754,11.48273,10.39964,10.49242,9.90705,10.93287,10.97385,9.99713,11.62577,9.70216,10.03116,6.46311,11.34361,9.13161,8.93584,10.10241,9.85405,9.71421,9.17378,10.61309,8.35382,9.59616,9.97734,9.9541,8.97286,9.30505,10.30078,8.90464,10.26032,9.71955,9.69335,9.47778,10.03219,10.01409,9.36525,9.86763,9.4279,9.62227,9.90681,9.94119,9.97866,8.93816,9.90647,9.5306,9.62352,10.08553,9.48903,9.72447,8.92249,10.21817,8.83611,10.39452,9.68777,9.22493,10.12768,8.94702,10.37804,9.21896,9.65911,9.31085,9.57205,10.18468,9.84348,10.23387,7.9102,10.4999
aa,10.56853,9.20263,16.72749,17.56101,15.01804,14.56395,18.68974,18.86636,15.04858,16.50496,19.31231,18.67457,14.42031,19.09119,21.03323,19.86215,17.689,21.67564,22.42527,20.46548,19.54689,22.23003,22.219,19.37978,18.37731,20.2891,19.87164,15.91163,18.94472,20.63018,19.87879,17.03964,19.9508,20.6635,19.37416,19.70692,21.12727,20.92223,19.24365,16.92088,17.00792,17.17268,12.93979,15.98503,16.47912,16.36932,13.19984,14.69867,15.331,14.36937,14.04777,14.19321,14.8249,13.20298,13.39409,13.54125,14.20491,13.12876,13.32545,13.80041,14.2944,12.3592,13.45847,14.6157,14.19992,13.91944,15.2278,16.46586,15.02836,16.4811,16.79224,16.01992,13.50984,14.6429,15.58816,15.36734,11.36868,13.87177,14.16218,13.23862,12.13118,13.0604,13.39927,10.67921,12.7604,13.32935,13.7026,11.92856,13.13003,13.46024,12.79757,12.76514,14.03924,14.16167,12.31113,11.76514,13.33112,13.3116,11.37119,9.1164,10.75034,11.36269,10.67956,10.41601,10.89326,10.94762,10.33354,11.75721,12.05517,11.98623,11.44323,12.65012,12.50881,11.59198,13.12704,14.13065,14.24916,13.71541,15.11028,15.57922,14.23257,13.37951,16.33625,16.01148,14.43553,11.62566,14.60614,13.77497,11.81919,12.40596,13.72431,12.41916,11.11311,10.50667,11.84381,10.82642,7.95116,10.76296,10.08298,9.9967,7.75209,9.62361,9.79712,8.68697,9.91615,10.33951,10.05374,9.52588,6.4523,8.55386,6.38452,7.2114,10.49867,10.89259,10.5596,9.71356,10.66102,10.47089,10.37667,9.68539,8.68516,8.39075,8.30187,9.72103,9.82263,9.51286,8.89589,9.39296,9.84301,10.12265,9.59344,9.80635,9.64666,10.06311,10.1678,10.43565,10.09892,9.91455,10.3238,10.15181,10.17169,10.15971,9.91653,9.25103,9.02702,9.26587,10.38782,10.27247,9.86318,8.93202,6.82236,9.16354,10.01214,11.1607,11.71396,11.56161,10.0879,10.01879,8.61794,9.47497,10.48925,10.97357,11.82689,11.24642,11.07499,11.12524,11.04988,10.82175,10.53522,9.21152,10.14108,10.94244,11.73841,12.35147,11.83712,9.90206,9.12661,11.59234,10.3245,11.09284,12.74966,13.01029,10.23428,10.08302,11.0695,11.42983,11.49318,11.84347,12.74377,11.1313,8.17646,9.45595,11.57384,10.56027,9.4874,11.88834,11.92035,9.88699,9.13906,10.44221,11.38778,10.516,10.55769,12.31395,10.54985,6.31954,8.65758,10.58424,10.39638,9.76654,11.26976,11.10275,10.28546,8.73967,7.49736,10.7151
iy,8.47785,9.48236,16.22743,17.63035,15.47797,13.70179,19.01621,19.80615,17.1072,16.56532,20.27467,20.25277,16.38078,12.91201,17.25597,17.54093,13.84186,13.11322,17.02487,16.1893,12.60913,13.90435,16.60644,16.078,10.75471,13.15571,15.06504,13.80581,10.33432,12.66888,14.85841,13.17882,9.63153,13.10269,13.55285,11.66374,9.109,12.61174,14.10697,11.05214,10.49954,13.34101,13.51476,10.50457,10.01878,13.97133,13.83264,10.29943,11.83676,13.87845,13.48691,6.86572,12.3864,15.09251,14.37196,11.48167,13.56943,15.75242,15.32771,12.67971,14.76297,17.60372,17.69355,15.93445,15.70698,17.47642,16.92518,11.51624,14.73175,16.80773,16.19728,13.39157,13.77459,15.68441,14.48145,10.21276,13.38677,14.24211,10.64345,9.72495,12.98683,12.99878,11.09474,10.95874,12.28849,12.24207,10.41704,10.11063,12.48709,11.98134,8.16116,9.77948,12.37054,10.31271,8.65915,11.55657,12.77884,11.15129,6.54378,11.88855,12.92517,10.82439,10.05182,13.22074,13.7275,9.93424,10.79416,14.26346,14.19072,11.72836,12.35387,15.30788,14.62113,9.93051,12.98117,14.84337,14.13311,11.62755,13.49274,15.17101,13.40291,5.47919,12.85907,14.19832,12.58642,10.07202,12.16586,13.64455,11.31244,5.76232,13.22939,13.79057,11.66822,10.12172,12.5163,12.84976,11.43206,8.43723,11.68472,11.98053,8.73298,9.57972,11.47932,11.70346,11.19428,8.85252,12.08865,11.19624,8.93979,10.15012,9.80926,10.47213,7.10149,7.6662,9.87291,8.10307,8.15887,7.32924,9.67479,7.65686,7.59148,8.16402,4.73952,5.63656,6.45651,6.46416,7.73882,7.01671,6.38863,6.68768,6.61227,7.00123,3.154,8.04168,6.36791,7.62434,6.36159,6.77582,7.49939,6.73551,6.46586,8.30031,7.03689,6.75752,7.84587,5.94653,7.3623,5.00597,8.36856,7.16467,8.48947,4.71095,6.19017,7.37245,7.008,7.6159,3.11384,7.46063,5.12119,5.3054,8.08636,6.0577,7.43764,7.18851,6.05753,7.40408,7.47194,6.75528,7.93342,8.06845,7.39448,7.21061,9.19053,8.85866,8.84291,9.05057,9.48817,9.11048,8.01985,11.31338,11.55672,9.93193,9.7524,10.37183,11.34293,9.88457,7.65204,10.87318,10.52743,8.16488,8.36587,9.68205,10.22721,9.81891,8.84662,10.66027,10.63984,9.60955,7.79462,10.23089,10.72033,7.48528,6.82109,10.80037,9.95278,8.90169,10.88318,11.83901,9.93717,6.35934,11.40881,11.50805,10.53501,8.85867,11.84211,12.08121
aa,9.38127,13.9723,16.7977,16.22523,13.12187,17.68077,18.09194,14.84587,16.2992,17.69553,15.791,15.78399,18.43141,17.59552,14.9614,18.71569,18.90724,15.37497,19.44816,20.78417,18.68492,18.70564,21.24904,20.32319,16.85354,19.61299,19.67648,16.34821,17.81814,18.97886,16.36452,17.44055,19.6682,18.54008,15.30504,19.59048,20.14512,17.82773,18.09326,19.75942,18.29581,15.63401,17.72624,16.52179,13.96589,16.19604,15.72861,12.46468,14.84688,15.2198,11.99616,13.28504,14.24863,12.74402,11.46688,13.83732,13.34598,10.72512,13.26865,13.57083,10.47364,11.93813,13.4117,12.01265,11.16199,13.0017,12.48616,10.56933,12.58048,12.92096,10.57218,11.14488,12.25606,10.3786,11.18046,12.91497,11.9676,11.40776,13.74366,13.61607,12.1951,14.81404,15.2666,13.12418,13.67703,15.22071,13.6258,12.30292,14.11663,13.85495,11.36295,13.52917,14.176,12.19653,12.94292,13.8651,12.63153,10.28977,11.20901,10.91293,8.80715,10.69831,11.52825,9.81583,11.31767,12.34032,10.48566,11.48938,13.16183,12.77345,12.21108,13.98983,14.2959,12.5362,13.47575,14.56572,12.84244,11.82859,13.13908,12.47818,10.33658,11.93135,12.27762,10.40436,10.96544,11.89933,10.49152,10.03948,11.21155,10.3891,8.65693,9.78857,9.857,7.57155,8.82436,9.59593,8.01033,9.46261,10.00842,9.41291,8.58892,7.82202,8.04021,7.27489,8.49255,8.85481,6.80961,6.28924,8.8609,6.19026,8.84073,8.31082,9.28426,8.0695,8.97861,8.54398,5.61626,7.51247,9.38041,7.95438,9.41711,9.35533,8.08203,8.60317,8.69027,10.21094,4.86371,3.71733,9.58572,5.3991,5.97725,8.79676,8.53948,5.62473,6.77812,6.07505,6.14013,5.90145,6.89118,4.15183,7.45218,7.81445,3.03116,5.52955,7.8345,7.61981,6.21694,6.94134,6.7463,6.39131,7.24743,7.15851,7.2824,3.79119,6.85511,7.31465,5.87608,6.49157,7.39217,7.35098,7.66471,8.63217,8.4925,6.61884,6.23212,7.04512,6.87227,5.50996,7.55368,6.34111,6.83307,4.92951,5.18369,6.47938,6.16476,7.51111,6.90322,3.78789,6.02224,5.89636,7.64594,8.79723,7.80888,5.46994,8.08668,8.91226,8.62361,9.11599,10.38622,10.02244,9.95293,9.14514,7.94834,7.93436,7.91374,7.43465,6.87264,6.19231,6.81669,9.01202,9.45104,8.04876,6.79998,7.689,9.60872,8.4289,8.83398,8.00058,10.13316,8.66579,8.05204,8.90294,9.56404,8.38061,9.06209,9.71004
aa,11.95697,12.22143,16.74155,19.12654,18.09355,12.70018,17.48496,20.88954,20.50043,15.80006,17.28794,20.68971,21.00291,16.69228,16.30744,22.72868,23.92373,21.25368,20.21471,23.20128,24.98035,23.65005,17.8053,19.67564,21.68624,19.99758,19.29023,20.4219,23.20738,23.18921,17.32165,20.60595,23.08013,24.20955,22.61625,17.67247,20.12265,20.96944,19.7632,18.18004,18.59913,19.50577,18.82485,15.84442,16.81425,18.44466,17.25102,15.03569,14.73064,18.02609,17.48311,14.71076,15.89285,16.84628,17.54415,13.20133,13.61226,16.75916,17.1791,15.16993,15.53363,17.6412,18.63228,16.36013,17.28919,19.12577,20.09623,17.58512,17.19441,16.46528,17.45425,16.97232,15.24399,14.94828,16.39305,16.12289,13.09443,14.23096,14.3276,16.04278,12.78555,13.61513,15.39851,15.86287,14.76267,14.01203,14.76888,15.57212,14.09281,13.88054,13.29818,15.57743,14.32855,13.06158,15.06393,15.46458,15.8506,14.22086,14.40226,16.25044,16.62904,13.75968,16.36744,16.95052,18.0253,15.72167,16.47331,16.88323,17.56581,17.07521,15.46627,16.20027,17.31487,16.43187,15.50633,16.57312,16.43248,16.66448,12.2533,14.91489,15.10892,14.06783,12.29692,13.91345,13.01478,13.72029,10.67279,12.06661,11.65596,12.37618,10.21205,12.12002,12.76373,11.17409,10.22481,12.70711,11.14517,9.88814,11.21342,11.56057,12.10956,10.69431,10.21969,12.21642,11.07607,9.04016,12.07543,12.17596,10.4115,11.15706,11.17326,10.18952,10.99344,10.89644,10.60202,10.87963,11.0591,10.54657,11.00559,10.30944,11.15253,10.67916,10.82256,10.53185,10.87808,10.87949,10.62202,10.78298,10.77728,10.6399,10.90438,10.26113,10.89354,10.78334,10.55148,10.71016,10.78431,10.3254,10.93486,10.64588,10.57999,10.75324,10.49691,10.63443,10.69991,10.45563,10.82292,10.44333,10.73554,10.42331,10.66934,10.61321,10.34836,10.64603,10.62305,10.63338,10.64558,10.71695,10.08212,10.77954,9.87301,10.96038,10.97013,10.72558,10.84566,10.94353,10.2362,10.71765,10.69066,10.86533,10.27647,11.3128,10.33194,11.57895,11.05248,8.30114,11.68848,7.94009,11.42867,12.24887,10.52774,12.60334,9.79983,11.8701,13.63424,11.6948,13.28553,8.63675,11.92633,12.69378,11.45151,10.15196,13.57396,12.58223,12.63848,10.39905,9.52216,12.29296,8.34954,11.23286,11.88901,7.88189,11.61577,9.92157,10.8931,12.07384,11.06948,11.26015,10.33402,10.94004,9.49487,11.62995,10.10223,10.89858,10.76465,8.57261
dcl,9.39182,8.49482,13.26338,15.59079,14.24437,9.71278,14.15826,16.84498,16.27325,13.41621,11.7084,15.1447,14.05734,8.67822,12.7327,13.38123,11.62105,8.47631,10.91054,9.05507,11.09694,11.39706,4.76066,11.78388,11.53129,10.37253,7.02518,10.7823,10.33655,8.24199,8.76514,10.28208,8.93213,8.80871,9.65178,10.97921,10.17854,6.93152,7.91834,8.53572,4.70025,6.84443,8.38307,9.80439,9.70714,9.14925,8.81828,10.02177,9.79433,7.36501,8.38189,8.00908,10.23236,9.88804,8.43167,8.26033,11.31301,11.31219,10.27178,8.44815,9.56367,9.36622,7.61984,9.92005,10.23768,8.76524,8.89228,7.36926,7.77116,9.35866,9.21683,8.40209,8.19403,9.92443,9.59691,9.81882,9.69488,10.27716,9.29126,9.52885,10.29337,11.02523,12.11592,8.01786,10.95479,8.78249,10.05194,7.00142,8.4083,9.79541,7.86891,7.38589,9.55496,7.8919,8.56501,8.27654,9.11045,7.48828,8.1332,7.56086,7.74548,7.99538,9.51986,9.51737,10.25335,8.87348,9.34947,9.46651,9.65529,9.221,8.04391,8.6799,8.7769,8.8094,6.44124,6.45391,7.75399,8.35122,5.32174,7.3702,7.99486,7.34002,8.73914,7.3937,7.93058,6.48756,6.97007,9.03304,8.33301,8.51229,6.64903,7.80945,8.42653,8.94421,8.14128,6.89767,8.18756,8.16377,7.79885,6.0726,6.02814,6.95218,3.86162,8.0278,5.79122,4.50953,4.27948,6.87142,5.75827,7.98169,6.07428,5.23764,6.92353,6.72433,7.26484,6.03334,4.99544,6.9669,4.12626,7.15775,6.60028,7.74795,6.51577,6.17755,4.82889,6.20993,4.90613,4.13747,5.27594,4.70614,6.92748,4.82127,2.93369,4.97675,6.35591,3.82659,6.64578,5.59506,3.98117,6.93801,6.23761,5.45067,6.98506,8.34763,8.01212,4.88897,4.73826,5.461,7.19529,6.68967,5.58569,4.32985,3.89192,4.58597,5.28671,5.41981,3.27051,3.78582,5.38262,5.86287,5.62337,6.56644,4.76481,4.06219,6.31653,0.90299,2.45766,6.17061,4.77953,6.91411,5.96168,5.71524,5.1811,4.8902,6.32091,6.96753,5.87987,6.79511,6.90822,6.20883,4.54338,4.33711,4.9157,6.02148,5.25526,4.57276,5.64078,6.10661,4.94064,6.8356,5.7598,6.28823,7.51059,7.21543,5.75118,5.93625,5.56814,5.83778,5.30869,4.6615,5.54458,4.09892,5.96293,5.99847,7.20127,4.69837,4.86678,5.07316,6.39378,6.27901,7.17978,5.90132,5.26404,2.9099,3.70676,3.47172
iy,12.54931,12.05804,17.82299,17.70174,15.03182,18.46736,20.49561,19.42043,15.60784,21.24185,21.80136,19.34196,17.20013,19.16232,17.51621,14.96293,16.85589,17.28862,14.80029,15.1659,17.11558,15.74159,13.39352,14.93284,15.55189,13.85276,14.34733,15.96003,14.80317,13.52366,14.02586,14.43474,13.41269,13.66825,15.22718,14.00913,13.39412,14.50214,14.69874,14.12036,13.98832,14.78806,13.71647,14.32527,14.57978,14.79151,14.97187,14.43447,15.55866,15.25866,15.74096,15.43231,15.66247,16.66196,16.06171,17.67729,18.49924,18.62663,17.92137,19.93034,20.1375,19.18635,18.03321,17.90034,17.95206,16.34366,17.99661,18.41371,17.21271,16.47245,17.8401,18.22849,17.09041,19.04237,19.67304,18.70063,18.35827,19.59065,19.62416,16.93371,18.06022,18.60935,17.74462,16.36473,17.81266,18.29448,15.95676,17.13288,18.11264,17.38496,15.57786,18.05233,18.51333,15.57012,18.27982,19.40835,19.12745,15.27231,19.66081,20.21106,18.63519,17.15122,18.3463,17.98114,14.48259,17.35603,18.11548,16.35141,15.67399,17.19824,16.99722,12.32838,16.57908,17.51195,16.4653,14.42662,16.43251,16.64728,14.219,14.81736,15.80552,15.19157,13.61693,13.62425,14.04248,11.89807,13.89707,15.37441,14.68932,13.3544,14.21543,14.69142,13.68,12.18329,14.95683,14.09188,10.71801,12.77642,12.87177,11.22017,7.88799,12.35618,11.98452,8.61535,11.88297,12.38735,10.57713,9.39499,8.56703,8.2687,7.62916,10.40997,11.06989,9.28542,9.40062,9.74749,9.53479,7.50701,10.37767,10.41583,7.62113,7.35376,9.56424,10.2623,8.64699,10.86164,10.7283,9.55958,7.67774,8.76557,7.5822,6.07167,7.87232,7.4846,6.53788,1.98937,6.34609,7.66598,6.69289,7.24037,6.87707,6.86712,4.05923,5.57855,8.61092,9.59218,8.07261,7.01727,9.2244,9.53422,9.12354,10.37032,11.43311,9.86615,10.21071,11.65428,11.92989,8.59683,10.47083,11.77078,10.13439,9.50865,8.94747,7.24376,7.45774,8.76025,10.37125,7.32289,9.29438,7.49351,6.45764,7.97329,8.91433,8.74457,7.39785,7.98429,8.14763,7.75946,8.77733,8.85599,10.06947,8.595,9.41958,8.16234,8.06944,5.5344,7.08776,4.48675,7.52619,7.0013,7.88312,5.50007,7.22856,6.75825,2.97502,6.00295,5.90977,7.46975,7.44144,4.32808,3.34905,4.9543,7.43274,7.97062,8.15286,7.23837,5.06178,6.95461,8.03142,7.1901,6.17858,5.38428,7.9154,7.15753,7.75807,8.48658
aa,10.24627,14.22387,18.2173,18.29844,14.18457,18.67573,20.57968,18.89585,16.21473,20.19555,20.56988,16.05618,21.01731,23.48595,22.48929,19.45946,22.87137,23.73435,21.25645,18.85159,21.11997,20.11674,17.01693,19.63731,20.3416,17.20331,18.47528,20.59099,19.79403,16.81816,19.43766,20.47288,17.75513,19.85772,22.12172,21.54372,19.33191,22.73833,23.07853,20.22385,17.90457,19.57765,19.59968,16.24865,16.82023,18.55899,16.78329,16.07119,18.12431,18.01225,14.42637,16.1003,17.57178,16.22112,15.25329,17.57677,17.73409,14.86821,16.91298,18.39385,16.8328,17.14077,19.45103,19.68237,18.03841,18.8722,20.72901,19.66635,17.28091,17.70268,18.27493,16.01447,15.98189,17.62912,17.05399,14.90085,16.56944,17.23538,15.3633,15.597,17.30269,17.01649,15.38353,17.14906,18.19944,16.92709,16.93148,18.91959,19.07261,17.85515,18.26552,19.71799,18.41147,16.68903,16.56518,16.35991,15.52945,16.30802,17.52381,15.90168,15.75467,16.5854,16.65756,15.19918,16.17299,17.70477,16.78917,16.29192,16.74738,17.50665,16.16907,15.28878,15.85529,15.32381,13.66036,14.09462,14.32319,13.37865,12.68284,13.37461,12.55983,11.76464,12.59505,14.1261,13.8385,13.02981,13.30212,13.0228,12.82373,11.79885,12.93813,11.68688,11.88084,11.44305,11.56239,10.95012,10.02309,9.91412,9.37384,10.27644,9.7735,10.50975,7.64932,9.28416,9.52638,8.42847,9.56112,8.63457,9.41045,7.47577,9.55116,9.05873,9.0163,8.7742,8.58142,8.79045,7.43442,9.23922,9.36467,8.11985,7.03748,8.57939,8.03061,6.89703,4.42613,8.02255,7.47982,6.71284,6.01361,7.21553,6.20591,6.79913,6.93765,7.62208,5.89157,3.42986,7.07068,6.80465,7.43652,7.58236,5.53961,6.95982,7.69799,6.32426,8.28999,5.42174,8.43798,7.95611,8.20583,7.68317,8.79104,7.70107,5.23243,8.40621,7.52922,6.38389,7.06891,8.0765,5.82394,7.96264,6.83045,7.82844,6.8261,6.09917,6.64952,4.84924,6.7001,7.7124,2.76547,7.86708,8.07384,7.06193,5.32607,8.1518,6.61909,7.68069,3.10317,8.51347,7.13642,7.26378,6.99197,3.3178,6.44899,7.16907,6.69819,5.36289,6.6373,5.12521,7.23259,6.35718,7.28971,7.40338,7.7044,4.84458,7.58855,7.9721,7.04117,8.40366,6.46443,6.88604,6.65917,8.82951,7.76002,7.50327,8.15477,8.70003,5.89743,6.65913,9.67005,8.56667,7.12574,8.83066,10.99859,8.87253,10.61576,10.16192
iy,10.69156,14.42205,17.69437,17.63612,12.96872,18.78551,20.28342,18.4123,16.47349,20.26056,20.24224,16.78878,18.93561,20.287,18.28579,15.29582,18.2573,17.86495,14.1491,16.61826,17.68036,15.17189,14.71024,17.65614,17.12642,12.43854,15.61898,16.60641,14.22321,13.17511,15.60883,14.61732,10.84057,14.51418,15.235,12.15838,12.83941,15.0905,13.97334,11.73098,14.61655,15.14947,12.06337,13.54574,15.13075,13.59354,12.21056,15.29073,15.25495,12.3742,14.41354,15.96764,14.36978,13.71301,16.09477,15.98514,14.09674,16.02483,17.37302,15.71147,15.97489,18.32288,18.35177,16.7315,18.26591,19.64124,18.12586,16.72246,17.55126,16.86274,15.34945,16.74681,17.9736,15.73088,15.07554,17.24942,16.81749,15.10607,16.8464,17.94379,15.75451,16.05884,18.24023,17.88182,16.7324,18.4633,19.34947,18.12869,17.36715,19.49775,19.03073,17.87755,18.43657,18.91915,17.26781,17.41532,18.46658,17.48037,16.83287,18.088,18.37869,17.09869,17.72844,18.83877,17.99044,17.81908,19.02792,19.58824,18.54436,18.24324,19.53165,18.36613,17.76735,17.86587,18.02553,15.85554,16.6232,17.88925,16.20752,16.08519,16.78997,16.72872,15.41595,15.89949,17.29633,15.60105,15.42252,17.02494,16.88575,15.98251,16.1745,17.65587,16.23956,16.03384,17.88706,17.99309,17.0568,16.85944,18.36472,17.3084,16.89239,18.00123,17.89828,16.40427,16.73802,17.37495,15.67031,15.83724,16.32459,15.52113,14.85291,15.53433,15.25043,14.75098,14.85678,15.93511,15.3661,15.28212,16.21971,16.62469,15.52792,15.14535,14.5188,13.76023,12.82537,13.07034,12.60643,8.18832,10.42504,12.01133,12.29409,12.45049,12.2268,12.27987,10.30957,10.32104,10.20827,8.14171,9.83232,9.4052,9.61291,5.95232,8.70195,9.10522,8.90959,8.83868,8.98398,8.29846,5.43051,7.87973,6.92851,6.56944,5.47878,5.64546,2.32988,5.17919,6.19272,7.67643,0.77854,3.2218,3.49817,7.69,6.18268,1.48602,5.08432,7.49576,6.01463,3.3082,6.94693,8.30812,7.2319,8.68251,8.98777,9.84413,9.85994,9.80101,11.3751,11.21352,11.63556,10.99476,10.99917,10.44917,9.3785,10.89514,10.31712,9.91292,9.83901,10.46079,9.8276,9.607,10.76008,10.86955,10.74586,10.81118,10.97439,11.13411,11.26955,11.6505,11.71927,11.94232,11.53813,10.89558,9.49493,9.10567,10.25555,11.05958,11.13427,11.98907,12.38717,12.76461,12.49226,11.36726,8.86599,8.98794,9.8495,10.9033
dcl,10.19859,9.76558,14.56295,14.73742,10.22425,15.86517,17.92918,16.65634,12.04193,12.09928,12.33778,9.62806,10.89936,12.68432,11.29918,7.93273,11.01626,11.52816,7.9039,9.55692,11.68047,10.84596,8.54388,10.20708,10.53164,8.79279,9.38556,10.84896,10.27409,8.46291,8.58386,9.18766,7.69823,5.40581,6.25083,7.04392,4.73691,5.68993,7.5424,6.66638,5.47094,6.29217,6.5371,7.44682,7.07165,3.31444,5.68237,6.9463,6.33666,6.57533,6.46623,6.83876,8.06131,7.53177,6.9611,8.13004,8.25039,7.30798,9.11219,9.74872,9.46215,9.59931,10.6357,9.43656,8.02471,10.10047,10.04054,8.55504,8.72964,9.52583,9.27906,7.477,9.70272,9.36015,8.18946,9.16106,9.39371,8.37394,7.00362,9.40457,8.90754,7.27755,8.81287,8.40598,6.43424,8.19376,9.5115,9.03335,9.39296,10.54162,11.2308,9.46911,8.12693,10.47622,10.70381,9.47452,8.87246,8.42457,8.90485,8.32697,7.96295,7.61648,7.56686,6.86622,8.29602,9.07029,8.62474,8.72635,9.18152,9.29819,3.5098,8.98361,9.77107,9.03041,9.28691,10.38066,10.24259,8.85135,11.13583,11.29755,8.73092,12.50969,12.18993,10.85256,11.30715,11.60567,10.79304,10.68443,11.95685,11.67862,11.14351,11.88288,11.92334,11.24345,11.59186,12.1032,11.81001,11.85871,12.19014,12.19054,12.03793,12.26115,12.55504,12.44394,12.52916,12.7862,12.45278,12.16781,12.42624,12.42777,12.25884,12.22316,12.25439,12.05425,11.73705,11.70709,11.63493,11.53806,11.58675,11.36404,11.33053,11.39477,11.37475,11.24642,11.0852,10.98786,10.79718,10.60331,10.69867,10.65828,10.53433,10.35368,10.13604,10.12261,10.02011,10.01827,9.81866,9.7363,9.67485,9.67305,9.44048,9.52807,9.64713,10.03278,10.03744,9.85961,9.61243,9.41792,9.81708,9.65811,9.31626,9.76008,9.60249,8.97657,8.76974,9.15803,8.84025,8.4418,8.63596,9.01704,9.46491,9.22354,8.69855,9.20352,9.28224,9.10238,9.69995,9.83978,9.76762,10.13853,9.97297,9.75056,10.06105,10.37337,10.34501,10.35403,10.42937,10.49714,10.75391,10.66996,10.57168,10.87953,10.91534,10.79711,10.85697,10.77243,10.67233,10.72481,10.73808,10.46169,10.44877,10.64111,10.80308,10.75105,10.69228,10.77393,10.53964,10.37481,10.08948,10.22898,10.25586,10.34452,10.30947,10.11462,10.15057,10.37035,10.46108,10.61294,10.62699,10.52364,10.27282,10.4615,10.70345,10.44398,10.45394,10.76724
iy,8.88031,10.04531,17.67171,18.90259,16.61765,16.24047,20.98966,21.68882,18.91985,19.44691,22.26232,21.98287,18.24524,16.07721,19.40391,19.45125,15.81034,16.37936,18.46974,18.00507,14.14086,14.65446,16.90819,16.15243,11.44723,16.18971,17.85574,16.65298,13.57027,15.38295,16.49353,14.93085,13.36112,15.85839,16.67047,15.03295,14.3083,15.94454,16.3379,14.54284,14.40587,16.11604,16.18633,14.05005,15.64207,17.02797,16.95685,14.41604,16.17897,17.27244,16.94226,11.8563,17.79523,18.70806,18.24136,14.75285,19.4206,20.24385,19.48929,18.04947,21.29371,22.06139,21.27279,17.29238,20.68193,20.5696,19.6178,17.99639,20.76571,20.89674,19.68543,18.2936,19.72526,19.8416,19.05725,18.42546,17.7192,17.52857,16.32455,17.3116,17.18732,17.21538,15.96211,16.88832,16.25451,16.50161,15.09508,16.56064,16.18013,16.0822,15.70209,16.57548,16.46369,16.31106,16.05409,16.70258,16.56157,15.6928,16.89972,17.12869,17.26964,15.34931,18.15027,18.09109,18.36212,15.69504,19.53906,19.61655,19.30506,18.02613,18.91866,18.48953,17.7659,16.13541,18.28526,17.48774,16.96576,16.21995,17.59158,16.8235,16.65411,16.52196,17.50791,16.75317,16.02559,17.01054,17.54395,17.04413,15.73691,17.8563,18.01922,17.32094,14.9873,18.15494,18.09716,17.29802,12.33782,17.71224,17.12748,15.71243,12.72246,15.78746,15.45675,14.94052,15.48871,17.03839,16.93785,15.49015,16.32293,17.18897,16.71839,14.93539,14.89951,16.01603,16.11216,14.66113,14.92489,15.49486,14.29395,11.36083,11.6521,11.2201,9.43248,8.74167,5.97307,8.04587,7.49196,6.56199,10.8082,11.05089,9.09849,9.75587,12.21224,12.07089,9.6226,10.90358,11.82568,11.31025,8.61681,8.26585,9.44081,9.41559,5.82964,5.12105,5.61272,6.77775,8.42864,7.67105,7.8983,6.20077,6.59716,7.51164,8.77959,6.10826,5.81967,6.86383,8.07353,8.01346,6.09056,6.99163,7.39754,7.9751,7.14173,8.85847,8.09724,7.92027,8.30882,9.8289,8.11285,9.45971,9.65407,10.79788,7.75437,11.54704,11.4337,12.23825,11.29824,11.56978,11.70345,12.47903,10.81682,10.96951,11.36226,12.29197,10.58764,10.18015,11.82742,12.32624,9.14981,10.77473,11.8249,11.9363,10.826,11.76406,13.23248,12.95586,11.688,12.79663,13.60192,12.6789,12.43615,12.8827,13.73995,13.26628,10.75293,11.79456,13.26109,12.43337,9.89315,11.62758,11.70849,11.48089,11.15994,10.4504,11.28231,11.91436
sh,12.40626,10.0285,12.63404,13.5162,11.30304,13.20988,14.2556,14.26477,13.35019,14.36968,13.64183,14.58054,16.40158,16.18011,15.52821,14.60731,14.74737,14.78237,15.71288,14.5062,13.32134,10.68714,13.64405,15.3173,13.07897,15.45727,14.49029,14.63793,13.98841,15.3316,15.38966,15.78836,15.0787,12.53754,14.47322,8.5767,10.60754,15.1646,16.62581,15.53944,11.74193,13.71771,15.42481,15.86118,15.90837,13.99034,11.69747,16.05813,16.36611,14.59271,16.5634,17.66808,17.61269,17.95777,18.0921,16.66053,18.02997,18.15262,18.56486,17.43136,14.83236,14.45941,17.16133,18.45445,16.60527,18.09034,18.97807,19.40956,18.20905,17.75593,17.30488,17.64109,17.65392,17.2035,18.63007,18.17357,19.19362,17.81722,17.24449,17.60912,17.45375,16.36777,17.13767,16.25151,13.30815,16.09484,16.64583,17.7995,17.62195,17.26631,17.2231,17.89925,17.67766,15.01792,16.21759,16.89946,17.60191,17.41212,17.34554,16.61015,16.21529,16.96629,16.04272,16.1943,17.36614,15.68857,14.21163,16.83088,17.22925,16.06236,12.51123,15.04346,11.35848,13.74648,14.23725,15.17913,16.50846,16.00867,14.33842,10.20352,13.93166,15.42635,14.8377,13.32063,14.95567,16.29272,16.91546,15.85754,12.84471,15.29819,15.76131,15.1008,14.36489,13.86736,15.61669,16.52814,16.81159,15.54888,13.28095,14.74702,12.57215,15.854,15.82303,14.89748,15.19233,13.72129,14.773,15.74423,14.70134,15.04082,13.15218,12.61943,15.26807,14.78297,14.32599,14.37186,12.06577,14.45847,13.98598,10.05585,14.82137,14.40293,13.00742,13.94091,12.90107,12.22667,13.48025,14.28003,14.57698,15.10735,14.03815,13.4056,12.12114,12.61731,14.02184,14.35919,12.08803,13.60729,13.77958,15.42974,14.70745,9.63337,15.03035,15.45877,14.7256,15.67873,13.2576,13.70375,13.05728,15.44682,15.19867,13.87634,14.43242,15.391,15.04171,13.331,12.2119,11.87211,14.28665,13.39222,15.04909,14.19876,13.01474,12.00517,12.48411,13.187,13.04542,14.61675,14.27192,7.17897,10.66449,13.93155,13.63976,14.22342,13.16716,13.37523,13.55139,14.22506,15.58346,13.70869,14.65877,13.03909,13.63345,14.7626,14.35409,14.01082,12.94632,14.11984,14.90765,14.46312,14.61374,15.62479,15.25617,13.34795,15.62965,15.58915,14.93096,15.48933,15.60237,11.8094,13.84021,14.29397,13.44601,13.0989,13.92686,15.04717,13.96677,13.90621,14.66442,14.70517,12.81905,13.69837,12.98006,14.61742,14.73741,14.57081
sh,8.73057,10.46471,9.13934,12.53744,11.47005,12.39238,12.60046,12.51844,10.75708,13.42843,15.06863,13.56752,14.53684,13.21076,13.26026,13.31468,13.49346,12.99486,12.30285,13.26934,12.57993,14.38466,14.42183,14.5812,14.24376,13.33592,13.26234,13.3301,10.92337,13.45302,13.94856,14.35815,12.64554,10.93299,12.395,13.55284,13.03434,11.30303,13.14413,15.48245,14.93083,14.73229,14.19937,15.81966,13.91591,13.86984,14.55045,14.84508,14.90382,12.67087,15.14642,13.69721,12.99427,14.11455,15.88749,14.62315,16.42159,15.36648,16.25624,16.48496,17.47287,16.80579,16.55404,16.71158,16.68411,17.57619,17.13713,12.35946,14.45626,15.78773,17.32005,15.64189,14.37065,13.47094,16.64561,16.17749,14.43199,15.86934,15.40252,15.69399,18.01531,18.23469,17.41413,16.74958,16.94461,16.50856,16.74826,14.15158,16.0215,12.90814,14.3305,15.24866,14.84876,16.27459,17.01185,16.471,16.13284,16.31048,15.90414,14.69652,15.38598,15.44503,17.07024,16.69209,13.84984,15.77724,15.89482,14.1287,15.18399,15.96224,13.0234,14.70677,14.63697,16.17871,13.67462,15.87897,16.01942,14.3819,14.33928,14.81476,12.57703,15.22803,12.66456,16.10394,16.5259,16.5581,15.29497,15.31971,15.36065,15.2951,15.10477,14.76907,15.39542,14.51902,14.15151,14.63242,13.80247,14.64931,16.50505,16.90729,15.22136,14.42906,14.96222,14.6978,13.31152,13.26893,13.53551,14.46071,14.5005,15.34156,15.0799,14.8063,13.75983,14.73349,14.08967,13.38389,15.57154,15.48888,11.80106,13.44028,15.2658,15.15643,14.2082,13.97515,15.61295,15.32236,13.46195,14.36156,12.78774,14.36806,16.73432,16.88308,16.15788,15.20941,12.09116,15.14231,14.56224,15.33975,14.90378,13.57786,12.93875,15.09471,15.40321,15.27137,16.25426,15.80095,15.9225,14.8283,15.54819,15.39946,14.73131,16.94879,17.47959,16.07643,13.62376,12.22918,14.39381,16.10764,14.31184,14.15149,16.25885,16.30764,16.46238,15.94111,14.12709,12.36972,15.42371,15.96268,16.24384,15.62652,14.87254,12.78489,14.7507,15.63215,16.22751,16.26958,16.17606,15.00363,14.8563,15.40492,15.4307,13.48397,14.92823,14.97746,15.09136,12.9075,14.70172,14.04029,13.94217,12.79397,13.54236,14.11706,13.3913,13.13705,13.84303,14.72462,14.36273,13.93378,15.00485,15.48841,15.71573,16.03357,14.25728,12.91849,15.17789,15.46779,15.73085,17.07363,15.2189,14.25492,14.52297,13.27981,13.82572,14.51917,16.14491,16.66174
aa,15.48564,15.55237,16.02181,18.36442,19.79991,16.04339,15.21872,17.88613,21.38206,21.12159,17.06827,15.85826,18.88827,21.57873,20.05152,16.93512,18.93423,22.396,23.44119,21.43185,17.23881,21.2895,24.54374,24.70736,22.10401,18.27354,22.62528,24.60126,23.88714,20.54018,20.13484,22.98522,24.24793,22.82415,19.90879,21.36127,23.93691,24.71163,23.03202,19.57561,20.84953,22.65329,22.76757,21.04853,18.30191,18.75042,20.27454,19.96139,17.45388,17.10659,18.83557,19.44476,18.88614,15.06589,16.46422,18.12875,18.78436,17.23101,15.79763,17.38726,18.21856,18.47374,16.23235,15.61977,16.91451,18.24828,17.66866,14.27898,17.26101,17.81932,18.55856,17.91374,16.14016,17.69696,19.08905,19.29856,17.832,19.08452,19.94438,20.67797,20.62376,18.82478,19.29125,19.51734,19.6198,18.89903,16.14009,18.10159,18.27263,18.32225,17.88113,16.88677,17.22779,18.16455,18.21198,16.44244,17.98879,17.73117,18.2241,18.62547,16.06369,18.29473,18.59232,19.11997,19.11927,18.65918,19.73135,19.90168,20.72569,20.10949,20.35159,20.80771,20.54604,20.89959,18.62804,19.9724,19.3627,19.71722,19.88657,16.44295,19.4437,18.74869,19.36113,18.96265,17.65357,18.49558,17.54661,18.04635,16.7051,16.76637,16.00694,15.90704,15.82915,14.29409,15.65769,14.48394,15.55402,15.51121,13.77668,14.9274,14.17323,14.5857,13.38679,14.18056,13.80855,13.07592,13.85172,12.4835,12.20255,11.87185,11.34371,12.02094,13.07004,14.14678,13.61108,14.06342,13.15182,11.42587,12.27012,10.15263,11.91664,10.11527,9.00569,11.50087,8.81414,10.60022,8.93941,11.01504,9.08586,10.34993,9.49,8.83676,10.58039,9.76879,8.59289,10.03732,10.61734,3.71354,11.37292,10.22844,9.91285,11.20664,10.44117,11.35539,11.15162,10.81334,9.01457,11.14607,8.55267,10.68178,10.60285,9.44034,11.63276,10.33322,10.29105,8.37983,10.4463,10.30794,10.41183,8.48927,10.77574,9.89185,11.52708,10.42374,10.21188,12.77859,11.98825,12.90928,10.31066,11.81001,13.71993,12.95058,13.38794,11.77691,13.06791,14.22463,13.48331,13.19503,11.71423,13.82392,14.31989,13.80155,12.49083,12.04857,13.51337,12.64296,12.61842,11.47031,12.28112,13.35708,12.24472,12.44169,10.71294,12.60079,12.79617,10.9775,10.03767,10.53231,12.46176,11.46652,11.51875,9.8597,11.01205,12.35016,11.15012,8.74787,9.68454,12.2762,12.3058,12.21376,10.59551,11.2102,12.61702,12.29543,11.36703,8.68416
dcl,10.25928,9.86875,12.58684,12.30571,9.37528,14.38285,15.31119,12.49444,10.13076,11.18215,9.71305,5.09379,12.00128,12.1766,9.10532,9.62602,10.87933,8.99474,7.91662,9.40292,9.48732,8.2607,7.40717,8.59921,6.88941,5.91597,6.8177,5.56592,5.58467,7.12465,6.676,3.88856,6.52898,4.54942,2.52515,5.67472,7.48222,7.30261,6.98604,6.34825,5.02927,5.34525,6.20753,7.53816,6.95794,5.76229,6.66857,6.61881,6.81506,4.36454,7.48397,6.01896,6.64819,7.29914,7.30095,7.20242,6.87474,5.63188,2.86654,3.07406,6.53432,6.7395,6.76233,6.01972,5.60127,5.90604,7.1508,7.96847,6.32127,6.96109,6.94826,7.37394,6.70158,7.24352,8.16636,7.51612,7.45951,6.52341,4.37502,5.1136,6.90565,7.23201,6.82117,6.93842,4.98894,5.35312,6.159,6.1168,4.37547,5.12482,7.17722,6.44162,7.29084,5.66996,5.24258,3.51752,5.46532,5.67834,6.45282,6.68577,5.75618,5.5954,2.99782,0.42564,5.28709,3.85388,4.91568,5.71639,6.77987,7.2138,6.75533,3.99377,5.61846,5.99768,4.99587,6.10919,5.29179,6.1607,6.276,5.3584,5.65996,5.41454,5.10594,2.73585,3.82904,6.18951,6.00284,5.59316,2.89179,4.91215,5.63059,5.53999,5.82068,6.18907,6.86661,5.89151,4.08058,3.31402,5.29789,4.23421,4.12751,3.64858,5.59029,2.33002,5.46177,5.8167,3.34905,4.56252,4.65144,6.58587,5.83099,6.32687,6.25025,4.2202,5.27684,5.14912,4.6435,3.41327,3.13876,5.20889,6.01146,4.84255,5.72802,7.12599,6.51398,2.09744,6.45629,6.97371,7.23029,6.39619,6.01536,5.74886,5.67034,5.34884,3.96501,5.9814,5.82432,5.59778,5.00978,6.21334,5.45807,4.77141,4.21612,3.44425,6.12647,6.2385,5.44183,6.26013,6.30543,5.02641,5.30242,6.74152,6.55941,5.58028,5.44815,2.60748,3.76351,5.4868,3.68298,5.37763,5.40445,3.53304,5.65076,5.21216,5.50799,5.46193,4.20781,4.87609,3.88341,5.13835,6.01266,6.11942,5.85836,5.17848,6.9215,6.23516,5.80399,6.91509,6.21374,5.33797,1.09134,1.19395,4.32926,2.62483,4.18236,5.72432,6.31021,5.99866,5.77471,5.83907,5.71394,4.42425,4.34528,5.64081,6.7476,5.60047,5.81981,6.31037,4.89757,2.77274,5.58944,6.81761,5.25903,4.77512,4.89735,5.95931,5.69971,4.34091,5.38961,5.55979,4.26419,5.43457,5.5955,7.20068,6.61055,4.88429
dcl,10.7698,7.84262,12.27251,15.2257,14.42027,10.27704,13.35821,15.88282,15.69294,10.85703,11.97774,14.23253,14.509,11.72857,9.5307,11.66303,12.19344,10.38083,9.57724,12.82235,14.28107,13.20648,9.70729,10.03361,9.14521,8.10217,6.93172,6.76681,7.40072,5.09557,7.09452,5.84632,7.62554,8.71114,5.96301,6.6768,6.6142,8.79635,6.21426,5.13068,6.16838,7.89737,6.25088,6.34056,8.67831,8.43235,6.75472,4.53188,7.42665,10.18913,8.33606,7.1221,6.50859,10.4037,10.32842,7.53547,5.03189,8.41925,7.97521,8.14917,5.6506,8.14246,8.03346,8.30214,8.09893,6.74292,9.00772,8.90343,6.74229,7.71579,8.88528,8.55823,6.07778,7.86729,7.19518,4.88083,5.55156,6.7594,7.26707,7.40806,6.09596,5.96049,8.79175,8.99914,7.97098,5.24929,6.35927,7.8683,6.75174,7.02072,6.25172,5.71921,6.85603,6.19078,6.13933,5.1469,4.97288,6.56295,4.912,4.61382,4.57365,6.28376,5.79771,5.61793,3.64672,5.94879,6.63963,4.91257,6.4818,6.42477,5.69553,4.5462,6.29359,6.26393,5.73944,6.46626,5.51951,4.73978,5.57809,7.52767,7.14204,7.25462,3.69015,4.67087,6.47269,5.33032,3.74729,6.2807,6.80284,6.47461,5.96882,6.5003,5.5266,6.60864,4.84533,3.882,6.28322,5.13096,1.65499,4.34535,5.11015,4.45917,4.89507,2.95476,5.91568,6.95999,6.58184,4.89818,3.7151,5.79907,4.76517,5.15554,5.37375,4.70322,4.7079,6.415,4.97412,4.44987,5.29702,5.17569,6.88915,6.44375,6.14863,3.43164,3.94575,1.93841,4.72225,6.10296,5.87973,4.32313,6.0121,2.45888,5.26224,4.48432,3.13274,5.97582,4.35545,4.09477,6.35213,6.64897,5.2978,5.76669,2.14399,3.31905,2.89869,3.53006,5.10538,6.52472,6.01358,6.0028,5.68418,2.76945,4.94898,6.24452,6.24013,5.7831,4.5985,6.78407,5.88709,4.33751,6.11672,4.64756,5.59114,4.92561,4.50828,5.42503,5.00879,2.27548,3.79557,5.84141,3.2733,4.77445,4.70671,5.8596,6.12055,5.54922,3.74832,4.87008,2.36261,5.6394,5.97514,7.02079,5.43878,5.3396,2.98429,5.2409,6.16972,4.21036,6.24399,5.74385,5.26674,5.40416,6.31759,6.54816,4.52762,4.36931,4.65049,3.99633,6.27363,5.38765,5.12271,4.97692,6.75231,5.7808,5.87275,7.49546,7.49479,6.59709,5.59205,2.27326,5.87443,7.09537,5.3228,4.18419,5.47075,1.07457
sh,10.0344,9.9177,11.34276,10.92376,8.90693,7.49287,10.68944,11.30723,10.83281,11.44834,10.60695,13.36958,13.42354,13.23986,13.35751,11.05169,12.15431,12.72793,11.52224,9.65326,13.2166,13.14085,12.19367,12.7455,13.09426,12.43987,9.68013,10.92349,12.06492,8.83634,11.50965,12.70449,12.92443,11.9864,11.04829,11.4711,11.8161,13.21442,11.33127,11.35383,10.81657,12.10258,12.45569,12.89177,14.09812,13.48472,14.52371,14.64684,14.82486,14.24598,12.9665,14.43475,14.26517,13.28285,13.57215,15.13167,16.14937,15.8575,15.5317,13.83079,14.87621,16.47421,15.98528,15.42364,15.39498,14.63395,14.07007,14.16123,14.24164,13.6381,16.36765,17.49802,17.64812,15.9519,14.22477,15.8562,16.86016,15.84751,13.81522,16.3849,16.57287,13.67351,12.207,12.42813,15.3901,15.69971,14.35439,13.71493,15.15691,11.5491,13.07968,15.36427,15.24121,15.82656,15.0269,18.17967,19.59238,18.13257,17.01023,13.74519,16.38246,15.72917,16.56289,17.56321,16.38104,16.06342,16.7001,16.68489,17.52035,17.98184,16.78114,16.84758,16.6854,14.27802,13.11014,15.7758,17.07201,16.76077,14.56067,14.09744,15.02769,14.67686,14.98835,14.03245,14.40862,15.62706,14.9776,13.74719,14.35995,12.86387,11.54412,12.6128,13.30064,13.90918,14.00462,12.68597,15.10666,15.39194,15.14383,14.12301,10.62304,9.46661,12.61455,14.54415,14.96715,12.99862,12.48006,13.49133,14.34433,14.9725,14.32351,13.78106,10.4592,12.60142,11.71288,13.00727,14.1869,14.55358,14.30484,12.22798,13.41282,13.07204,14.35335,14.59018,13.5259,11.29323,9.9242,6.68892,8.45384,12.69828,14.31693,13.44381,12.4454,13.8496,13.25476,12.0321,12.06014,13.22129,13.25223,11.93609,10.13731,12.41453,13.21643,10.88284,11.99937,13.71558,12.97211,14.17105,13.94171,11.98133,13.04036,14.17948,11.7057,14.55175,13.84882,13.27699,14.26696,11.72827,9.26821,11.89817,12.53537,14.05793,11.07895,13.87245,14.48699,12.37962,11.51014,13.31987,13.00303,12.207,12.95267,14.1119,13.30995,11.25012,12.40479,13.38399,13.01568,14.23388,13.83472,14.39636,14.87232,13.96246,11.46435,12.57845,14.06804,14.54185,14.10704,14.88747,15.52993,14.23948,12.55625,13.60618,14.33793,13.25867,11.29162,11.57121,12.36667,13.04264,13.51205,12.65736,13.79362,14.50234,13.42281,11.48635,12.36691,12.97121,13.50346,12.70464,11.3052,13.64759,13.51142,13.76324,14.0095,13.81882,14.14895,13.83015
dcl,11.33651,10.86424,14.10636,14.05952,9.68049,14.30167,15.46604,13.67733,11.37797,14.18527,13.86672,9.93588,10.57703,11.00199,8.95805,8.35196,9.97729,8.71602,5.35116,7.0348,8.05749,7.35573,9.01646,9.43405,8.59752,8.26476,9.99329,9.55281,7.05326,6.03178,6.5936,5.21133,4.71918,6.06074,6.72843,4.09505,6.27474,3.65133,4.63992,4.31228,6.50459,7.04992,6.98321,7.38508,7.31031,5.35027,5.06213,5.22224,5.78608,5.66133,8.50398,7.23608,8.54085,10.09616,8.67618,6.60244,7.45829,4.11151,5.43416,5.15983,7.26017,5.95548,5.62222,4.92107,6.56574,7.00912,6.49377,8.47562,8.11691,8.77789,7.42764,9.82745,8.72187,6.14944,9.77273,8.84064,6.82332,6.71415,6.98867,7.0044,6.91258,6.59117,6.29141,5.58749,6.4907,7.05788,6.79613,5.25835,5.12332,5.95293,4.25732,6.49877,5.90762,5.25668,5.40729,4.50602,5.73746,4.97044,4.50878,4.14487,6.00355,4.53588,5.34338,6.3345,5.11782,5.5789,6.17397,5.4752,6.5996,6.86811,5.16823,6.82381,6.86895,6.11976,5.11825,3.94454,5.31676,4.70328,6.43338,6.07506,5.19095,5.61767,5.71204,5.25338,2.33841,5.41601,5.63114,5.50474,3.98573,5.93558,5.27651,5.4929,4.25646,3.81399,3.12818,5.65519,6.75166,5.31683,5.46548,6.86842,4.856,5.14632,4.19243,3.27149,5.40609,5.89624,6.18853,2.48773,3.39631,5.30875,5.08072,4.81687,4.75198,5.97613,6.7188,5.97494,3.68969,6.41494,6.0145,6.81044,5.62753,3.83061,5.22835,5.20268,3.98036,3.72382,5.87717,5.88422,5.98472,5.19159,5.71047,6.07055,5.77546,0.31234,5.23398,5.10347,5.39394,5.97022,6.07025,5.7264,6.06808,6.25005,4.6918,4.00259,6.1859,5.74921,1.92859,3.98365,5.55227,5.57249,5.96676,5.76553,6.07702,4.49002,4.44312,4.49685,5.1801,5.21562,5.5129,6.80327,5.62128,5.98082,6.33875,5.5608,5.50778,1.1778,6.59044,5.30889,5.64877,5.11394,5.476,4.72526,5.88513,5.29635,6.10418,2.46095,5.97328,4.19964,3.39527,3.85035,4.57256,6.67763,7.10476,6.23841,4.01676,5.08459,6.10118,6.23337,5.69395,7.09482,5.15498,4.05147,6.07666,6.39167,4.50381,5.45051,6.05318,4.37145,4.75176,5.6137,5.39313,4.81329,3.54109,5.89126,5.09477,4.84618,5.83539,5.51199,6.03027,6.80486,5.73654,5.88862,5.61715,6.39894,3.68513,3.21445
aa,10.02434,13.66074,15.56364,13.71226,15.32943,16.89031,14.94527,14.57961,16.17712,14.53359,15.00959,16.42864,14.37581,15.83951,17.21961,15.94942,17.5103,18.80083,16.46472,19.28058,20.42632,17.2096,19.7971,20.05731,18.31318,17.14443,18.30865,15.79507,17.1964,16.92854,14.97894,16.65037,17.30922,14.82616,18.06785,17.53415,14.18141,18.24066,18.86268,17.48855,18.32441,18.43926,17.07257,16.48174,15.44007,15.2302,15.64247,14.09822,12.87796,14.72756,12.9733,12.55732,14.46723,13.00595,13.26047,15.10323,13.72386,12.97593,14.10566,12.68703,13.87099,15.81391,14.24998,14.05489,15.14361,12.07362,15.95772,17.30645,14.76798,14.67298,14.35219,11.35743,13.18679,14.71432,12.56411,12.51254,12.94566,11.25579,11.74641,12.97732,11.11271,12.24587,13.02189,11.7273,11.45457,12.15069,10.5551,12.28657,13.35415,11.96844,12.59243,12.29171,11.09768,12.70633,13.37192,11.9796,13.67508,13.21932,11.63579,12.7454,12.58586,11.85778,13.88342,13.5481,11.97908,12.73156,10.37936,11.85051,14.43368,14.54619,10.7707,13.45784,12.70523,9.75137,11.20319,11.05418,9.42207,11.72956,11.1215,9.84826,7.50837,7.60489,9.31738,10.0643,10.26989,8.55896,6.94785,6.84292,8.88188,9.40879,9.78842,6.1457,9.69141,6.74398,9.56494,10.91682,10.71924,10.80623,11.51315,11.52229,9.9067,10.20756,9.01715,10.51026,9.98859,9.36139,8.59378,9.36205,8.02089,8.19204,8.69897,6.83376,5.88131,6.46832,7.65873,5.89372,6.28521,5.81256,5.79912,6.44949,6.65629,6.9975,7.26249,6.67541,3.27999,6.82375,6.69641,4.86415,3.75166,6.1007,7.59746,6.85781,5.99525,5.92763,6.39864,7.39931,6.71441,7.11876,7.40761,7.5522,7.03249,5.15184,6.44171,7.58105,6.35068,5.61411,5.67534,2.40435,5.40071,5.89552,4.36781,2.92547,4.31842,4.80258,5.58635,6.79035,5.31225,3.88579,6.97212,8.33462,6.69361,4.78016,0.84665,6.52683,7.66536,6.8126,4.66503,6.95343,6.56078,4.61207,6.44526,6.30677,5.91725,5.21679,5.93095,3.26779,6.73387,5.71595,5.74464,4.39638,6.84059,6.49555,4.99986,6.42793,7.31818,6.79071,5.26097,6.84594,7.29125,5.25845,7.46128,7.51198,7.84185,7.2074,5.97798,7.76501,5.83515,5.95283,6.42578,7.28695,4.12296,6.21919,5.85088,0.82759,4.36928,6.27127,6.21319,3.35424,6.97915,6.52946,1.12514,6.02666,6.21601,6.26897,6.5153,6.6119
aa,8.25383,13.62838,15.75922,14.36646,14.52487,16.8648,15.62387,13.87292,16.23945,15.38673,14.32501,16.94655,16.45044,14.92273,17.89793,17.6631,16.31566,19.69612,19.72891,18.18625,20.89403,21.15492,18.61363,19.03362,19.79637,15.94871,18.57378,19.21093,16.53288,18.27691,19.39192,17.23881,19.61423,20.60813,19.1822,17.07409,17.53379,15.69679,15.5456,16.20503,14.56951,13.25559,14.84846,13.40579,12.9247,14.08922,13.19119,11.01275,13.00557,13.02698,11.9533,13.25462,13.11692,10.51044,12.64997,12.93212,10.34366,13.28338,13.24017,8.55331,13.26482,13.4812,11.30845,13.49948,13.93178,11.47873,14.39707,14.90716,13.26896,15.3702,15.52945,14.14098,14.68313,14.59801,12.51241,13.25969,13.70516,11.96488,12.15123,12.97048,11.37306,12.09333,12.92036,12.14232,11.78201,12.93388,12.17835,10.99379,12.63318,11.32542,11.28734,12.72317,11.63786,11.36151,12.94611,12.2582,11.80001,13.4195,13.28591,11.95122,14.01937,13.83483,12.25408,14.37157,14.10036,11.91558,14.17362,14.0004,11.68168,14.09628,14.00639,11.99933,13.46369,13.08034,10.84607,11.57676,11.64907,9.62611,10.42741,10.87952,8.49731,9.25397,10.12873,7.56167,9.12656,9.36486,6.19246,8.49457,8.44203,8.41344,7.75809,8.62477,8.26997,6.68692,7.77399,6.31709,6.71088,7.37897,7.72941,3.67147,7.84131,8.06802,6.56824,6.88653,7.1369,7.73447,8.31221,9.6842,9.04513,9.00503,9.53282,8.13891,8.79048,8.85373,7.01329,7.34227,5.53815,5.15594,7.67306,6.61481,7.06648,6.49555,6.85388,6.59216,6.27103,3.12541,6.12542,7.3042,7.22991,7.59575,6.4577,7.57278,7.53828,6.50037,5.93422,6.7143,6.24066,6.73701,6.77085,6.19268,5.37395,5.24476,6.73386,7.04036,4.01493,5.81132,4.85415,5.20712,6.51198,5.69498,4.6265,6.25326,1.65907,3.6617,4.48948,7.4762,5.29201,4.89295,6.71326,7.77783,2.10803,7.14456,6.9422,4.86207,6.56614,7.34749,3.31918,6.78391,7.3142,6.47637,6.31525,6.3734,6.45732,7.41222,5.44715,5.9991,6.3784,6.71598,6.60568,2.73798,4.51341,7.69361,5.33003,6.84197,7.4589,7.72435,6.20591,6.66069,4.78264,7.59851,5.53793,6.44041,6.60711,4.71293,5.30072,5.16262,7.29535,5.45386,7.30409,6.93662,5.62528,6.39547,3.48098,3.62946,5.61495,5.20917,6.74839,2.90492,5.2335,7.51825,6.58109,5.30601,4.40859,5.11365,4.74229,7.22397
dcl,11.93534,13.49129,14.10432,12.90659,16.48075,16.23226,15.30218,17.28605,16.19385,12.9604,14.22223,11.88287,12.25918,12.21003,9.03722,11.86195,10.79655,10.01877,10.86564,8.10995,12.22767,12.64459,10.10134,8.39071,6.08096,7.69047,8.28258,4.96912,6.77345,7.72237,7.14454,2.9261,5.5671,7.92902,7.90282,6.18419,6.72773,5.85259,5.55153,7.72219,6.05692,7.63628,8.53139,8.57623,8.86118,10.25733,7.66744,11.78637,12.15611,10.36739,13.02903,12.70988,10.58461,8.76089,8.84624,10.78682,10.7176,9.60974,9.82893,10.32501,7.81213,9.20879,8.66554,9.34352,9.52058,8.34671,7.7992,6.82141,6.01587,7.35711,7.16146,5.41792,6.67651,6.08567,4.1637,5.69858,4.62532,5.58159,4.85613,6.76281,6.35092,8.08206,9.02451,7.01624,8.90151,9.90129,8.82381,6.10588,6.27661,7.27314,7.90637,7.03286,3.95483,5.34183,4.26947,6.89757,6.94384,7.20705,5.60286,6.90802,6.19604,3.81846,2.88726,5.90362,4.8606,6.748,6.64383,5.89592,5.7668,6.30998,6.53797,5.87215,5.04991,4.92207,6.37817,6.77714,6.53524,7.39104,6.8631,6.70078,5.88982,4.1791,6.23753,7.19208,7.13805,6.62808,2.19827,3.84958,6.1995,7.05201,5.51879,5.25723,4.13097,5.03055,6.2083,6.49859,4.93439,5.44137,5.46185,5.53836,6.28355,6.4404,2.18729,5.35837,4.12431,4.07875,4.15832,5.00585,6.17218,5.42494,2.81684,5.31816,5.01428,5.49935,6.64269,6.17885,3.12801,5.29092,4.80816,5.62509,2.70413,5.84309,4.61478,4.55931,5.67781,3.95099,4.62435,6.31007,5.77473,6.62437,4.89957,6.90438,5.98634,5.96647,6.85551,5.57948,5.446,6.32319,5.10638,5.91869,4.19938,6.77751,4.93374,7.1377,6.42836,6.36797,6.08707,6.01021,3.96435,4.96638,6.25172,2.93362,5.81852,5.60646,6.28794,5.85904,3.7128,4.35826,1.93994,4.56955,5.30546,6.3522,6.10798,5.61202,6.04613,5.52722,6.95258,6.13005,4.15658,5.03702,6.05958,6.91264,5.82817,1.4325,4.58799,6.28075,5.23958,5.51035,4.081,5.3577,2.70811,6.7868,5.59122,4.11706,5.07765,4.39626,5.65765,6.27245,6.59181,5.14082,6.21318,7.06539,6.28424,3.77861,5.45318,5.71903,3.2045,5.39007,3.58966,1.19174,4.34344,1.95744,0.42819,5.85772,5.87033,5.57678,6.40464,4.84598,6.36303,5.81377,4.20558,6.11714,4.55151,5.46016,5.13061,5.49953
ao,12.65677,16.47265,17.73081,16.3321,17.65109,19.15143,17.45552,17.57886,19.13817,16.71012,18.60973,20.20986,17.54512,19.53648,20.73586,18.43757,21.7751,22.86248,19.70912,23.21203,24.07543,21.59238,21.31557,22.22802,19.08982,21.69463,22.40176,19.45524,21.21809,21.59906,18.19023,21.86338,22.81933,20.1344,21.42229,22.4491,20.67211,19.75275,19.54463,16.00118,16.96755,17.64904,16.17885,17.06152,17.27698,14.64293,14.33829,15.29427,13.58582,16.09272,15.81333,14.50843,15.23384,15.63924,13.68922,14.7775,14.44884,13.90929,14.96493,15.37625,14.51975,15.4858,15.19156,14.418,16.4923,16.47368,15.28144,17.3249,16.99774,11.0567,14.79582,13.74114,14.45661,15.07667,14.72355,11.53121,12.75932,12.84563,12.61944,13.6889,13.1518,12.06595,13.06103,12.26557,12.46842,13.90564,12.38279,12.84539,13.68606,12.64073,13.0913,14.11523,12.38961,13.77565,14.51894,13.72963,14.43464,15.43064,13.86156,15.83257,16.54849,15.56156,14.70833,16.04333,13.76251,15.51413,16.08885,14.3441,13.43092,14.10498,11.60033,13.20995,13.25186,11.65782,10.99567,11.17509,9.96628,10.73343,10.77818,9.69262,10.94988,10.2036,10.03613,9.7173,10.66798,8.80385,9.36153,9.98535,8.48732,8.36964,8.18417,9.56869,7.2928,9.17951,6.71841,6.11169,7.55543,4.5631,5.74441,5.84757,7.23121,7.57259,7.53865,6.66998,5.90479,8.63203,7.95402,5.09883,7.11314,9.19505,8.80903,9.03448,9.31893,9.79867,5.49743,10.18094,10.48627,7.98671,10.43075,10.92906,8.49419,10.06086,11.33511,9.9292,9.01154,9.96418,8.71186,10.02496,10.58903,9.04156,8.1518,2.84013,7.74057,8.71032,9.58093,8.74602,6.9522,8.0769,7.1419,9.07227,9.92711,8.84624,5.80689,7.98618,7.58278,8.00512,10.07629,9.30112,8.55693,6.78194,6.9644,6.40902,7.12937,7.19363,5.52323,6.78693,7.86204,7.37066,6.11732,7.70574,6.7863,6.14748,6.77701,7.93344,6.43186,3.88168,7.42659,7.23135,8.23128,6.19509,6.76301,5.3542,4.60453,5.31883,7.04876,7.71962,5.30676,6.05759,5.08519,5.36207,6.93962,7.54555,7.61422,7.42637,6.38615,6.35599,4.48327,6.21186,7.50428,6.99612,3.69769,7.24695,5.83755,7.51768,7.46813,4.6613,4.53403,5.79767,7.64134,6.76952,5.86909,6.37602,5.56078,8.0685,8.12249,8.28622,4.32786,6.40454,7.67946,7.73953,8.31945,8.17903,6.3307,7.48038,7.4502,7.30259
dcl,11.35382,12.99028,14.13267,11.5558,14.47391,15.02814,13.34883,15.80084,15.67555,11.73699,13.20597,12.84194,10.30502,11.27428,9.14561,7.42018,9.12026,6.74647,10.0828,10.26085,8.2598,8.23164,8.51574,8.58358,10.53965,10.36711,8.1658,8.07931,6.37512,7.02877,7.62064,7.13298,6.417,6.87173,3.52259,5.65288,7.87962,7.02318,5.96309,5.91542,4.14427,4.42044,5.95024,6.54719,5.10416,5.96937,5.17206,3.37083,5.31206,5.66344,6.1819,5.39971,6.8479,8.44589,6.75187,7.19716,6.93045,6.17655,5.73633,5.81217,3.95422,7.51241,7.37775,5.51481,5.5298,5.14394,7.18439,7.36647,6.69591,4.98249,6.22039,4.67923,7.27471,8.33461,7.91437,5.99953,6.70271,6.88464,9.05529,9.64594,10.56708,10.47472,9.15905,8.90654,8.40337,8.25227,8.19136,6.14795,4.5551,2.5397,4.62426,6.39384,5.15702,6.34984,5.43136,7.73746,6.35171,6.11324,6.43942,6.12111,4.70889,4.18454,5.77251,3.88932,6.38755,6.44528,2.75557,4.86188,5.6531,4.46955,5.66078,3.70108,6.6235,5.86443,6.26309,5.97579,6.30841,6.09763,6.42272,0.6672,6.13215,5.57848,5.2762,7.26698,7.6861,6.83776,5.42913,6.11876,6.13046,4.74204,3.36644,5.78252,5.5921,5.88668,3.87379,2.00591,4.44303,5.67536,5.49891,4.67887,6.19452,4.69428,4.92014,6.20736,6.79564,4.79368,5.00842,3.17093,5.53146,5.34626,5.83502,6.06276,5.77288,6.2104,5.54151,3.57842,5.99707,7.2541,6.81629,6.09433,4.72742,5.13675,3.7588,1.8224,5.21185,5.08093,2.67548,4.19553,5.67405,6.11798,6.33844,6.78656,7.6226,7.53516,5.71224,4.67066,6.44577,4.77019,5.60719,3.30199,5.08324,5.75344,5.42383,5.44034,5.0621,4.88183,5.76845,6.33823,5.18931,6.45776,6.83842,5.88811,-0.69428,4.87848,4.46254,5.75111,6.20746,2.63735,6.10374,5.0229,6.22734,6.11664,6.16224,3.61481,3.02301,4.4955,3.65708,4.27583,6.58171,6.1517,4.44274,5.5471,4.6094,3.77552,3.84702,3.92922,5.26228,4.32328,3.27381,5.44898,4.6898,5.91874,6.30167,4.64117,4.80904,5.06909,4.16045,5.46436,3.16436,5.1096,3.80354,3.74324,5.66094,6.15954,6.64488,5.76982,5.47497,4.16829,6.78254,5.51483,6.56728,4.82737,6.65874,5.86951,6.11432,5.67935,6.55745,5.93093,6.10144,6.60518,4.90091,2.4841,4.4486,4.27786,5.28792,6.0022
iy,12.50312,12.41597,14.33953,19.56227,20.21241,17.27292,14.48642,18.62874,21.5685,21.39625,17.61042,15.38151,19.01595,20.77165,19.53118,13.92625,14.49036,16.77567,17.52968,15.74579,13.24081,13.48137,15.53529,14.95117,12.39727,12.21233,13.46509,14.62888,14.07766,12.42631,10.43116,12.4299,13.54817,12.40113,11.36901,11.23501,12.54499,13.19638,9.08753,10.31054,12.68048,14.01104,13.54885,11.49005,11.60329,13.72856,14.61853,13.60946,11.78317,12.49641,14.0354,14.27653,12.74616,12.69643,13.81212,15.22345,14.61424,14.14395,14.18608,15.888,16.61763,15.76824,15.97326,15.64261,16.63728,16.52743,15.24273,14.95767,14.56912,14.19513,12.45118,14.3534,13.9254,14.88712,15.79503,14.52964,15.17329,15.48694,15.5816,15.40085,13.41026,16.31255,16.18789,16.02673,16.45846,16.19381,17.78622,16.76555,16.35102,15.92698,15.67924,16.43354,15.27648,15.9359,14.83745,15.14189,15.39739,14.32516,14.40717,13.38926,14.2282,13.45016,12.02946,10.2492,12.25,11.59564,11.89616,11.78059,9.97437,12.01566,12.34632,12.52083,11.43612,10.98977,13.18042,13.15439,12.54338,10.80788,13.03893,13.41483,11.48772,11.11834,10.81074,11.78485,11.76481,11.37198,11.29572,10.66694,11.36682,8.86919,8.14928,10.00913,10.39667,10.6635,11.0644,9.83364,8.59392,8.87119,9.63456,9.78149,6.12358,10.9421,9.63986,11.32698,9.44198,10.25499,11.3084,10.1799,10.59373,10.42814,10.62827,10.10904,10.85928,10.19003,10.14763,5.88678,8.96657,8.11793,9.59134,10.63826,4.81021,10.0274,10.78394,11.24693,10.48166,10.77176,10.74484,10.96338,11.94431,9.68146,12.46912,12.4395,12.21218,9.52015,10.15252,11.86318,13.12485,12.03025,11.17849,9.42142,10.49402,12.18873,9.92964,7.78588,10.92379,10.46907,12.39654,11.01361,8.51714,11.83483,8.99224,8.83717,6.97262,9.44874,8.70891,9.85856,9.64399,8.75753,9.6999,8.58925,7.86211,8.33631,9.25544,8.21881,8.73071,7.58858,3.82715,7.58587,5.67668,5.28081,8.15974,7.319,5.60004,8.32295,7.51698,7.96266,7.67369,7.90429,9.39993,7.23335,8.07164,4.87541,8.02505,6.53259,7.89813,8.96759,7.68953,9.32019,8.38908,9.93119,11.2489,6.77322,10.83041,11.9365,12.61228,12.40467,9.00569,11.66367,11.46773,12.46689,12.19352,10.01238,12.49212,11.73517,12.1595,11.19937,11.65397,12.34018,10.63697,11.81177,11.21499,12.45626,11.66183,11.18072,11.60979,10.98301
iy,11.08051,12.13708,14.70451,18.39506,18.52529,14.71104,11.86515,19.54184,21.05113,19.48984,16.01403,19.43828,21.98378,21.42617,17.36065,13.80355,16.48661,18.44643,17.44316,13.07902,14.70289,16.74501,16.59713,13.54855,10.57721,15.12435,16.85176,15.39319,12.39595,11.44339,14.50172,15.03202,12.42448,10.90529,13.8138,15.67878,14.54327,12.17995,12.8542,14.93345,15.04572,12.86013,11.27044,14.59368,16.17175,15.1618,13.30449,13.39702,15.97467,16.25075,14.35967,14.02764,15.97232,18.09411,17.39154,16.04153,16.95469,18.12458,19.29527,18.19791,16.31639,14.60379,17.63605,17.00398,15.38026,16.31793,16.79238,17.66387,16.12364,13.86009,12.77464,15.59289,16.21052,15.07288,13.63601,13.87751,15.89149,15.13215,11.96085,7.15689,14.06198,13.66547,10.43925,12.58729,13.05058,14.30715,13.06749,9.51041,11.59074,13.25328,12.671,10.64159,12.8504,13.84242,14.12987,13.61045,12.58075,13.8474,14.34817,13.46679,13.36421,14.18946,15.25254,15.32169,14.48653,14.18113,14.65078,15.0563,14.79177,13.86622,10.78821,11.78351,12.35144,12.33158,10.01619,10.22746,10.1843,11.31241,10.98299,8.16032,7.01721,8.13942,9.20651,8.34005,9.08718,9.12508,7.21874,8.18719,7.40335,9.37548,9.3,9.18021,8.64782,7.43388,6.72049,7.76125,7.07721,7.61409,7.49885,7.91126,7.45032,6.99349,5.66495,6.43212,7.63863,7.4254,2.07638,5.27428,6.65928,6.51295,6.48883,4.37018,4.34589,7.88037,8.27195,1.71608,5.73058,5.89162,5.36336,6.60985,7.55238,8.28911,8.9041,8.363,7.33997,6.31296,7.4651,5.94459,7.68548,8.60039,9.33402,10.67101,10.17456,8.01014,6.92222,8.6251,7.84591,5.66679,4.56637,7.72254,8.82969,7.78112,5.1971,7.81675,8.51149,7.43712,5.00297,5.73529,3.9119,6.81786,5.31163,4.65913,5.14543,7.26843,7.969,7.67603,6.79374,7.79437,9.24702,8.80968,9.13555,7.915,7.13986,10.25017,9.48324,10.09269,9.93836,10.36765,10.66835,8.83514,8.93139,9.1307,9.16827,10.00304,9.16722,8.16144,9.01458,6.36957,8.73425,8.26915,9.10481,6.855,10.10804,10.13382,10.24357,11.0802,9.89672,10.41289,10.2564,6.8447,10.5077,8.76983,8.35127,7.76647,9.95302,10.43801,8.90694,10.57937,9.95874,7.76272,9.09164,9.78029,9.78961,8.52706,6.7325,9.21492,9.49151,9.55079,8.82846,8.26607,10.11103,9.7038,8.49293,6.35029,8.65865,1.28546
aa,10.62227,9.08242,16.25767,17.64545,15.62761,11.81485,17.09899,18.29746,15.76516,13.58594,18.10376,18.69579,16.14852,15.92993,19.93295,20.51864,17.60244,17.51676,21.5363,21.93127,18.99994,18.45303,21.52105,21.60766,18.17527,17.67405,19.91701,19.54218,14.78806,18.38728,20.99212,21.00373,18.66958,18.4173,20.05717,19.65299,15.83347,16.08227,17.6203,16.62299,12.43641,14.84394,16.34729,14.90999,13.08023,14.21191,15.36712,14.36472,10.39778,13.57643,14.59866,12.83571,9.75358,13.38321,13.49914,12.26105,11.66837,13.45547,13.95482,11.79861,10.30335,13.12687,13.22336,11.11659,12.24312,13.292,13.32332,11.19153,11.46079,12.98866,12.47425,10.96082,12.90307,14.70785,14.4493,11.14954,13.21773,14.20978,13.65574,10.68288,12.39172,12.81302,12.43594,8.01153,11.31023,11.82874,10.83308,7.735,10.99218,11.40467,10.86657,8.24645,9.94068,10.38723,9.3198,9.30282,9.07515,9.97197,9.72958,7.53746,8.00269,8.97772,8.83203,8.58904,8.62671,9.68942,9.33594,8.22455,1.91038,8.64637,8.00078,9.72042,9.06734,9.09792,8.11172,5.7929,4.16899,6.44296,5.91215,3.72535,6.61501,6.02087,7.86489,6.67475,6.76416,6.19242,7.57323,6.18166,7.49333,7.83459,7.81872,6.65635,6.71651,6.01061,6.90766,7.99661,7.26912,6.09585,7.8958,8.13272,7.0555,8.32102,7.08693,7.49461,9.13691,8.63717,9.3965,7.90944,9.55253,10.87624,10.54329,9.65197,10.24451,11.3078,11.5111,9.90346,8.42973,11.05304,11.59009,9.5222,8.56177,11.22416,11.90161,9.173,9.87611,11.6183,11.66591,8.50095,10.81875,11.81447,9.86799,9.87005,9.25363,10.07485,9.40813,6.84701,9.17567,8.13821,9.58223,10.0529,8.3497,9.55074,9.71657,10.60512,8.59855,9.48062,10.45862,10.41975,10.058,10.32925,10.62696,10.30634,9.67541,8.45359,9.17163,9.58622,9.65574,7.99098,7.30704,7.20933,7.1328,7.59558,7.49864,5.56424,4.7987,5.71764,6.09084,7.77133,7.48099,5.54682,4.18718,4.72222,6.37047,6.99365,7.80118,7.20009,5.00701,5.79615,6.51828,7.55495,4.90835,6.05507,6.77435,5.4943,5.07679,3.94451,5.99709,6.16423,5.55532,5.54688,6.78816,6.34835,6.32513,4.91652,6.47689,3.82216,6.09701,6.19655,4.51613,6.97208,6.08283,3.18866,5.17709,6.04669,6.9383,5.51055,6.82729,5.22102,7.26802,4.86933,5.09696,6.73885,6.82059,5.84824,4.58231,4.68802
sh,10.42101,9.12155,9.4204,9.49556,10.80919,12.43714,13.72494,13.20168,12.50885,13.65597,14.54174,13.83778,13.94204,13.51143,12.92611,11.31287,13.5086,13.16324,11.6,11.71831,12.22372,12.25767,10.01017,11.79832,10.81012,10.39521,8.26651,9.97439,12.3546,13.4086,12.76289,12.87539,11.51809,13.80802,12.55614,11.71362,12.22487,10.61838,10.02509,9.91472,9.69547,11.61551,12.34826,11.85919,12.10493,12.98512,12.63136,11.86505,12.86943,13.75304,13.52985,11.88611,14.15956,14.10335,11.64758,9.66314,11.0819,12.57293,13.24873,13.41783,12.70383,8.53943,13.55289,13.68,12.69013,11.61046,13.28423,10.60827,13.58684,13.77693,14.07587,14.62836,13.70399,15.26628,14.88135,13.52321,13.67292,14.54419,16.24649,13.39085,14.09327,17.77296,18.67298,17.79132,16.07458,15.69644,13.36715,14.02531,14.4971,12.76359,11.33639,14.02462,13.831,13.75676,15.43975,12.47862,16.62554,16.37195,17.16622,17.50193,14.71686,15.81163,17.3253,18.27858,17.36156,16.50722,16.51562,15.89312,17.85309,17.43736,13.64488,14.83447,15.50498,15.67328,15.43555,14.30295,14.73899,15.13084,16.15989,16.80351,17.69397,18.43885,17.07292,15.74771,15.36559,17.92405,18.08696,17.54683,17.04972,17.11647,16.64485,17.42007,17.17855,14.68548,16.97773,15.04023,14.55791,15.31023,15.5227,16.01517,15.89433,13.91309,14.96512,17.0071,17.55872,16.91093,14.58899,15.05956,14.09895,13.42024,13.49658,14.20811,15.45569,15.66437,14.81581,15.36027,14.0659,13.73326,13.97314,16.21557,15.38497,14.86522,13.37289,15.06293,13.15727,15.417,15.7045,13.62702,15.87305,15.61035,16.14903,15.36346,13.349,14.15445,14.93742,13.04691,15.57578,16.07759,15.19483,13.85151,15.76343,15.70365,14.43466,15.95254,16.24344,10.76638,16.47435,15.86251,11.90435,16.1915,15.90377,13.98031,12.23452,12.542,14.60806,14.93418,13.08731,12.08473,15.02791,15.20124,13.07407,14.71497,14.2075,12.84232,14.69645,15.54645,16.26961,15.80778,15.47328,14.44374,12.19421,13.14673,13.68513,14.6849,13.73057,14.76669,14.36696,13.6283,11.63904,12.49326,13.25566,12.03649,13.75387,12.92453,13.43844,13.70128,14.75603,14.28338,14.34141,14.42788,11.67731,13.758,12.9883,13.03781,14.05668,14.31133,14.47232,14.41815,14.70215,14.42072,11.1666,14.13032,13.98034,14.30469,13.86242,12.35998,12.21217,12.72189,12.67806,13.54714,12.75845,10.88681,11.45995,9.79737,11.40757,12.73526
dcl,7.62755,9.43681,13.86795,15.1394,13.31686,10.79292,16.24101,17.29177,15.0311,10.27476,13.27476,13.99096,11.37874,8.65247,12.97281,13.65404,12.09202,9.18272,10.52718,9.80614,8.46382,5.61166,10.06486,10.79631,9.12108,5.79351,10.11591,9.89065,9.07309,8.86359,9.96788,9.94612,8.00643,7.20172,6.89549,7.40951,2.78817,7.80569,7.83681,4.66192,7.3602,6.30795,4.05172,5.45044,7.27441,7.06057,5.46025,4.93061,5.6014,6.49214,7.24026,3.52389,6.60064,7.07012,7.98337,7.36074,6.67825,4.88868,7.58369,6.79465,7.7097,4.57085,6.12613,6.87846,6.32879,6.96447,6.41205,7.24184,7.89088,7.57316,7.50534,3.91038,6.49967,6.94367,7.09021,8.34585,9.67594,9.60868,7.52309,9.32267,9.13775,8.88346,9.46444,9.49941,9.44651,8.75003,6.08903,8.21206,8.35461,7.64722,6.95983,6.41464,5.48988,5.37906,7.34829,7.89473,7.64937,7.11844,7.10129,7.61985,6.69026,6.96068,6.49065,6.24597,7.59166,4.87432,9.20561,9.20266,9.03162,9.50412,10.09418,9.81682,8.73804,6.60612,8.75239,8.64775,8.47768,8.16713,7.83455,7.70668,7.78973,8.14136,7.58902,5.21105,6.70494,7.48406,7.63759,6.97799,6.18539,6.33551,6.88206,7.84592,5.90719,5.75892,7.62737,6.53575,6.32166,5.88217,5.92409,5.57165,5.00112,5.17416,5.48248,4.55089,4.76661,7.08522,8.39655,7.82724,6.93044,6.22528,4.87095,3.61245,4.87262,5.15273,7.22464,6.28648,1.4713,6.20694,5.917,6.68467,6.92814,5.2487,4.86771,4.84107,5.42893,4.89228,5.55947,3.85713,5.90653,4.92209,5.41196,5.94067,6.52487,6.88067,5.98942,6.03214,6.53758,6.43352,6.73473,5.35248,5.74664,4.72643,1.67054,6.28771,5.98862,5.02988,6.37296,4.57319,4.24275,4.60115,5.84658,5.25387,5.18279,6.26366,6.15787,4.67211,6.12525,5.34623,3.19603,5.00016,4.66587,6.04467,6.85866,6.20712,4.97037,6.18537,4.80567,3.68049,2.85487,6.17683,5.47168,5.4306,4.26594,6.31094,5.00641,3.61547,4.9387,3.25362,5.55634,6.78271,6.80398,5.94292,0.34587,3.54199,6.20959,6.53936,5.54632,4.79586,4.26389,4.78574,6.15686,4.47874,5.01144,5.22937,4.30873,3.96895,5.19847,5.5885,4.46756,0.20687,5.11323,3.96374,5.3295,4.78145,4.03015,4.47899,7.37379,6.35529,5.87789,4.79386,2.55127,5.15113,5.9866,6.67933,5.82588,5.41944
iy,8.27283,12.95277,16.79885,16.91727,14.8487,18.18764,20.29285,19.2833,16.38817,18.28577,19.13986,16.79598,15.47444,17.42099,16.33333,14.41254,14.46403,15.30524,13.48581,12.77833,15.4336,14.39001,13.49626,13.33789,14.70368,13.55023,12.95983,14.01729,12.86816,12.73249,12.46297,13.49941,11.41891,11.53022,12.69201,12.43113,12.67819,10.55553,12.75109,13.24622,12.82434,12.81576,12.94765,13.65556,13.10465,13.72909,12.94254,11.54406,12.7007,12.91285,12.85531,11.05832,12.13125,14.1536,13.78468,12.91018,15.12093,15.66644,15.29512,16.36411,16.67962,15.97738,16.2698,16.16704,11.90965,17.21469,18.12845,18.06252,17.35561,15.78697,16.89002,17.02056,14.58816,16.67271,17.73147,15.91558,16.72177,17.6271,17.36988,16.23802,15.47231,16.29733,16.35481,14.49346,14.25063,14.66536,14.37457,11.18484,14.20388,14.59982,13.16089,12.48059,13.55866,13.16463,10.77013,13.07918,13.96153,12.76853,13.39214,14.46642,13.45733,10.66877,14.32719,14.63287,11.92575,14.81092,15.46332,14.54759,12.88217,12.54895,14.18645,13.47632,11.0591,13.34186,14.00431,11.90852,12.035,13.04913,13.47794,11.11907,13.21376,13.96627,12.09454,13.60436,15.08634,14.77244,11.49003,11.82644,13.07218,10.74653,10.31974,11.44308,11.43474,8.44297,9.95963,9.8489,7.18093,6.97664,7.49822,5.37279,7.57439,9.21518,8.44744,7.83034,6.96637,7.56652,8.58164,9.78054,9.33096,8.16781,8.0291,8.70239,9.66387,8.95845,9.66688,10.03377,8.00016,8.15015,8.79732,8.70375,9.7987,9.98621,9.21404,7.09556,7.15629,8.9858,9.63888,8.12293,9.61686,9.8673,8.43736,9.14719,6.73759,6.70939,8.44828,9.6935,9.1465,9.57985,8.59843,8.47531,10.66004,10.86113,10.75167,8.03053,10.20785,7.07484,8.76452,10.22081,10.12184,8.88971,6.09651,7.22565,7.03116,9.43532,9.02381,8.68392,6.44658,4.67465,7.06217,5.31136,9.14873,7.62995,6.72463,8.30833,8.3674,5.26494,8.87158,6.71173,8.98332,9.96973,9.27523,9.25849,6.99989,9.13514,8.98666,8.91699,9.65637,8.15305,7.61585,8.456,7.82386,7.8251,9.48634,7.92147,8.41082,8.98585,8.22082,9.1363,8.0986,7.85733,8.93467,8.83517,8.36953,7.85552,5.69969,8.84642,9.79955,9.35991,9.26109,8.98181,9.207,9.83016,9.67567,9.76604,10.32462,9.51523,9.10992,10.43784,10.23767,10.68982,10.66749,10.77045,10.60419,9.43422,11.4243,11.70235
dcl,10.85241,12.12667,15.01261,14.59983,8.41761,14.96283,15.77381,14.74065,11.47997,13.26187,12.67046,9.3434,12.06485,11.1678,11.21285,9.10786,9.3618,9.59371,7.08883,10.18988,11.22416,10.419,7.64969,4.67925,8.5008,8.21162,7.91247,7.06688,8.7514,8.03941,7.20143,8.18968,7.43383,8.53279,6.66821,8.7878,4.1166,7.85473,7.22256,6.8488,7.76059,7.53137,7.65301,7.44086,4.76228,6.20516,8.4315,8.75376,8.24751,5.7879,8.55443,7.6285,7.05909,9.95425,9.31814,7.88438,7.05929,7.15932,8.10947,6.95082,7.37013,8.66985,5.3182,7.22704,8.57755,6.93345,8.70815,6.08191,8.62908,6.99137,8.76854,8.46223,7.26617,9.51487,7.9642,9.49602,5.29569,8.43787,9.99312,5.88845,10.09277,6.85917,5.07759,9.02229,8.16565,8.88683,7.78921,9.00475,8.51522,9.69682,8.54665,8.89232,9.62986,9.57872,8.97624,9.70499,9.45176,8.51393,9.4613,8.5636,9.82482,7.99754,9.10852,9.07995,8.35664,8.4684,9.19942,7.99264,8.67053,8.01859,8.12613,8.55112,8.48418,8.10853,7.8895,7.43764,8.3352,7.45179,8.37257,6.57571,7.99274,7.66187,4.49819,7.92107,7.58015,6.63039,7.75159,2.53816,6.22933,7.96657,6.03398,4.95881,5.09124,8.4162,8.0029,6.87709,8.08438,6.17991,5.2825,6.87135,7.30275,5.64729,6.21668,5.74378,4.88513,6.44148,3.49022,5.28385,5.55916,7.56576,7.23057,8.0842,6.79588,5.91255,6.13322,6.38272,5.41965,6.63538,5.22559,6.15826,5.00459,5.82085,5.97166,5.87797,5.73073,5.41663,5.13335,4.92397,5.61724,5.97199,5.15501,6.61924,5.41232,3.82005,5.20551,6.23466,6.6058,5.28377,6.54254,4.12789,5.95771,5.05141,5.45608,4.26957,4.47095,5.92598,5.21321,3.88807,5.41424,5.56618,6.43191,6.50582,6.01794,6.03558,4.63502,4.98938,6.14286,4.75877,6.8467,3.7139,5.31533,6.257,7.21327,-0.39289,5.35496,6.00868,5.55485,7.043,4.21057,4.24053,3.66433,3.91303,4.25986,5.01472,5.58417,6.69074,6.58088,6.9111,3.38498,6.09884,5.48989,6.02329,4.6438,5.46522,5.32078,4.95023,5.98134,5.73659,5.17842,5.43189,4.28141,6.2741,4.30341,4.97073,2.52323,5.7964,5.12952,5.92727,5.41006,3.91514,-1.49758,5.15498,5.1338,6.09724,6.27383,6.24794,6.678,6.92887,4.41442,5.30695,2.29667,5.70148,6.45979,3.89433,1.36627,5.96991
sh,10.32095,11.70535,12.49418,11.98556,12.1334,11.07291,11.97108,10.81977,13.15227,13.12168,11.8998,13.06072,13.84942,13.65601,8.06416,12.05378,13.25994,14.21847,14.27388,13.9478,13.12477,11.56348,14.20154,14.31304,11.99699,13.45426,13.05031,11.41386,11.46309,12.95451,12.00503,11.71047,13.72244,13.93517,13.20564,13.16977,13.02625,10.7791,10.22554,10.09234,11.29621,12.41172,12.40347,13.58428,13.49087,11.78944,10.1454,10.49212,12.80324,13.9201,12.29243,14.41389,12.90115,13.2335,14.62273,15.39308,15.07145,14.29163,14.52907,15.71007,14.79875,12.43624,13.8125,13.50414,13.33998,13.51898,14.42346,15.60251,15.82829,15.83758,15.29456,15.20014,17.29422,18.58416,18.09752,17.80462,17.64309,17.27211,20.21325,20.33893,20.03743,17.64982,18.28024,16.59041,17.43058,17.48587,16.33521,15.08212,11.57902,15.50082,16.56283,16.6188,16.71891,16.76828,16.06349,18.15937,19.05468,17.89808,18.1396,18.78892,19.26248,18.92003,18.60312,19.40516,17.53336,16.8543,18.62674,18.82244,17.11038,15.80714,16.50727,17.15203,17.42906,16.38055,12.95257,16.2613,16.48347,16.59364,15.62975,15.48855,16.34509,15.94808,14.17159,13.63161,15.27402,14.90442,16.62097,15.26197,15.96319,16.25195,15.14317,15.57028,15.47698,14.61187,15.6748,15.46726,12.32016,14.63118,15.15914,16.37242,15.91252,13.97381,15.36328,14.81137,13.05224,16.30636,15.25765,14.68223,14.35456,15.85297,15.7107,11.89792,15.0028,15.6598,14.71417,15.43348,15.01626,14.71029,13.78533,14.83793,15.37202,16.25076,16.02499,12.84923,13.24488,13.41865,11.64128,13.97643,14.24081,14.69156,14.12098,14.23303,14.51767,13.81294,14.59107,15.38603,15.29039,15.57137,14.67652,14.94506,12.08549,12.46746,14.94116,15.74506,12.90433,12.92094,14.31179,13.08963,15.32949,14.94859,13.05326,14.13991,15.45093,15.73886,15.70746,14.89612,12.69052,11.94894,10.24587,9.2157,14.98593,14.69954,13.70957,13.94193,14.44337,14.69058,13.84386,13.8416,13.00969,13.23331,13.46161,12.89903,13.78051,14.3826,12.65009,14.55636,14.66723,14.72379,14.91191,15.03821,14.95012,14.1391,12.88593,11.91428,12.51162,14.35171,14.35566,13.5141,14.50048,14.91871,13.86102,11.41491,12.27308,12.45603,13.22942,12.88749,11.43865,13.22034,13.90373,12.0585,12.9334,12.70615,13.78956,13.55167,12.81652,12.09869,11.36223,12.13273,13.17591,13.65549,12.13291,9.66403,12.95864,12.76791,12.84643,12.2733
aa,10.9895,12.27022,15.78858,18.7425,18.34291,12.77062,14.38913,19.14992,19.93206,16.56643,15.18175,19.11768,21.29763,19.88029,14.65315,18.93827,23.14258,23.18428,19.32249,16.55015,20.93564,21.98184,19.77414,15.58387,18.1886,20.57073,19.40446,13.71665,14.86859,20.35734,20.31901,15.82543,16.18744,20.19752,21.25924,18.94978,16.98892,16.75985,18.81548,17.71112,14.60711,13.17542,16.84533,17.18586,14.33161,12.10999,13.22753,16.17,14.45598,11.44547,11.02219,15.71137,14.8595,11.7919,12.19958,15.32286,15.83142,13.65114,13.45516,16.45183,17.72062,15.65891,14.5051,15.50417,17.33798,16.27835,13.00083,12.66493,14.5012,15.48052,13.27682,11.43052,11.65279,14.88844,13.95754,11.37431,11.60756,14.30791,14.47243,12.25558,12.01345,13.71676,15.28115,13.81352,12.0193,12.83311,15.69319,15.00453,12.02488,12.92226,14.84977,15.47901,13.38061,12.27328,12.57664,14.50786,12.90061,10.60901,10.63953,11.38579,8.31656,7.56203,11.14304,12.76594,13.48199,12.56506,11.68417,13.19798,14.34759,13.1297,11.61306,10.93367,13.091,13.38344,12.20124,9.29571,9.98132,9.02582,8.15592,9.7826,8.54193,10.0922,10.5739,8.55281,8.42662,7.68652,10.11552,10.7089,8.48024,8.75459,10.28775,10.19725,10.56801,10.1343,10.16733,10.09403,9.78651,10.69013,10.63217,9.96118,9.11644,9.11117,9.63529,9.55181,9.10306,6.50418,4.2418,6.57334,5.76352,6.84563,6.36455,7.23145,4.7817,4.91918,5.51596,6.05132,7.03503,6.02589,5.6017,1.56602,4.23225,7.09918,5.61293,6.12197,5.9964,3.99724,6.8132,5.88039,5.55625,4.54849,7.57151,5.47434,5.06486,7.36188,7.03627,5.25753,6.82638,6.83892,7.58594,5.65458,2.55153,6.09489,7.28943,8.31354,6.14443,4.46931,7.12645,7.46737,7.42271,3.88987,4.77297,7.66314,6.48322,5.97651,8.49519,8.42146,8.55116,6.68864,8.46914,8.64369,9.32814,8.38307,8.55197,7.82361,8.56754,9.4393,8.63658,9.2564,10.12861,9.32554,8.95713,6.74312,8.42746,8.80686,6.3966,6.83227,7.58926,8.91027,7.45172,8.25737,7.28086,6.83015,6.59492,6.96268,6.52277,7.37971,7.52986,7.36972,4.24142,8.31522,5.17857,7.29499,6.93941,8.0476,5.02907,8.67539,8.77543,9.73258,9.10741,9.02454,8.54113,9.61885,10.42716,7.6811,5.31695,8.97531,9.76105,9.07163,8.40924,9.02117,9.1318,8.52844,7.03118,7.26379,8.29542,4.7513
ao,9.71242,11.95835,16.59792,17.33601,13.96161,13.77255,16.86848,16.78834,11.99641,16.98815,18.99783,17.32747,12.16131,18.72147,20.02085,17.85634,17.87004,21.88967,22.10788,19.01691,17.16493,20.05812,19.27157,15.48308,17.94113,19.2632,17.36,15.32714,18.44403,19.10068,17.19892,15.49809,19.87305,20.38833,18.33704,13.78834,17.8941,16.91819,12.71277,16.03105,16.14075,13.56197,12.70236,14.60801,14.35204,12.87387,12.74703,14.07316,12.69174,8.70554,12.32391,12.79202,10.3395,9.65479,13.33139,13.19151,9.50961,12.50686,13.58374,11.91503,8.39752,11.91048,13.3182,11.39546,11.85328,14.25592,13.94292,8.01447,13.26338,15.55343,14.71392,12.23377,15.18683,16.75343,14.39162,14.23999,18.01236,18.01329,14.03497,13.14729,16.45634,15.911,13.1771,13.47458,15.14809,13.39149,7.45363,11.95767,13.08631,12.31868,10.97194,9.72507,10.17897,7.92203,9.46747,9.86708,9.88719,10.65509,11.23819,12.25185,11.88731,10.60636,11.18406,10.83261,8.87718,9.9742,12.26626,12.62943,10.30949,8.86787,10.59528,8.25746,7.96726,10.01922,11.07799,10.20573,6.63242,6.29099,9.49857,6.10129,7.84619,7.1868,8.7644,8.68141,9.08248,10.55448,10.12743,8.04522,8.42418,8.82079,8.60043,9.43063,8.75074,6.45486,7.18103,9.21997,8.70589,8.6301,8.71205,8.62664,7.96821,9.58579,9.7515,7.58315,8.67888,9.72399,9.70646,8.05703,9.68238,9.24728,8.29686,7.7261,8.43875,8.44241,8.39173,9.4056,8.38335,7.89551,5.96454,5.73476,6.7075,6.77109,7.58868,4.81951,6.58585,7.89461,7.09908,5.82123,6.28231,8.24556,7.76044,6.71598,2.49098,5.08245,4.77463,6.60004,-2.01658,5.28918,3.1166,7.44888,7.7439,7.16867,7.74749,6.47058,7.86463,7.46685,6.53276,7.21134,7.51097,6.71162,8.29351,7.77423,6.53013,6.88514,7.0996,5.93053,6.64818,6.76457,6.05681,7.45535,5.69899,6.84939,6.3688,6.25165,6.96212,7.4503,5.46915,6.57037,7.37166,7.76642,7.10804,5.697,7.40236,6.51866,4.20577,6.57028,5.6652,5.21065,7.4546,5.73965,5.8764,6.36219,6.73337,5.32999,7.49453,6.71222,8.51713,6.08528,7.23282,3.74771,7.75822,5.99526,7.20679,6.85072,8.28962,8.3955,7.70115,7.31346,7.24201,6.7583,7.76427,7.87706,4.8653,7.01961,5.55945,6.02272,5.68486,6.58763,7.41533,7.62675,6.92196,6.72533,3.92768,6.27441,7.06282,7.32943
dcl,10.261,8.73528,13.88262,15.10655,12.55036,12.01559,16.10668,16.71933,14.07689,10.61514,12.85095,12.38193,5.77891,10.82623,12.81651,12.10936,8.6596,8.94079,8.88509,7.78346,6.8376,9.02301,10.03215,8.30852,8.27635,10.24567,11.04447,8.65442,8.76353,7.37799,6.27974,6.70136,6.06286,8.87643,8.20449,7.28495,8.48451,9.34448,7.3452,8.23097,8.49433,9.72245,8.35169,10.67285,12.17243,12.21736,11.96153,12.36833,13.4899,13.57266,12.70693,11.68349,11.18274,11.63923,12.09348,12.05176,10.8746,10.48623,9.85394,10.21468,10.39794,7.15844,8.85509,9.18924,8.53069,7.46687,8.91159,7.77032,8.4159,8.79081,9.66095,9.30528,6.76529,9.84107,9.27513,7.89459,7.25035,7.75616,7.43971,3.62846,4.92278,3.70772,5.40318,5.48847,3.94894,5.20647,6.43079,5.76867,5.38347,5.57654,5.41612,6.90837,2.70441,6.65678,6.92586,7.44234,6.31574,5.77447,5.15683,5.74795,4.81366,5.11258,6.40579,5.52216,5.8964,6.5411,4.96419,6.52808,5.87776,4.97657,5.74751,5.23623,5.17807,4.39512,2.63836,5.03617,6.01871,6.05942,5.35351,5.98159,6.72989,5.63005,6.86028,7.04602,5.70978,6.59406,6.39102,6.1885,6.2832,5.58374,3.54052,6.06316,4.59896,5.21067,4.28632,6.4588,6.32542,5.57655,6.49898,7.07391,6.01483,3.39098,5.53773,5.32544,4.7506,3.12923,5.2068,3.39779,5.46262,6.52104,4.2864,5.24596,3.55893,4.57012,3.73405,0.78905,2.29839,5.28263,4.18275,1.48703,3.81842,2.6035,4.82099,4.29345,5.54408,6.30099,5.42513,3.63968,5.38128,3.81694,5.7871,5.84191,2.50205,5.95058,5.51918,5.30225,3.89246,4.55041,5.75388,5.46323,3.34044,5.77458,5.24154,5.66747,6.25597,6.54465,5.55365,4.50889,4.42984,1.38008,5.29622,6.40687,6.12179,5.60489,4.07272,3.10075,5.20141,5.58761,1.79,3.32755,6.73208,6.98223,6.34299,4.56784,5.44742,5.22501,6.63459,4.89674,5.07467,5.67128,4.03302,2.55311,4.08951,4.42276,5.99107,6.13929,4.08162,4.95047,3.98524,5.54602,5.26257,6.67394,7.61829,7.2122,5.37012,3.20806,2.64194,6.10749,6.81634,7.23334,7.03188,5.94959,5.40731,3.92718,4.68654,6.38421,3.60257,4.98451,4.83893,5.1661,4.83975,6.58892,5.80084,4.4805,6.363,6.3347,5.26055,5.78693,6.88767,5.23316,5.77553,5.64375,4.22469,5.66068,6.65084,6.71547
ao,10.68764,14.02367,17.07989,16.55396,13.14851,17.8871,18.37729,15.51035,16.41749,17.95537,16.66013,16.72368,19.27998,19.09923,16.67614,20.53523,21.06509,18.62545,21.59799,22.31474,21.16643,20.30637,21.50278,20.66132,18.01996,20.65095,20.89886,17.65401,20.84174,21.47877,20.4862,20.72855,21.57455,21.17064,18.21078,19.35832,18.64254,16.0886,17.7458,17.51402,16.46959,15.67046,16.36981,15.80578,13.29032,16.16457,16.06806,14.09141,15.3318,15.34456,14.28454,14.38953,15.33491,15.02929,11.14295,14.93467,14.41998,9.73681,14.88751,15.38694,14.31035,13.68558,15.33424,14.26552,12.8691,15.70651,15.47216,13.07649,15.37364,16.29813,14.32208,15.09299,16.95227,15.89069,11.33962,15.93874,16.00195,12.37335,15.43462,16.17541,13.95868,12.87842,15.86723,14.84239,11.98012,15.7581,15.63218,11.48913,14.61054,16.16748,14.61186,14.08205,16.24935,15.70676,11.70125,15.21085,15.40196,12.03931,14.15428,15.00339,13.38403,12.85057,14.13293,13.05318,12.23752,13.63677,13.66718,11.15203,11.95544,11.83726,10.08099,11.11027,11.27953,10.30539,9.17763,9.89689,9.43985,8.68805,10.79479,10.72332,8.49757,9.82206,9.74373,9.26905,8.3736,8.87026,8.33796,8.34941,8.75102,9.25524,7.29021,8.47087,7.91235,8.83559,7.05038,7.7702,8.12921,7.29947,7.3736,8.44637,6.48256,7.5251,7.72474,7.61193,4.57253,8.38592,8.51435,8.24143,4.72805,2.94318,5.96986,6.28138,7.67268,6.97123,6.39187,7.94076,7.24761,7.32954,6.59376,7.08156,7.65323,7.25777,6.37152,8.31771,7.01782,7.00336,4.42707,5.66474,5.5049,8.65549,8.96781,8.10833,6.27826,8.1392,8.48931,7.76824,9.2426,9.37405,8.62909,9.19124,5.58064,7.02203,6.47382,8.15985,7.99277,8.54834,8.26291,6.91728,5.99492,7.30772,8.0082,9.01216,8.28285,7.67859,7.86134,5.9867,7.70292,7.9131,7.53302,7.69866,6.9092,7.7735,6.77522,6.15163,5.67572,6.74912,6.76119,7.10493,5.42381,6.81367,5.56012,7.65247,6.50762,4.29372,7.098,6.67116,6.47214,4.22932,6.32653,7.01574,5.27983,5.3202,1.74936,7.16526,6.31913,6.14382,5.03914,6.12811,3.60882,6.57977,6.68413,3.11069,7.4439,6.3031,5.74051,6.6696,5.55925,7.31936,6.30116,7.13997,3.60884,5.42058,4.87483,4.08843,4.6801,2.96857,6.36742,6.47037,4.96326,5.50156,6.55791,5.79907,7.0543,7.27538,7.33077,5.78273
aa,12.36802,14.6542,18.11886,18.08315,14.36815,19.15863,20.55854,18.87783,17.19274,20.65137,20.46006,16.90481,20.75212,22.05426,19.93624,21.34881,24.80995,24.52061,19.8918,23.50451,24.78848,22.87588,19.99113,23.3195,22.84102,18.58649,20.4502,21.33053,18.82235,17.21205,21.13597,21.04055,19.59913,22.56651,23.03423,21.00719,22.17155,23.0882,21.32601,15.37184,19.27036,20.4636,17.76413,15.90943,18.58552,17.893,15.597,17.83246,18.74562,16.05949,15.8309,18.16668,17.43683,12.9893,17.89277,18.5793,16.46908,18.31695,19.57885,17.62994,15.99509,17.27556,17.22955,13.81212,13.49387,15.99969,13.98153,12.52848,12.87521,14.17414,10.03635,12.86822,14.28699,12.93315,11.73518,12.69807,13.89844,11.64107,13.74976,14.06323,13.80427,9.92434,14.32497,14.40542,13.04515,13.69033,14.35004,13.55166,11.56555,15.04627,14.51025,13.71961,12.99639,15.11601,13.08402,13.4676,15.568,15.61719,13.81211,14.77634,16.45382,15.3203,14.93254,16.91709,16.68683,15.92634,15.49846,16.80309,15.27829,15.53604,16.37875,16.01845,14.45557,14.33132,14.33215,12.84387,9.85798,12.10758,12.79072,12.03541,11.89567,10.82453,12.20404,10.98611,12.38998,10.35467,11.75764,9.74451,12.36067,6.81152,11.40356,9.16029,11.09366,9.20809,11.67249,10.7814,11.67332,10.07127,12.31671,10.74942,12.21812,12.31117,12.36208,10.64817,7.35383,12.22763,10.05027,10.07509,5.72341,11.94842,7.93942,11.5033,11.03548,12.10045,10.26834,11.00159,9.4818,10.59091,10.15451,10.40838,9.6111,10.08801,10.14303,9.9401,9.94929,9.89068,10.27376,10.25487,9.69547,9.43452,10.42719,9.79444,9.87925,10.19015,9.96905,9.62093,9.80193,10.13524,9.94956,9.93638,9.69423,9.75449,9.83696,10.15363,9.76373,10.00374,9.80867,9.72164,9.65352,10.2384,9.61851,10.53989,8.86642,10.07789,10.5536,10.80612,9.82948,8.59939,10.424,11.34016,9.8136,9.61634,9.88531,9.9401,10.41131,9.00363,10.74629,9.01494,9.53547,10.37568,9.59246,11.1252,8.39281,11.3198,6.94004,11.75989,9.29373,12.00695,11.02637,11.73254,10.04818,11.119,8.69615,11.30412,9.11197,11.4287,7.89315,11.96882,11.18912,10.98466,11.14908,12.49102,12.00626,11.74553,10.96059,11.72361,11.18881,11.91685,10.54723,10.02945,10.88707,10.90782,10.96106,9.82917,10.37387,9.33401,10.83123,7.13963,10.11383,10.16156,9.9544,10.15184,7.95413,11.05,7.05331,10.61616
dcl,9.38118,8.70499,11.5458,14.69942,14.98761,11.89315,11.53707,15.01845,16.27246,14.94267,11.57886,9.39181,11.91264,12.49858,10.67594,7.09379,7.08733,8.15623,8.71523,8.52215,5.81588,7.84705,8.28101,8.17997,4.52837,3.93596,7.43619,8.41245,7.48411,5.88892,5.17067,4.36624,2.61443,6.11601,4.16216,5.74825,3.2001,7.19977,7.42142,4.98446,6.99527,7.02162,7.12291,7.27373,7.30537,6.62805,4.92475,5.85455,7.20953,8.1497,8.4124,5.79924,5.20528,8.11837,7.87991,3.99621,4.78474,6.12967,4.0803,6.51207,5.51355,4.76667,6.98235,6.18538,5.85684,4.50332,4.09258,6.99593,3.99513,5.578,5.73677,3.57978,4.76242,6.79229,6.61719,5.05424,2.71011,5.49743,6.35605,6.56881,7.40249,7.10254,7.07289,8.12948,8.58956,9.14036,8.79314,7.00719,7.19967,4.21219,5.83456,6.67072,6.76343,6.67598,6.40345,5.71407,5.88807,4.84465,6.61667,5.89084,2.65677,5.13541,6.09735,5.14361,5.96768,5.21719,2.06913,4.14891,6.28186,6.89795,6.34689,6.60727,6.23436,5.96826,5.78108,6.41043,7.23285,7.17527,6.04581,6.151,5.79552,3.41369,6.4084,7.68533,7.54182,4.30419,6.95276,7.45223,7.5486,5.53046,7.93392,7.35759,6.22293,7.09558,7.48482,7.84689,6.94473,4.47537,6.12499,7.02232,6.4148,7.27404,7.39548,6.0019,7.29395,6.02913,7.83939,5.53205,6.58056,6.955,7.04559,5.4727,4.78759,4.93565,5.78302,5.19855,6.47665,6.8025,6.14965,6.50469,6.31837,5.76702,6.18372,5.40427,6.78888,7.15693,6.97919,6.17674,3.10604,7.0755,6.57185,5.28048,7.09996,7.15929,7.2169,7.27297,4.62992,4.43418,4.19541,4.6896,4.42697,2.71829,5.85288,6.47814,5.60032,5.5178,5.70305,5.18228,6.25286,5.45243,3.38588,4.88964,6.30841,6.1572,5.86791,7.03203,6.35209,6.75521,6.16537,2.97881,6.49892,7.41565,6.28814,4.50492,4.65716,5.04757,5.8778,6.25133,6.31577,5.75431,4.58859,5.05756,5.59987,6.44104,6.68894,4.81119,6.25804,6.6028,6.45512,5.40953,4.12931,6.18198,6.75177,4.39935,5.50436,4.72247,6.14815,6.02251,6.79175,7.3302,7.17592,5.63819,6.69342,6.46194,1.43876,4.71109,5.30481,6.21846,5.40451,4.67003,4.83579,6.14676,5.73927,3.74284,4.71204,4.81777,6.35014,6.65813,6.48135,4.66768,7.11008,7.27361,6.49826,3.94443,6.04567,5.89547
ao,11.33514,15.727,18.00065,16.83809,16.35746,19.06076,18.31185,14.68735,17.9074,17.36979,15.5831,18.96805,18.81597,16.7197,20.07277,20.05266,17.78457,22.11692,22.68504,19.68851,20.31904,21.2699,19.17645,19.68392,21.0358,19.4235,17.86221,18.99974,16.24095,18.40355,20.44211,19.3742,18.33835,20.88527,21.0183,19.93144,20.61125,20.50421,17.43825,17.83961,17.47024,11.29997,17.04909,16.91248,14.17018,16.29744,16.76647,12.67592,16.21288,16.88981,14.52403,15.74712,16.55509,13.75795,15.80753,16.90903,15.09051,16.38809,18.01688,16.19561,17.21337,18.98277,17.43448,14.40074,15.95998,15.16711,11.33949,14.93157,14.22251,12.20349,14.35999,14.22652,10.24724,13.70427,13.80863,10.90097,13.27916,13.77397,11.04424,12.63522,13.44024,11.22577,12.66348,13.87641,12.35026,12.68056,14.18883,12.20813,13.17977,14.81511,13.48783,12.96915,15.12297,13.78301,12.81053,15.98877,15.2966,13.27905,16.2728,16.11076,13.26035,14.46914,14.33014,11.9688,11.82792,12.18352,10.23921,10.46934,10.9901,8.86629,10.15829,10.0391,8.37386,9.97689,10.17015,8.87016,7.58726,6.57761,4.70568,7.84465,7.71788,5.94273,4.44723,6.98838,8.53916,8.49284,7.31803,9.84321,9.87845,9.72827,7.75743,9.32387,9.83104,10.23702,10.67925,9.54548,6.26972,8.80752,6.61247,7.89008,7.3818,7.46191,7.74923,6.80283,5.97503,8.63813,4.62129,7.44117,9.24043,6.44907,6.59014,8.30532,8.05321,6.31713,6.18481,7.90796,7.17743,5.44064,8.53513,9.01373,8.09657,8.34775,9.94029,9.35314,8.04906,9.5774,9.4388,7.5617,8.89293,9.42521,8.22663,4.38153,8.28774,4.45876,4.52313,7.45127,8.29938,7.76272,7.89964,9.02489,8.96912,7.16364,9.26323,8.82513,8.86862,8.59537,8.53817,8.96244,6.7652,8.48802,6.57042,8.56872,7.82006,8.2907,9.18962,6.67535,9.0208,7.54496,8.30834,9.20792,8.01565,10.19139,9.38461,6.27264,8.75989,6.02994,8.96882,6.99137,7.88973,8.97763,5.38727,7.60106,6.21608,8.27368,6.28026,8.11534,7.45161,8.50577,8.42376,7.0551,9.08255,8.84835,8.21265,6.48887,8.12116,9.16795,7.87892,6.20894,8.34064,7.70338,7.24805,9.05793,8.55233,4.95068,6.33049,8.64988,5.64801,7.57283,6.96495,5.33635,7.76772,6.40407,7.22078,5.46632,7.57412,7.37779,6.45788,5.7904,5.5618,7.5071,5.49116,7.26803,2.88562,6.47243,8.89854,8.20958
dcl,7.73352,9.17875,13.25131,14.81639,13.01467,11.15133,15.51276,15.93593,13.46434,10.32415,13.23522,13.08705,10.31242,11.17635,12.93958,12.77653,11.22788,9.23943,11.74869,11.33289,10.32372,9.41137,8.55506,6.98567,7.26605,6.28204,7.27937,7.32411,6.40388,7.31113,6.70389,6.58986,6.60245,6.98943,6.72948,4.74012,8.168,8.3177,7.25068,5.66063,6.22372,6.66146,6.14543,5.86236,6.95656,5.22151,5.8928,5.9939,7.19619,6.27482,4.19175,7.25556,7.70456,7.31312,7.35223,7.25187,7.11177,4.42498,6.85397,7.66061,5.9352,4.40991,6.54053,6.62975,6.26543,6.18709,5.54623,6.41889,2.87362,5.37317,4.95514,5.8261,6.28501,4.32439,6.12439,7.99006,7.80618,6.66073,7.31032,6.20525,6.84967,7.68204,8.23814,8.30221,7.81737,5.56018,5.97136,4.50214,6.85921,4.31356,7.17834,6.74831,4.85885,4.64357,4.02535,4.6352,6.64324,5.63075,5.95091,2.8912,3.65448,4.36451,5.9678,6.49917,4.79227,2.96589,5.87329,5.46839,5.36615,4.40962,3.2142,4.82975,4.40155,5.6117,5.76017,6.49902,7.01507,6.71627,5.50921,5.91433,5.52932,6.67462,5.99281,4.47774,6.18315,7.33717,6.58447,4.68148,4.05145,3.61404,5.80085,6.07947,5.54811,5.37692,3.67141,2.82631,5.61818,5.81957,4.17494,6.22139,6.38682,4.01298,6.45972,5.22929,6.25086,6.04455,5.17663,4.58139,6.28991,5.51142,5.04299,6.96988,6.52656,3.57152,5.25378,6.30967,6.85733,6.00984,5.89221,6.59388,7.25233,4.65855,2.64565,5.95114,5.73644,4.82835,5.46875,5.71299,5.97283,5.40564,5.03535,6.40683,7.17209,7.18323,6.87413,5.97326,4.24897,1.71415,4.51599,4.74152,-1.43996,5.31974,4.64263,4.26936,4.6395,6.13148,6.25627,6.15142,4.94844,3.76053,4.39326,4.76936,6.13389,7.4719,7.5689,7.38757,7.26763,5.80458,4.15726,3.53852,4.13812,3.88695,5.30056,5.7828,5.95848,6.09728,6.21908,5.31686,4.92536,5.71474,4.3924,4.4533,3.80088,4.71101,5.4426,6.56986,4.21978,4.02472,4.96869,6.05683,4.93615,3.99901,3.71203,-0.2111,6.76623,6.4718,4.28119,3.61104,6.26194,6.42591,4.74503,5.18546,4.98037,6.83296,6.40594,6.0395,2.61687,5.79252,5.53485,4.31662,5.67519,6.26077,3.47,6.9804,6.5766,5.93165,6.3892,7.21943,7.03716,3.43036,5.20354,5.21257,5.6385,4.86381,5.63959,6.06223
dcl,9.34731,11.66891,14.90781,14.24809,10.97323,15.41973,15.84359,12.13405,13.79118,15.61742,13.36124,12.59139,14.79321,13.7917,10.82742,13.3887,13.00044,10.1474,10.27002,8.2755,9.27956,9.01003,11.46168,10.95912,9.09369,10.64941,10.87295,7.35614,7.76735,9.70406,8.72227,7.10074,9.9496,9.12979,8.81589,10.22102,8.92857,8.3783,8.665,7.10997,7.54223,7.96654,9.05358,7.05442,8.18197,10.37166,9.47318,9.04252,10.26464,9.55345,8.67967,8.53317,10.52395,9.44466,9.52098,10.56838,10.00696,9.86588,11.37306,12.09914,11.08478,11.11354,13.17011,12.70591,13.01443,12.70316,11.4168,8.6299,10.38851,10.59475,10.24975,11.27173,11.68798,9.39565,10.39323,12.30561,11.52978,11.49234,12.35109,12.25182,12.69222,11.6454,13.64182,13.61426,13.34264,12.34461,11.24293,13.07642,12.96449,12.23976,9.81383,10.69156,9.62828,10.99344,11.20579,11.17817,10.01905,10.96031,10.94323,9.15876,11.49507,11.89495,10.99283,11.31626,11.5669,11.84239,10.62923,11.07548,10.7289,10.47503,11.37788,11.60717,12.59916,13.22139,11.40614,12.25114,12.48484,11.39484,11.77292,11.71239,10.75001,7.65847,9.3497,10.20097,9.34666,9.57465,9.40059,7.96579,8.22221,8.84848,8.07245,3.53827,6.21207,5.19032,6.20453,6.44904,6.38618,5.11739,6.6112,4.67683,5.84959,6.7961,6.09713,6.57455,6.19074,5.27111,5.57716,5.33286,6.11113,7.36447,7.44377,7.00536,4.83145,7.04282,7.68784,6.29431,5.97317,5.83711,5.13729,6.44614,6.59272,6.46716,7.16965,7.12655,7.18107,4.40596,6.35017,5.61686,6.22137,5.44902,2.64787,5.7707,6.44438,7.86335,6.23799,5.13703,6.78969,5.51273,6.60229,7.52262,4.10574,5.95517,7.2975,7.33729,5.78479,1.91093,3.6827,4.61842,6.26017,6.16818,4.28456,5.80396,5.32836,5.0444,2.78045,4.179,3.59473,2.11425,4.2683,6.53051,7.275,5.69723,6.43166,6.88546,6.02955,3.02395,6.63169,6.31481,4.98539,5.9474,5.2407,6.67718,6.57042,6.92466,5.62414,4.08304,4.22847,3.6264,4.63001,5.59671,6.87876,6.75365,7.20393,7.46079,7.15873,4.83612,3.92803,4.27625,5.63133,7.05417,6.84792,6.71475,6.50594,3.94605,2.66758,6.0641,5.49776,6.26427,5.63199,5.61582,5.53792,6.35957,4.8042,4.48511,6.46437,4.93983,4.76668,4.35848,5.68087,4.39644,6.50765,6.23007,2.86279,5.14682,5.30102,-2.65368
iy,11.959,13.24797,17.77301,17.54641,14.19914,19.21397,20.64139,18.86124,18.1459,20.77369,19.97605,14.82366,16.97268,18.64746,16.89452,13.93124,17.55753,17.14047,13.56394,14.98082,15.55764,13.02461,13.23327,16.50622,16.11035,13.051,14.35088,15.13827,13.18374,11.43954,14.10115,13.11009,10.57862,14.15546,14.91158,13.0282,11.29017,13.36984,10.67857,9.24845,13.84187,14.59344,13.25069,12.81595,14.71315,13.75395,11.51291,13.97789,13.96602,12.93125,14.33328,16.08882,15.16823,13.18532,15.56392,14.77618,14.11605,16.61172,18.3159,16.68337,16.60833,18.672,19.21915,17.30271,15.67295,18.47067,17.82233,16.59015,17.58816,18.50154,16.74185,12.86742,14.67684,14.03012,13.34659,16.70033,18.38082,18.03674,14.38317,16.97589,17.03009,15.21612,14.99677,16.44221,16.00017,15.43061,17.06963,16.85913,14.03243,15.60402,14.55771,12.85791,15.20028,16.86613,16.78236,13.8323,16.79672,16.20506,14.71306,16.20438,17.43264,17.85615,15.87327,17.72512,18.08927,16.73758,14.05032,15.57441,15.35432,14.3756,16.19469,16.63906,15.29536,15.23084,15.53659,13.82948,13.34455,15.52032,16.02934,14.26548,15.79505,16.23877,15.3297,14.53439,16.59839,16.83446,13.75648,16.62235,16.42726,14.93662,10.87017,14.49038,15.24939,12.90347,15.00526,14.7369,14.94114,12.57374,11.5266,11.59613,11.60089,11.57042,12.76641,12.73823,10.42113,11.54492,12.18315,10.92224,10.02897,11.009,11.55215,8.97895,10.98864,11.39104,10.31951,10.00341,10.13888,10.19501,8.00393,8.95344,10.32966,9.23071,8.06331,10.02738,10.35484,7.10887,7.74009,6.17071,5.37169,6.43892,7.90177,8.54742,5.81613,7.48673,7.73131,7.67775,5.18782,7.95368,6.50327,5.21322,7.55267,8.56428,7.84114,6.85231,6.16327,7.74016,7.72312,8.35626,8.14226,6.98662,6.14782,6.88412,7.56726,6.93754,8.16459,7.75482,7.71199,6.91819,6.25979,6.87871,5.9408,6.40868,6.48666,7.32932,7.39349,7.34313,7.7161,5.72417,6.25975,8.20774,8.56886,9.32027,9.87558,8.5854,7.74485,7.95632,6.8472,9.47988,10.44323,10.67201,9.95123,9.58965,9.56209,6.78658,7.79799,6.97569,8.75276,9.23224,9.96663,9.30811,7.60008,4.83169,7.5271,6.43661,8.77559,8.90807,9.47844,8.42445,5.51565,9.99996,8.51062,8.51947,11.05131,11.35968,10.27089,10.44167,11.64295,10.9241,9.70471,10.63901,10.39522,10.23379,11.0361,12.14561,11.59517,10.65979
aa,12.35254,12.53836,16.40125,19.47996,19.20577,13.54816,13.05627,19.76072,20.88775,18.42385,15.63864,19.01684,21.55636,20.40962,15.54878,16.89069,22.87163,23.38964,20.49293,15.10608,22.19932,23.62616,21.95137,19.5194,19.01141,20.07361,20.01292,18.73619,17.71515,20.10963,21.14838,19.89497,18.75081,18.98422,20.99721,20.80768,19.02986,18.2053,17.8222,18.09266,16.75713,15.66891,15.54208,16.68162,16.41372,15.82972,13.90103,13.40571,14.24635,12.69203,13.15569,13.91618,15.49714,14.71689,12.90487,14.1741,14.51857,13.98107,12.33975,10.72729,15.07076,16.00146,13.70019,13.87785,14.76995,16.41238,14.61803,14.20284,14.31257,16.7855,17.00455,15.46187,15.05207,18.47217,19.0462,18.01495,19.32387,19.57045,19.29719,17.59412,14.20113,11.79238,16.99566,17.52532,15.46929,16.16622,16.29775,17.03254,15.16289,13.985,14.74609,17.31305,17.32854,16.10698,17.06696,17.5931,18.33649,16.77057,17.72008,17.93163,19.74624,19.0274,18.01756,19.98201,20.89316,20.32128,17.86302,17.67759,17.64361,18.14175,16.69828,15.50704,15.36154,15.86963,15.58282,13.58055,12.36384,13.1503,11.95567,12.45095,10.24596,10.15201,13.49027,13.12515,11.91508,14.07332,14.1088,14.58365,12.92992,14.14706,14.50069,13.30297,11.65668,9.26363,11.77663,13.63866,14.32119,14.26863,15.12958,14.54703,13.08293,11.93481,12.05581,12.81968,14.31767,12.71603,12.19379,12.74221,10.49215,8.81594,8.32239,8.90803,8.7103,11.17104,9.17338,9.67906,9.44943,8.15449,7.71525,8.48458,7.97666,8.6563,4.66421,8.89032,8.13811,7.04773,8.90047,7.72536,6.57574,9.51446,7.40933,9.25415,7.91443,9.18343,9.17651,11.0091,8.56553,11.02715,12.48903,12.12744,12.15361,9.93206,11.94699,11.58111,12.39402,10.85813,11.68354,12.79281,10.51008,9.45237,10.76899,12.22258,11.73224,11.32637,9.37436,7.15601,9.74559,6.83358,8.86653,6.27346,7.68973,8.11887,5.97511,7.5389,8.62292,7.40177,9.04765,8.73247,9.93836,5.53213,7.57073,8.05793,8.18867,6.66744,9.49701,7.72088,8.83919,9.54626,7.41436,8.20918,6.85123,8.56947,9.05754,9.19881,7.55521,8.46327,8.65572,8.87466,7.15877,6.55327,8.56446,7.44366,5.90282,8.44576,7.42449,7.68394,8.19887,8.0925,8.2917,6.67815,8.67142,7.76097,5.9388,7.07775,7.83946,7.49056,8.38546,5.4476,8.60915,7.23713,8.32018,5.67415,2.2993,9.04862,7.4196,5.05199
aa,11.77643,9.25191,17.41651,18.39387,16.20754,13.36875,18.90165,19.42677,16.3078,15.55101,19.17968,19.12939,13.54695,18.20115,21.3636,20.98143,16.2607,19.97742,22.3619,21.55966,15.84361,17.53018,19.2692,18.40184,10.78886,19.45796,20.87789,19.06193,17.66815,19.48155,20.54069,19.11523,17.23287,17.10182,17.9747,14.61847,15.76465,17.06327,16.36017,12.61052,13.19323,14.18388,12.78114,10.87055,14.10269,15.5388,13.9389,11.98332,12.95625,13.97246,12.44252,8.89517,13.78254,14.52126,11.48218,11.73508,13.47867,13.97768,10.32259,6.61776,13.93939,13.76128,10.77376,12.24305,14.39022,13.87171,7.2939,10.93467,14.1356,13.06495,12.38195,14.35737,15.29198,13.42578,13.28768,13.67037,14.82997,14.3994,14.25509,16.20547,17.03253,14.88972,14.7227,15.92073,15.71063,14.1793,13.75586,15.9819,14.82534,13.48142,13.84874,14.68669,14.16254,10.65727,13.26898,14.69627,13.34665,13.78884,15.10091,15.72687,13.72463,14.39173,15.19795,14.05794,15.30806,14.56165,16.09135,15.46198,13.3401,14.0884,14.44724,13.63819,12.34234,12.7105,14.19517,11.92998,12.43068,12.94191,13.36841,10.77359,11.46664,10.49042,8.82176,9.43259,9.04537,10.46777,10.69227,10.6466,12.35463,11.7203,10.14358,9.92574,11.74622,13.30104,12.27516,12.16899,13.21409,12.58106,11.96653,7.89341,7.73659,11.45825,8.21509,12.54823,12.6815,12.49125,10.3729,11.93074,10.17289,11.67255,11.92362,12.54629,11.69753,11.89387,9.62233,11.48621,8.37056,8.38458,8.16602,8.71801,8.98343,8.34844,9.3273,9.9706,7.96187,4.88337,7.06626,6.30418,8.19522,7.68159,7.64023,8.64161,7.82842,5.40635,7.90763,7.48679,4.53324,1.79634,6.01283,6.43217,6.34386,5.06787,5.57316,4.21388,6.78055,7.26012,8.40374,9.49371,8.4915,9.57034,9.96532,10.47548,9.43469,8.5812,9.57666,11.68617,9.74534,11.16343,10.89633,10.41735,6.73146,9.48173,4.50891,8.46344,6.95426,8.00613,8.65354,7.33095,6.74014,7.54487,7.94116,5.88507,6.79964,6.73005,6.65384,5.71463,6.88216,6.67551,6.97786,6.27992,5.07563,3.52262,5.08523,7.12072,6.91641,6.12513,4.80309,0.891,5.26536,5.13136,4.09594,5.55232,2.38076,4.57891,6.64967,4.14465,6.6313,7.3343,5.909,2.96565,5.7271,6.4439,7.15567,7.31229,5.28264,3.65831,5.48796,5.09788,6.39824,5.56057,7.39295,7.34735,4.12682,5.06645,4.33816,2.41305
iy,8.78499,14.02358,16.89772,16.16185,15.05552,19.20817,19.29043,15.98136,18.01237,18.60478,15.38394,15.42729,17.53014,15.99049,10.4807,15.0942,14.21549,11.04312,14.68687,14.8986,12.47868,12.53721,13.35091,11.65152,10.718,12.34941,11.54867,9.01744,11.36256,10.78718,9.36345,10.81688,11.448,4.26583,10.78675,11.60266,9.0371,10.9523,12.03113,10.67025,8.91616,10.93813,10.6297,6.74385,10.32637,11.51686,9.88696,9.79069,12.18954,10.436,9.35256,11.88008,10.33325,7.55432,12.14141,11.64421,10.29346,12.04078,11.51864,10.27034,13.76885,15.04827,12.89826,13.37434,16.85655,17.42924,15.88012,14.66428,14.78689,12.62146,13.72491,14.22718,13.79769,12.75787,13.61667,12.8937,12.22129,12.37409,13.67665,13.18846,12.9804,13.16744,12.1985,9.67781,11.44283,10.56454,8.54174,10.82978,10.43456,9.54578,8.45175,10.05438,9.06473,9.36167,10.8422,10.10097,9.49628,7.5484,8.53016,7.09728,10.24164,10.35261,10.84426,10.75183,10.87758,8.99661,7.48411,10.25949,10.81383,11.5442,12.2296,11.39463,10.36568,12.42023,13.71941,11.46609,15.52961,15.85784,14.59162,12.59406,13.80739,12.86063,13.74528,14.58143,13.76738,10.74403,13.64556,13.22739,11.53754,14.9148,14.86926,12.51625,14.54732,15.10762,14.23001,10.276,11.95546,7.73676,11.41408,12.16774,13.032,11.45744,11.76834,12.2246,11.41489,8.97886,9.35302,9.54448,7.29046,9.73421,11.70189,10.32255,11.53041,13.24987,13.56358,11.60797,9.58607,12.2343,11.01836,10.37615,11.02168,10.0455,9.84185,9.91084,7.41495,8.81493,5.94656,9.54923,8.92221,8.02837,9.18882,8.75567,8.79643,8.33895,8.37121,7.8371,6.70926,7.12571,8.74756,6.82878,6.41387,6.72231,6.94871,6.51488,7.29298,8.08107,9.03702,8.23904,7.75948,7.09494,6.26641,5.61348,5.88424,7.42525,8.33808,6.8302,7.42025,7.60576,8.3311,7.70954,7.35869,8.30006,8.43329,5.95576,9.34061,9.42375,9.02734,10.75638,11.06809,10.19008,5.62719,7.94595,7.69911,7.71823,5.81144,7.38878,5.77782,7.5913,7.19469,7.19904,6.64042,7.63061,6.93179,7.8734,7.61273,5.9414,6.30402,4.2273,4.86149,6.17938,4.78218,5.12622,6.42148,5.67563,8.38106,8.98084,7.31051,2.62147,7.6361,6.11663,8.04496,10.22698,10.00573,7.6522,10.06082,10.5884,8.86675,10.00947,10.42016,9.38538,7.65196,9.2139,9.35976,9.02993,8.97712,9.58468
iy,12.16573,13.58032,18.14973,18.7362,15.82711,18.53662,21.08498,20.29803,16.16593,20.68493,21.53999,18.93703,14.6007,18.12751,18.33586,15.53126,15.18823,17.24058,15.80363,9.80611,16.1284,17.40525,15.85469,13.05744,15.15755,14.16343,12.34669,13.24042,15.23204,14.0456,7.47922,14.14237,13.84431,10.77948,12.80863,14.99783,14.62661,11.05678,13.44735,14.91212,13.23826,12.07929,14.8432,15.33502,13.22984,13.40518,15.53427,14.93809,13.6632,15.63562,16.41322,14.68957,14.67354,17.5268,18.36338,17.36374,17.28656,18.18012,18.09379,15.32467,15.88376,16.92183,15.96009,15.18306,15.78912,15.41428,13.22727,13.06704,15.20003,15.66195,14.89465,15.65588,15.82403,15.11973,13.23635,15.20317,16.10524,15.0449,15.16176,16.45169,16.08356,13.35667,14.89658,15.61261,14.37497,15.03113,15.92671,15.14954,11.68713,14.46373,15.16291,13.77677,14.12385,15.4698,15.19394,10.88195,13.91961,14.93645,14.13518,14.05652,15.75555,16.29591,14.2188,14.38291,16.13464,16.63139,14.22285,16.01988,16.92969,16.44844,12.88875,14.11294,13.44209,14.48949,14.54292,15.66721,15.17275,11.39762,14.04914,15.13202,12.28628,14.38972,14.81499,15.13861,14.63306,12.37568,12.4316,11.93213,12.99631,12.46835,12.58108,11.30949,11.46573,10.04951,9.79768,9.91736,9.22033,10.25525,9.551,10.73907,10.15672,9.39416,9.22883,9.82037,8.96927,9.64449,7.50929,6.68166,3.71438,7.05481,4.17376,8.01047,5.7972,7.52378,5.28218,5.40387,6.21383,6.46673,5.1234,7.26065,5.5407,7.55359,7.95544,6.16951,6.65874,9.06488,8.7531,9.07475,8.66484,9.23632,10.35086,9.93369,7.73873,10.12073,11.45705,11.40178,11.20183,10.74922,10.23808,7.28099,9.33478,9.10003,6.82059,6.30306,6.85008,8.04395,7.0253,9.32572,9.05001,8.60265,8.05415,6.26302,4.81393,7.12067,7.79752,8.48538,8.95933,8.82396,7.57445,8.18154,8.27006,9.94694,10.03788,10.20037,10.69611,10.19722,8.23698,9.81939,11.13047,11.42554,12.67279,12.29297,11.58703,11.35673,9.85478,7.5732,8.55547,11.11321,10.92445,9.45237,10.33046,7.64054,9.57387,11.4791,12.50643,11.65706,10.03709,12.2669,11.31435,11.26093,10.99293,10.94595,11.03307,9.62854,8.34831,6.51288,8.28439,8.44211,7.49108,8.78354,7.76171,6.0515,6.67315,5.78478,7.68723,8.75913,8.29036,8.9891,6.82235,7.79121,8.58169,7.76739,7.2323,7.70198,7.46811,6.81559
aa,12.95028,12.50169,16.71058,19.24138,18.28994,14.22436,17.96286,21.1453,21.00427,16.10899,17.66783,21.57426,22.12362,18.3586,17.43096,21.88846,23.06423,20.06864,18.01378,24.06362,26.28379,25.13142,16.51931,20.74683,23.1205,22.58007,19.46959,19.35111,22.53167,22.79841,19.71768,17.98958,21.89413,22.70268,20.0172,13.10017,21.65745,23.06538,20.92283,18.57159,23.20863,24.18783,22.04245,18.22332,19.82176,21.09217,20.30239,15.85002,17.88338,19.93105,19.55563,16.32596,16.08714,19.03828,19.48913,17.00859,15.17471,18.1145,19.15725,17.36473,15.59241,17.72779,19.16723,17.98703,16.45964,17.6288,19.58166,18.85248,17.35852,17.31566,19.91271,19.68032,16.41697,15.66411,19.55426,19.96514,17.46052,15.6387,17.9499,18.8107,17.34305,14.59376,16.09382,17.51862,16.72165,13.95689,14.92002,17.29568,16.94979,15.35948,12.7973,16.77456,16.68831,15.7945,14.17329,16.66256,17.343,16.49005,15.13951,17.10516,17.98789,17.11075,16.69573,17.35695,18.2501,17.32398,17.65813,17.59887,18.59958,17.84039,17.20123,16.77385,18.00359,17.67286,17.12629,17.01349,18.01737,17.78263,16.86599,16.30224,15.85982,15.74688,14.56543,13.52331,12.34985,13.03152,13.91616,13.13909,12.45919,11.3166,12.4344,9.93068,11.91015,12.12572,12.89314,10.68496,11.49582,6.78708,10.22122,10.83477,10.92388,11.26872,11.88033,10.2926,13.05248,13.44162,13.44788,11.73518,12.00273,9.46602,9.37625,11.01031,7.33132,10.43172,11.06028,10.11104,10.94406,7.22473,9.77502,11.65551,9.59956,9.09044,8.69981,9.21578,10.21394,8.24272,10.5803,10.65318,10.62269,8.45711,9.60336,9.48322,9.1864,8.5038,8.91055,10.08388,9.39172,9.38005,9.06917,10.02116,6.49916,9.46454,9.509,8.69369,7.82477,9.35134,8.7982,8.8433,8.81988,9.01563,8.75408,8.9576,9.29492,6.74241,9.35843,8.92853,9.17925,8.91789,9.65119,8.10163,8.99191,7.41143,9.40875,9.32003,8.50906,7.09585,9.74115,9.08656,7.63323,8.5891,8.77534,9.57533,7.79942,8.78181,7.40805,10.09941,7.56731,7.07004,8.86745,10.02564,6.76612,9.91791,7.1424,10.28542,9.72712,9.756,7.90249,10.1312,7.64569,9.13204,8.51316,9.34924,8.45826,8.79864,8.12413,9.39961,8.58394,8.68312,9.64697,7.68789,8.30305,9.9984,9.64891,9.09693,5.53999,10.4355,8.42336,9.54908,8.2741,10.47256,7.08014,9.04896,3.812,10.52214,7.50581,3.99217
ao,8.27379,15.319,17.52969,16.11797,16.55798,19.14248,18.18688,14.48574,17.75663,17.22723,15.46639,18.97762,18.77738,13.7978,19.02894,19.4411,16.79026,20.30141,20.92449,17.76944,18.27099,18.75004,14.87927,19.0709,20.1663,17.94393,17.79622,19.14272,17.33449,17.90012,19.86683,18.99571,17.74466,19.48522,19.45697,15.75315,18.60816,18.03089,14.4841,16.41443,15.86386,12.58653,15.84184,15.50727,10.86572,14.58225,14.58965,10.15748,14.21829,14.28799,9.18068,13.42722,13.81697,10.64166,12.94809,13.57728,11.17241,12.45002,13.44734,11.40528,11.77262,12.53657,10.8157,11.55351,13.33742,11.95813,12.10787,13.2663,12.35486,12.84158,14.93712,13.85284,13.9859,15.21498,14.70303,14.16803,14.9766,14.86289,12.48417,12.73591,12.5158,10.0108,12.03781,12.39099,10.18858,11.46798,11.36388,8.80028,11.49489,12.06329,9.8337,10.93989,11.50703,9.97083,11.04312,12.02478,10.74638,10.53299,11.5646,10.82463,10.67509,12.40609,11.99346,10.76277,12.41845,11.95868,11.10747,13.04087,13.17175,10.90998,13.57217,13.87302,12.56212,14.30419,15.18685,14.16262,15.24281,15.57972,14.10619,14.42242,15.17683,13.96776,13.31722,13.47653,11.98873,11.96148,13.3831,12.50292,12.79852,13.42159,12.66685,12.62633,13.00216,12.14291,9.4519,10.80327,9.74766,9.06339,10.77595,10.6915,7.64408,9.96235,10.05004,9.00225,9.65722,9.02726,6.2903,8.937,9.44538,7.64488,7.79411,7.8167,8.11164,5.87722,5.96551,6.33902,9.09648,9.21214,7.55548,9.62255,9.97349,8.83932,7.72093,9.18954,8.72065,8.87848,10.66383,10.35212,4.32936,9.53001,10.36418,7.74314,10.5231,11.03674,9.07994,10.11217,10.56142,8.62715,10.57092,11.10447,9.47871,10.33691,10.13418,8.18724,10.2608,10.70308,9.48812,9.34718,10.23682,9.51459,8.94656,9.62307,8.90163,8.57955,9.85799,9.32238,9.0058,9.95982,9.62821,8.44873,9.72135,9.06301,7.85911,9.9403,9.01592,8.37304,10.96474,11.15198,9.28023,11.11914,11.36743,9.23558,11.38862,11.64885,10.04115,10.83313,10.75128,7.74323,11.40861,11.91046,11.24966,10.05681,11.30716,10.09404,10.71413,12.15075,12.21826,8.98527,11.95944,11.75156,8.71582,12.12234,12.12934,10.13551,10.94397,10.99719,8.21997,10.3601,10.40745,8.34156,9.21763,9.91862,8.06152,8.59102,8.13645,7.24439,8.16204,9.294,9.07186,8.58798,8.9146,8.83086,6.30529,8.81946,9.17683,9.42761
sh,9.07783,9.42706,7.70927,8.23562,9.00358,11.67627,10.38541,12.39013,12.98129,12.44245,12.59831,10.69104,12.29488,14.17061,14.22923,11.9942,12.54327,10.33281,14.12076,13.86827,11.90198,12.41271,12.77612,12.8134,11.38796,11.6902,13.04942,10.87322,12.9888,13.84629,12.19191,10.71772,11.44092,11.73594,12.49715,12.64486,8.60184,9.39982,10.35291,9.27875,11.66666,11.03973,11.06875,11.80337,10.83693,13.32694,13.74191,10.54086,13.01018,15.56657,16.46342,15.28963,12.82728,14.29828,15.58162,17.00652,16.57784,15.50944,14.87348,13.94916,14.49426,14.72238,15.09732,15.57686,15.55722,15.84676,13.88831,14.62397,11.69833,16.79663,15.95337,14.77273,13.85451,13.91531,14.9095,14.07724,13.67819,14.80474,11.9407,15.14613,15.38483,15.60369,11.14779,13.41785,12.98286,13.12627,14.69484,15.03355,11.63108,14.74008,14.72092,15.47424,13.49926,12.92974,13.76173,15.07064,14.55719,13.90991,13.19194,14.33228,15.84697,16.5368,16.28326,14.36327,15.16634,14.05826,15.09473,16.05721,15.09012,14.9651,15.97774,15.60178,16.30703,16.03613,15.94377,15.14962,14.12629,14.95905,15.14254,15.45658,14.83277,14.81468,15.85407,15.37888,13.4491,12.74912,12.54547,12.33828,10.55704,13.76772,13.5324,13.35722,13.78583,11.15463,14.63543,14.71705,14.66792,12.27742,14.03,13.92891,11.12753,14.63432,15.51868,14.85367,13.00276,14.82742,15.85339,15.25575,13.88034,12.47033,12.1235,12.53451,14.21878,12.99358,10.25388,13.50766,12.17371,12.6948,12.08794,14.67621,14.73016,14.20117,15.09672,12.85142,14.22428,15.07108,13.67614,10.22167,14.6684,15.29368,14.1692,14.31396,14.94417,14.77345,14.70383,15.34941,16.05952,16.22797,14.77096,13.79132,13.54227,15.07607,15.03476,15.48898,15.63686,16.07779,16.06575,16.54251,15.94859,15.40322,15.78306,15.88009,15.42019,13.89622,14.2196,16.26935,16.60673,16.54384,15.2787,16.04944,16.88798,16.36941,13.26659,15.58055,15.06236,14.02141,8.41655,14.54237,14.01659,14.66792,15.5054,13.70539,14.79877,13.30797,13.95603,12.80324,11.14735,10.51044,11.57985,12.47411,13.14163,12.15877,12.54645,13.2703,12.61221,12.44401,12.96522,11.83842,9.87035,10.79616,12.02168,9.2266,9.32605,9.4942,11.29651,11.95132,11.57538,11.81876,13.00218,12.84453,11.43686,9.6663,9.03912,10.83464,11.38616,11.73949,11.58582,11.711,11.67587,10.13801,12.55676,12.2289,6.13887,11.41742,9.05048,6.14729
aa,11.41737,12.13995,17.14475,19.87944,19.272,14.60308,16.18111,20.71828,20.90549,17.78827,15.72449,20.14717,21.31441,19.21291,17.06517,21.74324,23.71744,22.71802,20.36468,22.16038,24.73822,24.46371,22.07357,19.96568,21.02132,21.94398,20.13688,17.18192,21.49141,22.78439,22.01294,18.50866,20.05463,22.6304,22.35175,21.0366,21.30148,23.54293,23.76978,22.32501,19.5169,20.47221,20.84307,19.52094,16.24595,19.15072,20.19656,19.70256,17.01612,16.66768,18.5151,18.20166,17.25746,15.64553,17.57679,18.41769,17.54801,12.07228,15.43329,16.55395,16.92603,15.01984,14.27141,17.00775,17.38766,16.21295,14.03165,15.73336,17.46033,17.27247,15.12641,17.85276,18.75777,18.67553,15.71442,16.98984,16.14683,16.93213,16.23221,14.66602,16.48819,16.65589,16.47565,13.83986,14.48927,14.75586,15.59959,10.75334,14.67723,15.69791,15.92132,15.41172,15.634,15.1821,15.72803,12.40242,15.63738,16.16931,15.15932,14.41592,13.47757,15.14515,14.6977,14.17624,13.2972,13.99211,13.13203,13.86546,12.53938,14.2094,14.71644,15.37752,12.89486,13.13262,13.30621,12.47734,14.53801,11.34565,12.78149,13.89009,14.57315,13.52799,10.16259,13.12823,14.14328,14.33613,12.79382,14.06543,15.16495,14.43196,12.6317,10.66155,13.50439,12.7437,11.21754,10.64226,9.1754,10.17392,11.48577,9.49077,13.52912,12.65058,11.60308,10.30117,8.71105,11.35693,8.59885,10.60752,12.36569,12.03717,10.96393,10.2367,11.38148,11.65218,9.7566,10.10881,9.32629,10.71455,6.66822,10.20617,9.84055,9.73218,10.02098,8.76539,9.8548,9.11549,9.99552,10.026,9.17064,9.88275,9.77397,10.0514,10.17571,8.88021,10.18554,9.75059,9.35086,9.99374,9.8301,9.31789,9.54668,9.28486,9.7668,9.70589,9.92187,9.78918,9.83393,8.17199,9.53877,9.02804,10.28875,10.05743,9.72381,11.20122,9.967,11.62227,12.01611,11.4335,10.94563,12.52059,11.5882,11.81644,13.33575,12.33435,12.24095,11.85593,12.8574,12.26361,12.92702,12.88124,12.59087,13.54569,10.92547,12.47453,13.16258,13.07633,12.37569,11.86214,13.22387,12.61595,12.80382,11.59506,11.79332,12.72149,10.14149,9.80709,11.95418,9.62962,10.8671,5.04756,11.38066,11.43598,10.29797,11.04663,10.62381,10.23155,7.8613,11.01975,10.80247,9.42613,11.2326,10.81837,9.77537,10.80022,9.99188,11.04992,11.08969,7.57621,11.08455,10.09482,10.04568,11.06424,8.17162,10.55747,11.75966,6.00128
sh,9.92596,7.66153,9.45623,8.41925,10.78351,11.58246,10.30613,11.53652,10.68964,9.45624,10.91843,10.99476,11.99702,9.35241,11.9439,10.41421,10.51763,10.76708,10.49949,11.12317,8.45846,10.15219,10.25859,10.71384,10.69912,12.71446,13.05414,8.54529,11.32873,13.0862,12.21891,11.72363,11.84171,11.17688,12.27561,13.41261,12.76959,11.82543,12.80397,12.06125,11.21795,12.61891,13.20729,12.75799,10.85584,10.97375,13.40369,14.67028,14.9012,13.90179,13.0122,16.08211,16.65456,15.41702,15.74016,12.70868,15.91304,15.82899,14.15512,15.43133,14.3344,14.19129,14.46197,15.51232,13.76298,16.14492,16.8392,17.06443,17.63619,16.38225,17.24905,17.23632,16.41776,16.98961,16.97772,15.27138,13.65568,17.33496,17.76731,17.18681,17.62015,16.92179,15.27505,16.54128,14.99809,15.63459,16.14903,17.0007,15.30214,16.07324,15.45311,15.89746,15.28496,13.76329,16.23474,16.82221,16.87807,17.5248,16.30123,16.6928,17.35228,17.65531,17.57101,17.57672,16.53184,14.92509,15.59122,15.70814,13.31156,14.81732,16.58983,14.224,15.9775,12.72061,14.1835,14.36174,15.55287,14.47081,16.93696,15.7104,15.70307,16.3,16.50277,16.05345,14.24287,15.09353,15.66098,13.62816,13.74385,14.47474,16.13222,15.65382,15.29677,15.00568,13.2987,13.13894,12.93508,12.99462,13.00609,14.7781,13.82354,14.59219,14.52038,15.06255,15.34298,15.43458,15.90561,14.98972,15.09996,15.03071,15.38629,15.69962,15.53396,14.40092,13.08936,13.25476,13.6689,12.32987,13.43023,13.89699,12.33525,13.61451,14.07714,14.9365,15.15268,13.27556,13.98589,14.78907,14.31024,14.61534,15.0577,13.44923,12.02826,13.26751,14.56263,15.90384,15.13491,13.32578,13.81986,15.23751,15.11228,14.70102,14.40365,15.46972,14.76891,13.58693,15.18574,14.88636,12.57205,13.1027,12.45408,12.824,13.70849,14.8903,14.24071,14.76045,12.72795,13.11997,14.62429,13.58568,13.21395,13.3526,13.50121,12.46547,11.84565,14.45344,13.97931,12.96542,13.45854,13.85932,14.40404,13.93848,13.99225,15.44736,15.36357,14.73748,13.58095,14.11468,13.96499,13.36497,14.49326,14.77772,14.71688,12.56981,13.60271,13.37151,13.07915,13.00702,11.67998,13.18815,13.03211,10.53238,12.22093,13.72608,12.95858,12.24804,12.72419,8.49908,11.90499,10.82221,13.15911,12.4499,12.79215,12.51653,11.53651,13.43054,11.06677,11.73672,12.74394,14.11495,15.69771,15.35099,14.93181,13.67129,12.99238,13.09788
ao,12.79841,13.82189,14.38319,15.98344,13.55578,17.1516,14.36675,17.06003,14.63848,17.29475,15.78314,16.97333,16.52901,17.8127,17.23016,18.29268,18.16073,19.31704,19.92263,20.4601,20.65475,20.9641,20.29051,20.00396,19.58959,19.82324,19.47418,19.37875,19.86273,18.86274,20.45591,19.68596,20.4847,21.07676,19.37166,19.33741,18.14143,18.41102,17.9957,17.27127,16.33236,15.8795,15.87178,13.59433,15.2997,14.45684,15.25321,12.81419,13.77549,12.81513,14.49831,12.10059,14.258,13.10987,13.39217,12.37398,12.12636,5.68182,12.8861,9.32419,13.00311,10.59939,12.31382,12.1917,11.7817,11.5608,13.24284,11.02976,13.40414,12.31554,13.26404,13.36395,14.32097,14.77189,15.68929,14.47852,14.97135,12.97335,14.07549,13.05925,13.09662,10.94277,12.39301,11.95714,11.79201,11.0995,11.97985,11.84503,11.55367,11.02706,11.5039,11.32879,10.28624,9.36244,10.35304,10.7664,10.39365,10.5372,9.42371,11.24032,10.63788,11.00652,10.82514,11.13107,11.6927,8.00258,9.68105,10.42555,9.97705,9.50697,9.18873,9.11584,6.00139,8.64389,6.85836,7.04464,6.47382,8.86765,7.47315,6.35414,7.99959,8.76439,7.18987,7.71304,7.6794,9.18301,7.77636,8.22728,6.97949,9.2333,8.86365,10.59155,8.31689,10.24273,10.77948,11.044,10.95556,12.40818,12.17418,13.68255,13.64197,13.53849,12.141,12.45893,12.14084,12.12888,12.1274,11.565,12.51146,11.1293,12.14655,12.56645,8.33804,12.68274,11.81201,11.96429,11.88899,10.08563,12.48581,13.09823,12.34297,13.24702,13.83169,11.66476,14.39587,13.69945,13.68544,13.20666,14.11775,9.60212,13.97673,11.86276,12.99728,12.69526,12.74612,11.43153,13.59841,12.85469,12.9489,13.62157,8.89732,12.16421,11.66672,8.6056,12.10086,11.50736,11.35704,11.5847,6.81856,10.77742,10.67213,9.90331,10.03484,10.53485,8.64309,9.6249,9.74654,9.93399,10.65158,10.00446,10.94647,11.43936,8.78423,10.92655,11.0957,7.59388,12.24949,10.78089,10.7596,11.61247,11.9482,12.41126,12.73903,11.40634,10.96195,10.90165,7.27932,9.91787,11.23743,8.48718,10.91038,10.11269,10.11754,9.72883,8.41195,9.1506,9.295,9.58065,7.90188,7.95646,9.09226,9.01529,8.1298,7.81915,7.84753,6.6764,7.22873,5.75104,6.50531,8.12207,7.06841,6.86861,7.26428,7.22839,7.25816,7.25325,9.06801,7.34069,7.82064,8.86519,7.00383,6.14626,7.13779,7.11127,7.44021,6.8466
iy,11.08243,15.9132,18.56341,18.05639,15.13105,19.72868,20.38291,18.5681,19.6203,21.31164,20.48474,18.40255,19.01695,17.72729,15.35314,17.44704,17.38378,14.93593,15.74301,15.99786,14.63423,14.48644,16.10271,13.79131,13.9071,14.63604,13.01686,13.98764,14.47135,14.22673,11.8179,13.05431,13.20694,12.10841,12.93013,13.02973,11.87827,12.95141,11.98485,11.83115,11.64659,12.01431,12.68541,12.40124,12.59376,10.54333,11.07061,11.31974,9.67395,10.58199,13.05014,12.04889,12.66731,10.87241,11.29042,11.58613,9.53424,14.11031,14.85309,15.5738,15.60729,15.42326,17.42194,16.70917,15.00364,12.96574,14.99691,15.88458,11.88648,15.19195,13.34663,12.7132,11.88606,15.83106,15.32068,15.2226,16.43996,16.95095,13.89617,14.61365,15.54789,15.33077,12.6598,15.36223,14.70405,13.24911,11.53469,13.35761,13.16586,11.99941,14.54112,10.65522,12.82855,12.29646,10.05837,13.52753,13.15704,13.25889,12.88803,12.0289,12.99404,12.76679,14.24896,12.72881,11.48867,14.69537,10.36217,14.36502,13.93733,14.82915,13.42508,13.1441,15.14484,12.85147,14.13943,14.80678,13.41097,14.96539,12.31897,14.67714,13.96819,13.15722,14.08144,12.26763,14.57006,11.03979,11.4619,13.01613,11.0043,12.13016,13.76653,13.23285,13.6371,13.92542,13.84782,13.06863,12.17712,11.74827,11.66245,9.46164,8.25514,6.31546,9.45167,6.6557,8.5395,9.47929,7.69141,5.76565,6.93347,6.99405,6.0387,8.36844,7.18864,6.38415,7.76483,7.86269,6.84258,8.08509,7.71846,6.85307,4.15495,8.48318,7.10077,8.85436,7.57793,5.51023,3.32255,7.68771,7.71044,6.54423,6.59371,7.38275,6.77286,8.16469,9.42171,10.50141,9.16342,10.99436,12.49088,12.07648,11.47831,9.53669,10.28379,7.8502,9.74159,10.48263,8.92195,8.58675,9.71237,10.02416,7.33733,10.30092,10.79018,8.82873,10.45185,11.46201,11.0516,9.87476,10.55804,10.97268,8.5168,8.84496,9.01888,8.19366,6.2351,6.87649,7.43513,5.51055,6.96598,7.74393,9.25242,8.12139,10.00696,8.35781,8.11297,11.43998,9.82342,10.07311,10.10583,10.46821,10.31295,6.96469,12.12863,11.27499,10.88642,12.00403,12.23132,11.88171,8.86661,11.44293,11.20607,8.64389,10.99679,8.20535,8.3647,8.53325,9.30141,9.25427,8.06102,6.31097,9.31599,6.76422,7.95987,6.64866,5.98519,7.20068,5.59912,6.60686,5.55342,6.79426,4.96781,5.61085,7.63065,4.68188,7.48148,7.14407
aa,12.08562,10.90794,16.50149,18.56223,17.2046,7.18589,17.01433,19.52028,18.50487,11.29968,16.91621,19.71351,19.11218,13.03046,16.8276,20.27304,20.09471,14.26465,17.14713,20.83527,20.98936,16.85571,16.56047,19.57245,20.20086,17.61101,16.47909,19.85385,20.44511,17.7838,15.12305,17.02643,18.96102,16.11085,15.97151,17.42021,18.84263,17.51298,13.19626,14.40347,14.47967,12.52741,12.88647,12.92516,14.07638,13.278,12.8565,11.31842,12.06816,13.09251,12.36952,11.17813,12.02928,8.60569,11.25471,10.37716,12.13304,12.1718,11.68539,12.70825,12.86175,12.28553,10.78923,11.04895,10.9413,11.90779,10.58232,13.75411,14.1861,13.59386,11.97663,11.63192,12.31631,11.92259,12.6558,13.0587,12.40251,11.21228,8.74606,11.6389,11.89827,12.74918,12.63288,10.73882,8.96876,12.01624,10.35014,10.45431,11.54727,12.76648,12.69179,11.31116,12.18921,14.02884,13.10652,12.76629,10.38747,13.22661,12.99554,10.7711,9.16643,9.8203,9.57371,10.22933,10.81223,10.58656,11.0874,10.49586,8.45262,8.26241,9.07408,5.76289,8.98639,9.81044,10.88261,9.69123,7.40032,9.22757,10.44937,9.87494,7.16199,10.0572,10.97124,9.32229,7.955,8.26221,10.4646,10.11968,8.24614,5.31155,8.84396,8.61681,9.47402,9.62801,8.68382,7.68423,9.26251,9.04308,9.32961,8.31652,8.20683,5.50383,7.74831,8.93617,8.44256,9.21596,11.80137,12.01597,11.25706,10.44175,11.69202,12.55406,11.88906,7.53691,11.70101,11.36272,10.75149,11.00939,10.2006,10.62641,11.07191,9.72288,7.79458,8.64382,9.43301,8.58658,6.84309,3.87585,8.17051,6.60453,5.22041,8.3612,8.66259,7.32426,4.20328,7.85251,7.29183,8.33182,5.11797,5.57401,6.30642,5.10082,6.51847,7.31394,7.86345,6.22142,3.48475,7.21157,6.48404,6.17712,6.09272,6.09229,7.2446,6.99605,6.15619,6.71464,7.54531,2.89598,7.02927,6.16086,5.79005,7.55421,4.15198,6.54089,6.26337,7.01852,5.51848,5.77224,7.00785,6.30235,7.41604,7.81866,7.3288,7.37064,8.0412,5.69403,9.39425,9.91834,6.55677,10.06404,9.43186,8.41399,8.55465,7.70311,9.87603,10.0268,8.7382,8.80852,9.43955,8.77274,7.59961,7.01639,7.75056,3.95593,7.19479,7.65568,8.64227,5.95461,7.73128,9.10246,9.16977,5.03891,4.68967,6.37997,6.06301,6.90363,8.01963,8.55222,6.20946,9.19628,8.77495,7.88266,8.82216,8.63782,7.10399,6.05572
sh,9.52578,11.8056,11.06648,10.79204,11.48557,9.07638,11.60247,12.21124,11.88278,12.04182,10.79965,10.74398,10.89752,10.82659,12.122,12.58587,12.19284,12.60625,12.93989,12.0732,11.75931,12.48254,13.26762,13.6088,14.49267,13.80338,12.07604,10.27827,13.09141,13.01487,12.54606,12.27643,11.91768,11.97227,10.83827,10.15898,10.92231,12.56995,12.28521,13.24736,13.0661,12.03973,9.93667,11.0116,12.3518,9.99268,10.96,12.25842,14.04575,13.55263,12.8473,13.19276,13.07408,12.31414,14.32008,14.76127,14.85961,13.1915,13.03336,13.25252,16.61565,16.47024,13.18875,13.66476,13.78793,13.74447,15.28492,14.84329,12.67474,15.685,15.27433,12.69912,13.70347,15.30524,16.02546,15.59362,14.49282,15.83693,15.76964,17.03834,18.53075,17.98542,16.73173,17.45127,16.29855,16.37353,17.27245,17.5142,16.46642,15.74723,16.96694,17.20362,14.95283,14.92806,15.38421,16.20485,14.4709,14.59864,16.26482,15.13329,17.14326,17.60545,17.85853,17.17093,13.63269,16.87941,18.39257,17.01668,18.38952,19.32874,19.01616,16.73659,19.51815,20.11774,19.02945,16.00733,15.16156,15.87579,17.67853,16.77937,15.6965,16.59697,14.84408,17.22153,13.00363,15.23346,15.22276,16.77309,17.73718,14.24809,17.5303,16.92564,16.22282,16.09793,15.973,15.50169,14.62144,17.20931,16.33004,16.81086,18.11374,17.40432,17.09348,14.80962,14.29533,14.84913,16.3525,17.25442,17.15213,16.45387,16.387,16.88976,12.46483,14.72737,16.13541,14.77741,15.71839,15.54904,16.07284,14.41544,14.13805,14.60134,16.72474,16.81224,15.21786,15.69718,15.70232,14.05989,16.93761,16.88701,15.89536,15.16561,15.5993,17.1311,17.25116,16.60799,14.18363,14.28709,13.90476,14.87062,13.82239,14.73177,14.99373,13.89857,14.86667,14.43101,15.29463,14.84503,15.41821,16.09838,16.69707,14.95751,9.34278,14.19362,15.31877,15.33444,13.76087,14.37319,15.10087,14.76065,15.64227,14.71791,11.71795,14.26622,15.8002,14.00147,13.21301,12.88385,15.5723,15.97122,13.66023,16.24469,16.33242,14.36607,16.22288,15.34692,14.84752,14.89743,13.9636,13.86622,13.34214,15.37079,15.3877,13.45035,15.98965,13.7811,15.07744,12.25658,14.10444,15.25918,16.18603,12.98455,12.56878,15.61304,14.82973,14.40949,13.58032,14.98851,14.17468,13.90554,13.48834,11.74657,12.15674,13.02606,13.73999,12.72425,12.73982,13.27202,13.96944,13.86718,13.59451,14.04075,13.28036,12.82526,13.62816,11.14588
aa,13.13221,12.47315,17.73185,18.45807,16.65925,15.57733,19.20526,19.96834,16.30357,16.45675,19.69177,19.81026,15.72977,19.0174,22.30477,21.69313,16.19678,21.41077,23.91633,23.15148,18.34449,21.31294,22.72744,21.50884,16.86489,20.30114,21.73389,20.05125,15.4774,19.34446,20.45308,17.19055,17.1699,20.72576,20.99721,17.20569,19.57925,21.96549,21.10523,14.20747,20.97424,22.31264,20.70939,17.33064,18.90368,20.06265,18.36247,16.65783,19.20127,19.65978,16.67416,15.61211,17.85934,18.75306,16.20864,15.73877,19.01666,19.10555,15.38306,16.50032,19.03388,18.63653,14.2714,19.21625,19.93447,17.46941,15.35961,18.24633,18.95279,16.81182,13.63941,17.39667,18.22806,16.19898,14.71794,16.44998,16.65855,13.49999,10.33578,16.3348,16.51105,13.54515,13.46167,15.60543,15.39831,12.53386,12.92122,15.54851,15.40297,11.46001,14.73983,16.10448,14.8727,11.06292,15.14305,16.57925,14.62874,13.37937,17.24672,17.7954,14.91271,15.57741,18.39188,18.20451,14.53058,17.29022,18.8579,18.15151,12.09757,15.93073,17.63915,17.02159,12.98836,17.18456,17.99478,16.64197,13.01338,17.43904,17.79291,15.75561,14.51038,16.98518,16.50332,14.35635,10.55275,15.16209,15.48205,12.81674,13.66635,14.85547,14.39313,11.59222,11.66288,14.44381,13.79411,12.36564,12.17688,13.71641,12.06707,10.39198,13.35808,13.557,11.4401,11.35852,14.56996,14.92449,13.91212,13.89901,15.04847,13.93709,11.7907,10.9077,13.66227,12.71188,12.42943,11.16563,9.70087,10.92213,10.95442,11.62252,11.62332,11.57518,9.86797,10.01588,12.08376,11.24385,10.47264,12.22167,12.93816,11.84059,11.39261,13.21161,13.78197,11.00745,10.06772,11.15419,11.87256,9.58937,7.99695,9.71891,9.94142,9.59513,7.47427,9.97631,9.80944,8.47989,7.23554,9.28167,9.08448,5.62947,9.1386,8.71434,9.42442,8.41555,9.16438,8.06831,6.65698,7.47005,8.61488,8.05443,7.94936,8.35707,9.22469,7.8975,7.37799,7.38167,8.69835,7.23952,8.51182,8.46777,8.04478,7.61045,8.30832,8.61428,6.68665,8.47641,8.79955,7.48138,8.87549,6.60828,8.98713,4.44632,8.8263,7.95206,8.365,9.73634,7.33956,8.06232,7.92903,8.82781,6.74416,7.17435,7.18161,9.28092,8.20134,8.45809,6.83408,8.126,7.97086,8.03821,8.20777,8.23196,7.54736,8.30094,8.27614,7.82941,7.78963,8.03907,7.96205,7.54253,8.38538,7.72452,5.77355,9.33422,7.55795,9.60809
sh,11.95468,4.92384,9.69784,11.19863,12.53218,12.52158,13.08008,13.24555,12.85039,11.14952,11.72736,12.40545,11.74898,13.214,11.64157,7.92178,9.70079,13.18168,13.88824,11.66753,10.60336,11.3141,11.75045,13.5235,12.66248,11.22639,13.53933,13.17226,11.9993,10.32158,10.71248,12.45026,12.10169,10.98889,10.76824,12.006,11.41373,11.76721,11.71158,14.42696,15.56513,13.86267,14.03145,12.17717,13.28046,12.46632,14.9043,13.46031,12.88006,14.51267,14.94133,13.02326,13.46912,12.98746,14.53457,15.56563,13.96384,15.52505,14.61078,16.00617,13.91135,16.24193,10.43192,17.00311,16.6701,16.54333,16.93003,18.17374,17.68879,16.22734,17.40849,17.06729,17.15275,16.6416,17.37948,18.23336,17.43778,15.09878,17.5394,17.32756,15.86383,15.83673,17.26397,15.89699,16.34836,16.99652,17.80644,17.0852,15.12591,14.70342,16.85725,17.43575,18.28283,17.46425,17.27549,16.90477,16.70297,16.99807,17.02824,17.83775,17.67754,17.65341,16.92969,16.98262,15.2417,16.47924,15.20608,11.05615,14.38191,16.25676,16.63671,17.87059,17.64987,14.5564,16.50344,17.52651,16.52072,15.89379,16.852,15.97555,10.51235,16.26356,12.9296,16.81818,15.5898,15.59506,15.81558,15.39041,15.83354,16.24201,16.86572,16.95571,15.89015,14.82683,16.12802,16.2647,15.93507,14.51548,14.43664,15.03142,14.11167,15.3672,14.7305,13.56908,12.85853,14.82221,12.5771,15.73478,14.97353,16.28144,15.23521,15.2947,14.69892,12.31753,14.00567,12.62532,11.6884,14.11031,13.13983,11.41201,13.14955,15.04143,15.5312,13.05162,13.35208,12.68176,13.59455,14.69316,15.0143,14.98992,14.16819,11.54556,12.42713,14.89325,15.5551,15.75301,13.61953,15.10071,14.89169,15.62899,15.40937,15.24457,14.67663,14.77281,14.15223,13.3725,14.42547,15.04937,14.03114,12.35018,13.53106,14.99072,15.07642,14.06224,14.77426,14.1829,14.26261,14.65358,12.52984,14.37867,15.06326,15.46183,14.21568,14.8986,14.40272,14.22611,15.30352,15.02937,14.66159,15.46826,15.087,13.60916,13.71946,15.02545,14.17848,14.77449,14.26996,14.97974,15.46932,14.6111,14.39081,15.31877,11.77319,11.50301,13.2164,13.02033,12.75315,14.50708,14.35251,14.41392,14.99492,12.0077,11.31055,13.46953,15.79447,15.79347,14.33195,12.40634,14.63942,13.5455,14.34042,13.47368,13.88172,13.69717,13.06242,13.84631,14.72793,15.49083,15.60328,14.33106,15.17769,15.79487,15.54281,14.13041,14.97586,14.67893
aa,13.15829,9.0382,18.28865,18.9389,16.40213,16.18188,20.27286,20.24355,16.07992,17.91602,20.54479,19.7053,14.66166,20.7641,22.51611,20.66489,18.37958,23.29148,24.64859,22.73076,19.38398,22.74669,22.99075,20.56902,18.6285,21.4085,21.06642,17.33072,18.49321,20.43359,18.93012,15.40973,18.7624,19.88066,17.35824,16.07355,19.66062,19.99317,17.60226,19.67105,21.46611,20.18477,19.97673,22.13189,22.33063,19.09341,17.28139,17.23579,19.21761,16.47047,17.33153,18.78658,18.67484,14.66262,16.2522,18.28135,17.47644,15.41994,17.35645,18.85034,17.24775,15.84756,18.11984,19.08242,16.86885,18.03959,20.15479,19.55007,15.82823,18.0494,18.86762,17.41644,14.94508,16.76474,17.80285,16.01205,14.60547,16.14782,16.67288,13.97154,14.6614,16.15129,16.06527,13.54347,14.83739,16.11064,15.10975,13.55478,14.91096,15.841,14.47119,14.09926,15.37964,16.0484,14.10304,14.66869,15.94542,15.95451,14.47966,15.36655,16.85802,16.29193,15.26315,16.76954,17.8709,16.659,16.2165,17.69993,18.17015,16.30322,16.68021,17.66406,17.42697,15.70748,17.0091,18.09083,17.01712,14.41566,16.46977,16.66745,14.88862,14.1632,14.91025,15.478,12.41253,13.83637,14.51992,14.32086,13.58707,13.50665,14.50469,14.03525,10.7803,12.90784,13.61207,12.8937,13.34419,13.96123,15.15044,14.13363,11.96394,12.61327,10.98806,10.1981,10.94696,12.70194,12.67899,10.17779,9.96796,9.25313,9.46058,9.41197,10.1905,10.32598,9.30487,9.66098,5.02502,6.26175,6.59424,7.80763,8.81232,9.6369,6.22835,5.77939,5.75224,6.88418,6.65686,1.48036,9.18889,7.20948,5.68935,7.15183,7.53869,4.12346,5.87676,8.08871,6.66355,7.66084,8.35616,6.51245,7.87308,6.84228,9.55385,7.95234,5.53005,8.63338,5.21528,7.10675,6.80274,6.36619,6.1408,7.68758,5.97178,6.2179,5.51615,6.47842,6.62881,4.67498,6.39287,7.93589,3.99266,7.5017,4.63515,7.76049,5.7964,6.9769,5.12612,8.26187,7.50962,8.48937,7.48908,7.3453,9.20065,8.255,4.73349,9.90599,9.83547,9.79367,7.01553,5.10942,7.97344,7.55563,8.58491,9.76252,9.53674,8.22636,8.05245,9.69907,8.82951,8.54291,8.77955,5.6085,6.62951,4.88,7.93422,6.41528,7.66642,8.16474,8.74453,5.2638,7.83101,7.42296,8.17163,2.97504,8.02128,9.76933,9.79796,7.78755,8.76141,10.32659,9.69302,9.3928,10.15409,10.30991,10.01706,9.99019
ao,13.22661,15.75318,17.86937,16.56276,16.04724,19.0352,17.82886,14.73818,18.3194,17.37427,15.38568,19.50268,19.1297,15.86603,19.53231,19.21582,18.38336,21.63584,21.92273,20.13186,21.39046,22.02374,20.12622,17.02242,20.4617,19.74991,19.10669,18.59857,18.27997,17.40726,19.41159,17.46985,19.96769,20.7043,19.31121,18.59945,19.7261,17.92981,17.89236,17.50011,16.97075,13.67678,15.91195,16.00112,15.86492,15.89181,14.94938,13.51102,13.88122,14.7394,13.89602,14.52081,14.43687,11.53474,12.78594,14.12068,12.58134,13.49458,13.35248,12.28775,13.14201,14.04798,11.57106,13.57512,13.32959,12.30547,13.38204,14.11942,13.07369,13.83083,13.79739,13.60955,14.88099,16.48044,17.22067,17.4185,17.34609,14.3461,15.08692,15.52246,15.33007,13.04206,15.14374,13.44838,13.35947,14.32636,14.32748,12.00744,14.43207,13.64785,12.28373,13.94769,13.98285,12.61799,14.36281,14.07533,7.75408,13.87334,13.33752,11.22797,14.30646,14.34263,12.74599,13.11324,13.20361,9.4453,13.71984,14.14644,13.38055,12.51265,13.27951,11.09118,13.78662,14.79629,15.18284,14.62593,14.85614,13.91247,13.76551,14.12985,14.09509,13.08857,12.66236,12.69779,11.71712,11.83517,12.41857,11.88646,11.29102,11.88465,10.77756,11.90958,11.86092,11.83685,7.10764,10.62548,9.46555,9.44782,7.30381,10.88362,9.98506,11.94281,11.41391,10.34791,11.09855,10.54164,9.48097,10.95239,10.01627,8.79855,11.02784,10.98598,9.88894,10.88027,11.60709,10.15141,10.61683,10.57293,9.56203,10.91877,10.37619,9.17724,10.79817,8.41019,7.8524,9.88195,9.27661,9.41549,10.20674,5.13855,10.22113,9.48951,6.34261,8.70702,9.34552,7.98965,8.89587,8.96936,7.54503,8.06676,8.84347,8.37042,8.15686,8.46865,8.66795,7.99847,8.38361,7.99159,8.0597,8.73898,7.11586,8.97039,7.85332,8.64108,7.83535,8.60477,8.54302,7.48778,8.63679,8.54601,7.42879,9.16839,6.92028,8.44608,7.80011,7.96438,8.15016,7.93138,8.86299,7.8354,9.06451,7.31138,9.02741,7.79772,9.05137,7.88117,8.70753,9.17187,9.26684,7.09262,9.78518,8.07703,9.61058,8.23794,6.54518,9.14482,9.22945,7.03007,9.47729,7.57342,7.57418,8.40698,9.67643,5.44552,8.65605,8.55486,8.26766,7.88925,8.87488,7.90721,6.78313,8.36316,8.38678,8.21468,8.12747,7.66807,8.22361,8.42376,8.0491,8.04296,7.27795,9.0449,7.67731,7.69912,8.58245,7.36254
dcl,10.31641,8.4037,14.47125,15.13322,12.12073,12.70205,16.29024,16.33051,12.94884,10.59858,13.26829,12.80907,7.35115,12.19871,13.24698,10.86396,7.55643,10.42782,8.36308,9.66777,9.04309,11.0506,11.2906,9.75015,9.40938,11.09711,9.9964,9.45254,7.79018,9.89814,8.19536,8.73338,6.82992,8.2603,7.74094,6.75513,5.00583,7.69953,6.1783,5.36597,8.07999,6.77734,6.1933,3.01429,6.85539,4.96692,7.30239,7.40297,5.38585,6.51558,7.17394,6.17144,6.84193,7.3741,6.45767,7.35242,6.74637,8.23853,8.26263,7.50096,9.57676,10.33486,10.11388,8.82701,9.35035,8.64856,7.87938,7.87009,8.9641,8.75355,8.85372,8.62162,9.457,8.45604,8.07889,7.0696,9.08571,7.23533,7.74955,8.67197,9.33479,7.66494,8.37631,8.37908,9.22121,6.58797,9.66489,9.21234,9.1147,8.3372,11.99389,11.51024,8.92897,11.83886,14.33636,13.99106,11.91433,8.47744,12.35978,11.00064,9.88298,9.16559,9.38582,9.47196,8.93173,6.37778,6.51205,6.97045,5.99491,6.58672,6.36525,4.29991,8.11891,7.01324,5.68921,5.91905,7.0738,5.33895,6.77851,5.81861,2.85744,7.13784,7.14834,5.8851,4.57503,5.90998,5.91522,7.56761,7.74009,6.81711,5.35667,6.848,6.19991,6.46944,5.43504,5.45658,5.14897,6.46705,-2.90164,4.93601,4.63068,5.57658,5.5406,3.05598,4.30008,6.57449,7.02053,4.33158,6.71176,6.5121,5.87485,6.77257,5.55276,6.13674,6.52573,6.07468,6.02891,4.47417,6.3405,5.26072,5.71898,5.37335,4.90739,7.01666,6.68386,5.82043,6.50033,5.67635,5.761,5.66405,5.35526,5.33377,6.18079,5.43462,5.35646,5.807,2.18722,4.45005,6.0607,4.9164,5.39409,5.52855,4.9524,4.98541,4.65066,2.72904,4.30812,5.6416,6.29963,5.88416,5.63883,4.45529,4.70065,3.82032,5.09131,4.36601,5.34413,5.25491,6.54367,6.18868,5.75952,6.14752,5.947,2.69515,-0.40283,4.71413,6.53724,5.78351,3.6023,4.45992,4.90304,4.07626,4.06422,1.71971,6.0526,4.00488,4.38961,4.83868,6.49306,2.19448,5.05922,4.72008,2.13751,5.5374,4.04736,5.64447,5.99949,5.62604,5.28214,6.1236,4.02434,1.84957,4.33484,4.7834,3.17692,5.07852,6.32619,5.12824,7.02898,6.02991,5.03482,4.86727,1.2358,4.96906,6.32069,5.15937,4.15421,6.55441,2.59485,3.61831,6.76985,5.72996,5.32868,4.92633,6.05642,5.96913
ao,6.69635,8.74395,14.31094,17.01099,16.04309,11.37833,15.23215,18.71948,18.51937,13.81475,13.54904,17.73795,18.15283,14.84083,11.67802,18.69578,19.92442,17.74689,13.19564,18.63174,20.76417,19.59418,14.66452,16.1909,19.20056,18.63965,14.44423,14.29498,18.76485,18.88962,15.7415,12.71831,17.62256,19.51975,19.16843,18.00636,16.49844,18.73124,18.23561,15.34755,13.89498,16.85508,15.78373,10.68909,13.32891,16.14612,15.92527,11.95447,10.89027,14.34716,14.66193,11.32522,8.69012,13.74592,14.60325,12.0874,10.46472,12.86099,14.36172,12.57675,7.30977,11.95443,14.15865,13.4162,10.10485,11.43784,13.99369,13.74774,9.44381,12.4328,14.28593,13.8611,11.6025,12.14647,14.00105,14.14201,11.13785,8.41066,11.54332,12.923,11.94803,8.93288,10.20166,11.89979,10.73506,7.34883,9.01305,10.63106,11.07138,8.19299,9.83884,11.32929,11.83032,9.86921,8.61998,7.29579,11.16285,9.51525,8.28642,9.58284,11.83312,11.05169,6.91584,9.42419,11.79357,11.42153,9.66726,10.62482,12.49611,12.66828,9.31883,10.73732,13.86704,14.35957,12.45024,12.70064,13.2929,13.91781,12.6916,9.22431,9.56501,11.43432,9.99318,7.17019,9.04805,10.24077,10.39138,6.60708,6.27335,8.65666,9.26874,7.29296,7.95149,10.47679,10.76851,9.49296,8.52829,9.66607,10.40998,9.77488,7.66033,8.88599,12.1346,12.13218,10.36097,6.60374,9.95427,9.85461,9.14182,8.36975,6.24274,8.6105,7.29075,7.0855,6.67102,6.77428,5.08861,6.31783,6.99806,5.4324,5.43478,6.43396,5.91991,6.5498,7.5804,7.10793,7.42896,7.10754,6.79293,7.16296,6.84788,6.34673,6.91634,7.19334,5.10805,6.65015,5.73455,6.14476,6.59512,5.94842,5.34859,4.89524,4.91515,6.47409,6.2124,7.36667,7.25208,6.36369,6.66421,6.58324,5.74999,3.24844,6.12825,3.56002,1.36101,3.79347,6.80641,7.47687,6.14823,7.30196,8.77628,8.87201,9.26972,9.92501,8.70509,8.11075,10.03617,9.14233,10.10287,10.48935,10.47811,7.50576,9.42157,10.69186,11.97634,11.57574,10.79674,12.35009,13.25065,13.07693,10.84739,9.95513,11.55952,11.70864,8.55816,9.78914,9.5321,12.05809,11.81326,10.85505,9.84633,8.16924,11.67785,11.2488,9.88558,10.9923,11.08571,4.46311,6.24671,6.21417,9.12912,7.69297,-0.24873,7.72732,6.95441,7.69845,4.4055,7.11937,7.00989,6.68797,5.9118,6.57725,7.03694,5.82924,7.98703,7.24072
aa,8.98703,13.10976,15.52341,14.22476,13.06409,16.05604,15.29278,12.85476,16.33243,16.13428,14.03055,17.22843,17.5756,15.27046,18.51747,19.31997,16.84398,19.55072,20.96279,19.03682,18.85136,20.67201,19.45487,16.2351,18.28701,17.29348,16.05572,18.26759,17.80284,16.60596,19.48907,19.68331,17.21035,19.59653,20.51739,18.34393,18.26774,19.03046,17.42425,14.35214,16.06998,14.76175,14.27302,15.78821,14.81311,13.01412,14.98317,14.34687,13.19461,14.68649,14.67366,12.16889,13.92858,14.10764,12.77194,13.74763,14.55888,12.33722,13.94574,14.71524,13.57009,15.01599,16.2792,14.90154,15.47962,16.78734,15.62066,13.86769,14.59846,14.22055,12.45534,13.47367,13.38269,12.00533,12.71592,13.22074,11.89955,12.49768,12.77109,11.50635,11.55429,12.40333,10.80205,10.50801,11.8303,11.04674,8.44043,10.69419,10.47507,9.80557,11.6023,11.71564,10.82897,12.28675,12.79024,11.85907,13.0418,13.35406,12.3692,13.11117,13.97538,13.00838,13.38941,14.25312,13.18008,14.30833,15.50648,14.40106,13.1989,14.38017,13.54768,12.38072,13.49174,13.29264,11.38827,10.38395,11.36275,9.1396,9.54098,8.90099,7.58837,4.99271,7.40522,2.30703,8.36502,5.67499,6.6303,2.30821,8.45583,5.76481,6.41092,4.98384,8.03745,6.96511,6.84859,6.79827,6.5863,9.19641,10.31438,8.88727,9.15675,9.60463,9.16385,7.46913,8.96815,8.90475,7.21296,8.2558,5.6175,7.15461,5.85614,8.37974,7.99356,4.07668,5.89808,5.47577,6.52592,5.92614,7.4041,4.77151,6.7867,6.64513,7.20358,6.92956,7.128,7.31907,6.71331,6.78832,5.64679,7.85218,4.74125,7.37312,5.19928,7.6008,5.88289,6.60763,7.51252,6.07461,7.70435,7.68828,7.51189,1.37602,7.49133,6.29022,4.60974,6.90974,5.99558,7.16047,6.39362,5.8592,7.53986,3.07906,5.90444,7.76716,5.98005,6.71535,5.44303,6.93764,5.44699,4.94557,6.06244,7.84579,7.65379,6.07637,6.81213,5.96412,6.08457,4.76618,0.93636,6.22654,7.26306,5.01495,6.89028,5.42926,6.25278,7.07685,5.83508,6.68603,5.22903,6.92967,5.96869,7.2529,6.12962,6.13526,7.89154,7.10077,6.21776,6.69652,3.67499,2.20693,7.34579,5.80553,4.46963,5.17561,7.2304,6.80924,5.30671,4.78209,4.09962,6.64799,6.2148,6.08636,6.93228,4.54297,7.33285,6.50904,7.10691,5.38889,6.70536,6.77037,4.89895,4.46169,5.14842,5.62566,5.75016,5.81734
dcl,8.39888,11.29353,15.03572,15.07212,10.80274,15.58449,17.34732,15.84274,8.84229,12.56355,13.14861,9.76727,12.54187,14.19635,12.7666,7.72445,12.0296,11.59089,6.78256,8.58507,9.36918,7.67489,7.10123,8.59992,9.99594,8.16409,7.78181,8.42261,8.85656,6.08284,6.51315,5.58849,6.89165,6.10028,7.44255,7.08271,8.52285,8.77274,7.44003,7.57236,7.51315,7.61403,6.36373,6.44775,6.94236,6.51174,5.75685,8.12965,8.73848,8.44329,4.42887,8.0198,7.00779,7.28788,7.42978,4.56531,8.01296,4.83581,6.67059,6.76085,5.11017,6.10756,7.47819,5.34189,5.05384,5.93209,3.52376,5.41857,6.98303,6.52633,5.32927,4.77252,4.79284,7.0451,8.28,7.93411,8.15725,10.10925,9.46811,8.62941,9.68925,10.16903,7.32872,8.80085,9.3586,7.61317,7.80255,6.75722,6.5111,6.49088,7.87447,7.50591,5.72684,7.43344,7.81428,6.06285,4.60352,7.38822,7.84866,5.44646,5.59333,7.721,8.90168,7.22797,6.32833,5.25511,6.5969,5.48599,6.232,6.12653,5.45781,6.89747,5.35968,7.21947,8.0566,8.40577,7.63968,5.93175,7.41777,6.76636,7.71226,6.90842,6.58724,8.22271,6.44967,5.92542,7.6409,7.05674,6.71645,5.99893,5.49529,5.72389,6.60721,7.14369,8.25352,6.82595,6.71769,4.09607,5.9272,6.05962,5.9629,7.06405,5.27518,4.48609,5.58474,6.61786,5.95055,3.2133,3.73035,3.83604,5.0042,3.82846,6.63925,6.92184,7.36765,7.64403,7.3871,6.46725,4.37268,4.88284,6.047,2.93998,3.86502,3.58887,5.25369,5.94121,6.20935,6.33634,5.58196,4.7809,5.04619,6.25119,5.55797,3.07641,5.95585,6.84208,6.21389,5.55985,3.5362,3.13046,5.68808,6.24375,5.76451,5.07237,6.44919,7.00788,6.43032,5.25987,6.43882,6.68392,5.03029,5.40094,3.1617,4.78943,6.48424,5.11409,4.68338,4.16321,2.66834,5.19768,4.12153,-0.5098,4.32898,5.43723,3.55121,5.29001,0.22807,5.86985,6.77266,6.48142,6.04882,5.48229,5.92724,6.98281,7.38448,5.90076,4.85181,1.68254,4.15893,4.97801,5.3533,5.4558,4.70135,5.05995,4.47716,5.67849,6.06974,3.5696,6.13768,6.12125,6.23731,6.29346,5.28548,4.2958,6.67639,6.3972,5.94415,6.38804,6.34031,3.80944,6.27285,6.51633,5.92209,5.67286,5.03347,4.44502,6.39296,3.83723,5.53925,5.87198,6.43944,5.29584,4.72448,5.79368,4.4324,0.33883
dcl,10.58293,11.93282,13.29149,10.81073,13.40475,13.31083,13.11468,13.95179,13.85468,12.31735,7.90274,11.10661,11.008,10.12584,9.77589,9.8115,8.59852,5.46479,7.82711,7.92111,5.71823,5.88114,6.54326,7.56619,6.90225,5.95695,5.63756,6.8266,4.50134,7.16659,5.3565,5.52431,6.19293,5.73723,3.17165,4.89182,5.46442,8.06914,8.06647,5.46252,7.33547,6.78722,6.29597,4.26989,5.45467,6.00772,6.48247,7.8308,8.59192,8.475,8.55558,4.75771,6.01722,6.77711,7.84804,7.86969,6.94593,5.11823,4.30302,3.41975,5.91938,5.83974,5.68726,5.37778,5.40766,6.19218,3.91707,5.07053,5.58264,6.31216,6.3966,4.90963,5.37811,4.95621,7.23331,6.9004,4.96437,7.30364,7.62652,6.69731,5.10174,5.69461,4.95869,6.70131,6.83688,6.29011,3.33731,6.00818,6.38985,6.26035,6.50446,4.6027,1.49274,6.31166,5.59682,5.71789,4.93198,5.45891,6.85671,6.96402,6.79339,6.4003,5.63808,5.9761,4.6241,5.89814,4.75802,5.40453,4.60364,5.78523,6.16356,6.29238,5.23401,4.98531,4.19826,5.10119,5.33499,6.43406,6.19598,5.65161,6.02648,5.44003,2.74512,4.31768,5.53975,2.01846,5.73787,5.54814,5.44436,6.4444,6.82542,4.38032,-1.24641,6.20787,6.36294,2.68749,5.38563,4.45557,4.82664,6.17049,5.55078,5.94745,4.7876,4.92029,5.84705,2.27018,5.21852,1.34586,6.17615,5.93052,5.75395,6.1357,4.72334,6.71388,6.20795,6.49114,5.3576,2.53555,5.99447,6.56464,4.05719,5.82064,6.48999,6.48528,6.64248,6.37992,5.66974,5.43433,3.33933,6.72135,5.96754,6.6342,6.51079,5.46065,5.61178,6.06995,4.1422,3.95891,6.61404,6.24765,6.02759,5.32202,5.7472,7.03398,6.76966,6.32261,5.82096,4.41399,6.5532,4.7427,4.00801,5.1528,5.8839,6.13354,6.83622,5.86081,5.5047,5.19712,4.58845,1.3838,5.85276,6.87468,6.41849,5.44456,6.42189,5.93831,6.61562,6.59158,5.9015,6.28339,3.72688,5.13355,5.04088,5.77226,5.75559,6.71372,2.41915,1.61311,5.04033,3.88113,5.49391,6.19896,6.24163,2.91152,6.5207,5.55885,6.1472,5.25939,5.89026,5.69673,6.60466,3.26242,5.57091,6.00754,5.81849,4.26463,5.01478,5.90151,5.94272,5.72239,3.96254,5.76516,6.21824,6.72064,6.38256,3.87113,6.59531,7.58274,7.12764,5.24726,6.34296,5.19139,4.23475,5.5362,5.95984,1.92406
sh,9.97334,9.3889,9.62849,11.97753,13.49551,13.2984,9.56671,13.28872,13.19717,14.53646,14.28187,14.40785,11.92685,13.2772,10.9064,12.82596,12.36691,13.81179,13.04463,11.6294,13.51855,13.26367,11.908,13.31008,14.57707,11.91748,13.89185,14.1383,12.98569,12.43985,13.57829,6.58882,12.72743,10.15534,13.133,11.88735,13.1342,14.0173,12.62641,12.65867,12.82609,14.04326,14.32387,13.40677,13.97935,14.65789,11.64632,11.53544,12.61708,12.99188,14.81927,15.74769,13.75021,10.92071,14.19841,14.56993,14.47975,14.74566,16.37071,17.17778,17.26243,16.10305,13.2259,13.63745,15.868,15.59186,16.10626,16.67911,16.10452,18.47069,17.78612,17.51083,18.71977,17.69885,17.91202,20.12669,19.61178,16.6518,19.62238,20.37126,19.40536,18.72019,19.75646,16.86355,17.12066,17.64211,19.24951,18.27657,18.74912,18.33261,16.35299,18.13204,15.59357,15.2816,18.78164,18.60337,17.61022,15.41981,16.65059,18.23763,19.11215,19.63208,19.13535,16.68077,17.89432,17.46421,14.49629,18.2155,17.98287,17.78262,16.83961,16.43911,14.56083,18.37674,17.69812,16.70766,15.14034,17.38002,16.74668,15.8276,16.31928,14.51293,16.38671,16.59163,17.42362,17.54095,16.18967,17.48175,15.76207,16.58849,17.3078,14.93373,17.9277,18.93287,18.7616,17.98789,17.97999,16.98607,17.22526,12.3084,15.13035,16.29891,18.4751,17.06535,17.11766,16.47138,17.49208,16.998,12.00811,17.40377,17.77054,17.20398,14.81568,16.18365,17.60676,15.55264,17.83306,14.63633,15.73708,15.83326,16.67835,12.72717,16.60591,17.39554,17.42551,16.5207,17.63715,16.20054,15.2989,16.2998,11.00873,16.72382,17.45667,17.04611,15.83441,11.17011,15.85114,14.43021,14.24284,15.99526,17.94027,17.47836,17.14257,16.50792,16.4463,16.90531,15.176,16.23343,15.90131,14.47086,14.13626,14.86113,15.3119,12.35633,14.70033,13.94549,14.22895,14.31573,14.11153,15.90061,15.28786,15.28166,13.42556,14.49936,14.34014,16.62984,16.32795,15.73854,13.16951,16.08092,15.73936,13.84208,13.26088,14.06426,13.12125,14.1289,12.31146,14.22365,15.34198,11.16648,15.88848,13.85524,14.41153,16.19637,15.03255,8.63058,15.60249,12.02656,14.61809,15.48589,16.71677,16.39974,15.20083,13.40261,12.18718,13.60256,14.46427,14.04491,13.20004,15.03213,15.1902,13.14934,14.66187,15.47053,14.86572,14.40719,11.45675,15.09482,15.75477,14.91222,14.00366,14.69161,15.08967,11.62417,13.41773,2.38283
aa,14.33129,13.8157,17.79071,20.83046,19.8216,14.92495,17.32914,21.64786,21.72015,18.20019,15.58595,21.79125,22.70182,19.9724,14.80791,22.80553,25.45725,24.85673,20.99656,22.06224,25.28252,25.36282,22.27598,17.83434,21.68996,22.61925,20.82691,17.04488,21.5881,22.09666,18.80053,17.61659,21.6034,23.31561,22.11031,15.02279,22.18713,24.22298,23.16002,14.69472,20.82314,23.24829,22.7875,18.96488,16.71968,19.37051,21.07705,19.25899,15.74443,17.98741,20.52258,19.60812,13.49129,16.8131,20.1433,20.17751,16.41433,17.05423,20.71642,21.15874,18.12632,17.68188,20.89246,21.40873,18.50131,15.09147,15.95493,18.07686,17.97756,13.78098,14.61542,17.08609,17.20908,13.41835,12.52844,16.14761,17.24932,14.81464,11.19694,14.5436,16.43363,15.11898,12.46547,14.13004,16.27436,15.92522,11.53897,11.76136,15.5508,16.16202,11.8403,10.76873,16.27578,17.29889,15.22611,12.21285,16.36156,18.45178,17.70133,15.68949,16.36987,18.77209,18.68417,15.5442,13.8296,17.00961,17.51438,14.47808,12.75274,15.81184,17.24378,15.4447,12.68474,14.50917,16.02063,15.09623,12.89505,12.19181,13.53413,13.91497,11.90059,11.04615,8.74063,10.76876,10.26825,9.34269,9.55508,10.21391,11.53127,7.4716,6.2371,8.7605,10.30785,9.40785,11.30369,12.17586,12.76332,8.96042,11.04179,12.91074,13.60522,11.44842,12.79389,15.21963,15.94454,14.80479,12.25821,13.21212,15.37303,14.95694,12.67425,10.77104,14.28681,14.63019,12.34377,9.48078,14.21497,14.96918,12.51269,8.21094,14.50402,15.78719,14.20242,10.86017,13.63321,15.26524,14.76794,11.48438,8.70384,11.63232,12.33865,9.75527,10.05937,11.50737,12.23032,11.34187,7.83805,10.7448,11.07252,10.21255,7.11807,5.70698,9.20681,8.26553,7.44957,9.53524,9.64273,11.12228,7.39687,9.639,12.82994,13.79718,12.68153,11.08195,11.79114,14.7557,14.36085,12.39752,13.64883,14.86549,14.61813,12.64798,12.39788,14.12541,14.52845,11.71751,13.3989,13.97732,14.27388,13.40165,12.6428,12.14029,12.36567,12.8726,9.80294,6.9681,8.79949,11.94266,11.31616,10.59981,9.51888,11.11022,11.32175,10.25209,9.46984,10.72618,10.95267,9.73428,9.71203,11.5523,11.27719,9.56138,8.92751,9.88379,11.2039,9.19294,8.94422,9.40587,9.73391,7.62436,7.85835,7.51049,11.11375,9.84787,9.66385,7.06795,10.03985,11.26689,9.10544,8.64565,10.03366,11.58354,6.29999,9.72259,9.88984,11.3644
ao,12.10758,16.51348,17.49401,15.82055,18.31132,18.61221,16.46725,18.47316,18.14267,17.4936,19.56837,18.61739,18.34404,19.90875,18.67003,20.62097,21.54085,19.28985,21.31832,21.58,19.42145,21.77182,21.4156,19.15508,21.31655,20.26046,19.54707,21.24085,19.27138,19.89415,20.98628,18.08631,17.72821,17.92153,15.12862,17.36726,16.99828,13.40803,15.84316,15.09093,12.11608,14.66913,12.9683,13.14339,14.43626,11.69165,11.9469,13.44483,11.7369,13.66389,13.4527,11.78609,12.99952,12.43889,11.19585,13.2868,11.85166,11.97479,12.43784,10.90162,11.68906,12.54353,10.14757,12.32922,11.67025,10.59656,12.0949,11.86931,11.33255,12.98601,11.22231,11.80359,12.62828,11.60143,12.6592,13.18789,11.78638,13.98699,13.78395,12.5725,14.01675,12.84436,11.22561,11.47121,11.30966,12.89564,13.78538,11.82613,12.60748,12.76828,11.0407,11.87168,12.15847,11.22311,12.24261,11.19057,10.11192,10.95636,9.77032,9.64119,10.26833,9.59781,8.79321,9.76166,9.47834,10.4475,10.84603,11.11016,13.04683,12.46067,13.39459,14.11493,13.10959,12.96534,13.24119,12.48574,12.04855,12.28545,9.9534,12.14428,11.93191,10.78081,12.459,11.11831,8.27435,12.68808,11.799,11.59161,11.61489,10.40624,12.05153,12.45398,11.20053,10.40739,10.0896,6.91852,10.1056,10.3104,10.24339,11.38812,10.93392,10.83013,11.61528,10.40155,11.32606,11.7663,12.21179,13.08196,12.97881,12.43105,12.84622,13.26334,12.84254,12.67012,10.56789,10.59255,12.35634,12.76756,12.5103,12.54183,9.7574,9.85285,10.555,10.12618,12.72281,12.39522,12.01048,11.23316,11.14884,11.03327,12.3884,11.38907,12.33931,11.35916,10.41975,11.51225,10.5468,9.46196,7.96028,9.20912,7.48389,8.02836,8.51948,7.24504,5.07714,6.3593,7.82519,6.3577,6.88213,6.66156,5.97977,3.51679,6.27808,0.66018,7.59781,7.76701,6.49448,5.88972,2.9341,7.05193,5.80973,6.86952,4.96777,6.7662,7.118,6.91916,5.50354,4.85481,7.34209,6.56301,5.938,4.86126,8.00722,4.58845,6.2626,5.32281,6.22172,7.38446,7.35213,8.05877,4.55307,7.0044,4.97999,7.05109,7.29355,5.14069,4.67022,7.11922,5.48347,5.72651,2.60352,5.92525,4.24424,4.52482,7.96438,6.28623,6.82035,6.87466,3.66986,5.86478,6.52374,7.31341,6.80618,7.73116,4.13798,2.64458,6.08042,6.14876,7.36785,6.23092,5.90322,4.89833,6.29383,6.4335,7.57635,5.9882
sh,10.83555,9.73305,10.06284,8.743,12.29361,10.81691,12.91903,12.56174,13.5382,14.3232,13.22184,11.5683,12.96234,14.82657,14.59978,11.5077,11.48451,13.42498,13.83533,12.21905,12.3653,13.82442,14.06202,15.16987,15.7419,14.81575,12.00363,13.01295,12.31336,11.6605,14.15686,15.33978,14.69153,12.18446,11.89334,13.41374,12.92757,12.50593,12.67389,13.40564,12.67857,8.26901,11.20163,7.83431,11.33972,13.55487,14.26997,14.07276,13.70311,12.94209,13.22178,13.10456,15.24666,13.6983,14.75855,16.56015,16.43901,16.42722,17.33189,17.35545,15.56563,15.68295,16.39883,15.45212,15.13184,15.31683,15.0409,13.93731,15.11902,16.03457,17.05189,17.16649,16.74196,17.02823,16.48038,16.18425,14.94441,15.88429,18.37033,16.46735,17.98766,16.76277,15.7964,18.44197,18.19279,16.34255,15.18595,14.62739,15.0036,14.72717,13.77797,14.33144,14.63561,11.39897,14.73596,15.62355,14.57348,16.46057,15.5351,16.10484,17.44056,17.88822,15.84244,17.77507,17.49385,16.09603,16.67612,15.86094,13.24307,15.12093,14.7155,16.77351,16.47748,15.30013,16.60876,16.89758,15.90327,14.34905,14.23725,14.5558,16.49416,16.08957,15.09759,14.78925,14.43632,16.4692,15.01114,12.36636,15.61793,14.97877,15.23793,15.38853,12.80305,14.56023,14.30944,13.0678,13.70077,16.40984,12.81424,15.33065,13.55394,14.20324,15.85562,14.90724,15.11525,14.59897,15.31141,14.04391,15.07862,16.38455,16.61927,16.40978,14.5418,15.40949,16.65517,16.3262,15.20237,14.9348,15.15595,15.20782,16.0335,14.95063,15.39511,15.86533,16.34929,16.28375,15.4553,14.10051,14.92691,16.07115,13.76637,14.60051,13.77691,14.3748,15.50421,11.92226,15.87062,16.38705,15.91802,15.95212,15.00495,14.81444,15.64787,15.63136,15.53892,16.38217,15.98008,12.52849,14.0567,15.1318,15.60089,15.72463,15.96719,15.88781,15.55291,14.58873,13.72779,14.66944,14.83486,14.47349,15.12771,15.63597,14.71699,15.7028,14.88057,13.89492,14.69772,13.72772,10.97204,15.16074,14.74063,14.246,10.22575,14.44202,14.78578,6.5311,14.77684,14.01986,12.44399,13.20976,15.24802,15.76892,13.8582,10.13223,13.84697,14.76753,14.32045,14.4417,14.64243,13.12871,12.5426,12.84284,13.16254,11.27877,9.9065,9.69724,9.94537,9.57225,11.42692,12.09137,13.76317,14.4644,13.28148,13.39105,13.35131,14.33793,12.86902,13.93317,14.70671,8.39972,13.99832,13.66411,14.78604,15.02881,13.69667,14.35715
sh,10.4826,11.7108,11.42139,11.75,13.258,13.73239,12.46842,12.18262,12.40472,13.50799,10.48204,13.97759,13.06498,13.95554,14.55124,14.27935,13.24315,14.93022,15.23482,14.63477,13.5918,13.77775,14.09466,12.94048,14.31229,13.68036,12.88163,14.46681,13.58416,13.29881,13.91724,12.70408,14.15723,13.4768,14.14684,13.56814,12.82836,13.47206,14.25837,14.38133,14.01373,13.03918,13.41525,13.59417,12.03795,11.98731,11.69255,9.77138,12.72746,14.02083,15.15702,14.8785,14.07465,15.00677,14.02187,12.50076,14.60558,12.26334,13.28439,15.01329,15.04647,11.99473,13.9768,14.39492,11.49391,14.87614,14.01549,15.34222,15.02225,13.90698,15.1476,16.86888,16.90578,15.56802,14.77391,17.02938,17.36072,17.18883,15.83184,17.68878,18.7237,19.10512,18.38998,17.45088,18.09833,17.29051,18.01426,16.73407,16.2379,16.17802,16.57512,15.44671,13.70836,15.86609,15.79739,17.17927,16.70319,16.27589,16.26523,17.36715,15.89515,17.35701,14.26059,16.8138,17.0552,15.42079,17.04645,18.51975,18.9813,20.62917,20.05084,18.24455,18.16779,16.88317,17.79825,16.72177,13.6083,17.79274,17.42899,17.27009,15.63576,16.46119,17.88814,18.61968,17.68686,16.84103,15.36964,16.41204,15.15044,16.76492,16.90286,17.65083,14.9608,15.23362,17.06728,17.55045,18.05211,17.00669,16.81775,16.74027,16.45295,16.86494,17.1317,15.51423,16.11667,17.62678,16.86837,15.95137,16.75971,16.79705,16.78701,16.68306,15.89898,15.85427,16.98443,16.4558,16.91023,17.03988,14.50913,15.65416,13.90131,16.3242,17.18804,16.03464,12.72506,12.89395,15.3304,13.29794,15.70051,13.05086,15.77184,15.17007,14.37999,15.35971,14.2441,10.62658,14.49067,14.86431,16.82842,16.42542,15.57585,13.94086,17.20656,16.43232,14.68826,16.56189,17.5147,16.86359,14.66507,13.28183,14.15082,15.28236,15.0781,12.29409,11.20343,13.90108,15.70494,16.56989,16.42532,15.64466,15.52509,14.24118,15.09637,15.54559,15.55311,15.30059,14.72947,16.03295,14.93935,15.31216,15.47654,15.01099,13.70529,14.11585,15.33109,15.04436,16.32263,15.98969,16.1356,15.56574,12.2897,14.74784,14.65321,11.67662,14.45618,14.14893,14.5841,14.23946,13.52118,16.53766,17.60888,16.27962,15.62974,16.29231,16.99704,15.74049,12.47763,15.56773,15.54822,15.8952,14.32548,14.05824,15.68527,16.53223,15.26401,15.33246,13.20745,14.79731,14.05643,15.43663,16.16244,15.72957,15.91187,14.83813,14.85695,15.32524
ao,10.52638,15.66788,17.62401,16.21064,16.90069,19.24466,18.04165,17.02086,19.52766,18.6828,17.65659,20.3292,19.58649,19.16168,22.61797,22.55082,20.54335,23.08468,23.30806,20.72001,21.98922,22.04741,19.10277,21.67204,22.16119,19.71319,21.34293,22.41715,21.18186,21.2322,23.68004,23.2759,22.20488,22.76934,22.10739,18.43781,19.56318,17.74317,17.67723,18.53989,16.27871,16.53772,17.75293,15.92143,16.18234,17.75059,16.8329,16.22537,17.75142,16.39709,15.43679,17.19128,16.15038,15.18719,16.7632,16.28624,15.10821,17.1383,16.68876,15.46468,17.63648,17.0285,17.23012,19.15446,19.04338,17.51936,18.51962,18.87611,16.81634,16.28454,16.74898,14.32541,15.24998,15.86191,13.99804,14.67735,15.22435,13.64682,14.0795,15.01843,13.13222,13.71249,14.38368,13.19959,13.56138,14.13472,12.80448,12.87962,14.37041,13.13182,13.42619,14.58479,14.05147,14.16381,15.11328,14.6623,14.48236,15.72073,15.46772,15.46973,16.49349,16.39846,16.69954,17.52566,18.15612,17.39179,15.61242,16.75446,15.77394,15.44082,16.02944,15.20043,15.02054,15.93814,14.69539,14.98023,15.69839,14.25636,14.81134,15.16126,13.87124,14.03245,14.53797,13.30966,13.88862,13.75899,13.11735,12.92229,13.14999,12.32033,12.34118,12.42213,11.71301,11.6131,12.10479,11.53016,11.46538,12.64284,10.89471,12.92706,12.4115,12.60468,13.43727,13.03478,12.70016,12.31598,11.72839,10.19615,11.09225,10.77896,10.95113,7.37969,11.01443,10.64233,10.44443,8.87786,9.00981,9.19635,8.9688,8.85667,9.05981,10.05124,9.75175,9.72213,9.12522,9.92735,8.90937,9.76076,8.48039,9.57843,6.82122,8.46118,6.82621,7.9952,8.43445,7.88386,7.68256,8.03353,6.5043,7.64485,7.08454,8.36073,5.94071,9.11651,7.31134,8.51224,2.1891,8.54777,4.28164,7.86871,7.02904,7.70128,6.6075,7.61694,7.77694,7.21155,7.43949,6.61898,7.70674,8.06636,8.68795,8.85773,7.76284,9.56497,9.56816,8.57501,9.61282,9.51583,8.13938,9.59915,11.73072,10.47292,12.12568,12.51442,10.79217,11.22635,12.62674,10.55784,11.21753,12.03649,11.65184,10.83466,12.39128,11.27414,9.95945,10.76294,11.29785,9.89347,10.15928,10.43131,8.68363,9.72703,9.36034,8.51216,10.66515,11.06031,10.00988,12.41799,12.81327,10.27119,13.35587,14.28075,12.4706,12.69469,14.09223,12.49924,10.84413,12.949,12.20153,9.56591,11.85073,11.25163,9.44855,11.76272,11.51855,8.28867
aa,12.75685,11.4277,16.7922,19.87583,19.42509,14.96087,14.20403,19.65375,20.41517,17.62974,13.00656,20.2421,22.16876,20.86582,14.49713,19.89176,23.44084,23.30633,19.52655,17.32264,22.83909,23.89948,21.65735,14.88624,20.10973,22.16374,21.12449,16.20634,18.55834,22.17583,22.21375,19.13401,15.51121,21.25304,22.35461,20.51721,14.95324,20.19016,22.2517,21.22926,17.2826,16.51327,19.66819,19.78857,16.45458,11.76854,18.07025,19.54094,18.10725,13.47031,16.00081,18.77053,18.35974,15.78524,14.41107,18.09956,18.82521,16.96837,14.61884,17.56212,19.2356,17.93246,16.15804,16.41483,18.35551,17.66828,15.12091,12.63587,14.91946,15.76566,14.25872,11.96473,12.02391,14.27306,13.52848,10.60257,11.89868,12.04264,12.57976,12.20463,10.54643,8.02606,12.73768,11.64746,12.24515,9.86711,12.32529,13.25435,12.00457,11.74928,12.40114,12.88496,13.32062,12.1844,10.37677,12.98215,12.60848,12.85455,10.78505,11.34393,13.82829,12.75979,12.2573,10.44791,13.52532,13.90185,11.00464,12.5076,13.96917,13.62601,12.49502,11.85088,11.38237,11.76442,11.89167,11.83098,11.52543,10.19105,11.70373,10.22319,11.07884,11.81489,10.65241,11.00167,8.06151,11.32198,11.31379,8.96772,10.83631,8.60526,9.38513,9.95844,8.695,11.15057,9.8905,10.3468,9.756,9.01798,11.57705,10.02738,10.15657,11.18089,11.2398,10.77358,10.23592,10.87099,10.22862,9.23365,9.71034,6.28942,9.59808,10.43928,9.56618,10.36127,7.96452,9.43356,8.48537,9.99755,5.51845,9.67572,8.41302,8.68786,8.88717,8.81765,7.77095,9.10565,8.44482,8.63394,7.80437,8.98449,8.12653,8.83705,8.09048,8.89588,8.45003,8.75725,7.99194,8.82562,8.26096,7.6344,9.13226,7.91778,8.43999,8.9344,7.28137,8.93874,7.23755,9.26609,6.91351,8.84287,8.55508,7.6006,9.1485,7.84965,8.11334,8.50922,8.30371,8.16725,9.09673,8.1955,8.71161,8.06358,7.77602,8.22807,7.73157,9.17624,9.66037,8.24083,7.7415,7.58927,9.56448,7.20357,9.70584,7.46634,7.65337,9.0556,7.78227,8.75872,8.85374,6.62484,8.30778,8.89426,7.45946,9.27877,8.85044,7.45737,9.11925,7.92198,8.89311,8.62161,6.54606,9.34664,8.29269,8.19237,8.62442,6.74631,9.3439,7.1361,6.76893,10.40967,9.28963,10.24102,8.55064,10.01099,10.40297,9.53121,7.78022,9.07621,9.17635,8.61365,7.78974,8.27377,7.85976,8.09274,8.83966,6.81448
iy,8.69024,11.59318,16.3428,19.8758,19.7523,15.22316,14.98039,20.49815,21.72783,19.45108,14.91518,20.6928,23.61774,23.00299,18.11916,13.64123,19.41175,20.27041,17.37474,12.63136,17.77594,20.21369,18.94317,13.84169,14.00108,18.33697,18.54721,15.514,8.63069,16.46403,18.29504,16.4805,12.75666,13.22356,17.18088,16.74531,13.91596,10.45841,16.1664,17.19591,14.65021,11.01958,13.37359,17.0318,16.34269,13.64117,13.07704,17.21125,17.72336,14.92425,10.86461,16.54091,18.67804,17.37385,14.45914,15.34468,19.15811,19.47737,16.42153,15.31911,19.01406,20.93684,19.60126,16.63982,16.8394,20.99568,21.24844,18.72225,15.85966,18.72652,20.18411,18.65521,15.73616,16.47265,19.628,20.01953,18.29755,15.80254,16.45226,18.70758,18.49487,17.0319,13.34357,17.39823,17.12947,15.19799,13.56491,14.64029,15.88491,15.29938,14.02934,11.95157,15.21477,14.64682,14.39305,12.71041,12.80311,14.19354,13.95327,12.49787,15.14722,15.26475,13.62702,13.29567,15.8799,16.35318,16.53183,16.11575,16.40366,15.25109,16.72178,17.00086,15.92624,14.64747,13.5321,15.72151,15.76282,12.5236,15.49232,13.40268,15.51382,14.66285,15.05155,14.58739,13.8804,14.78272,13.58843,15.26098,13.67363,13.18638,13.27419,13.19519,14.38348,12.65273,9.71164,10.06734,12.5694,10.54816,13.00611,13.27504,14.25722,14.07938,13.61489,13.77905,11.88533,14.2512,12.10261,13.20331,11.08753,11.82659,11.12026,9.56229,11.45338,10.59989,10.4723,7.78291,9.93076,7.74362,9.10855,8.54506,8.7595,8.51569,5.05732,8.97602,5.13825,8.18083,7.14714,9.22658,8.23885,8.69396,8.24216,6.19563,8.97186,7.44297,8.24601,7.2883,8.58804,8.38778,7.22386,6.23543,8.7678,7.99998,6.94166,6.957,8.25283,7.32003,8.61304,7.34906,7.23496,8.47518,8.04594,7.60283,7.25665,7.64402,6.36143,7.96042,8.44595,8.23555,5.70202,7.87366,8.80732,7.80705,8.44776,8.57799,10.06039,8.18764,5.9839,7.19546,9.47798,10.28854,7.16579,9.04135,7.85672,10.6256,9.56466,10.75644,8.69526,11.25209,10.62459,11.32424,11.21895,9.24213,11.04932,10.38181,11.83723,9.40316,8.35108,7.97408,10.10186,7.25733,6.74947,9.24701,7.26198,9.2533,7.10228,8.66831,5.84537,9.11622,4.31398,7.95899,8.98322,9.11024,9.37284,8.30941,9.28092,8.5085,9.51932,8.33049,7.79105,6.87455,8.41225,6.59975,7.75225,7.05288,7.88967,5.89413
iy,11.7651,10.85276,16.24191,18.83731,18.06517,13.00726,16.91572,20.68868,20.54962,16.4836,13.60471,19.59631,20.47798,17.61821,11.10717,16.69847,17.76646,16.12793,11.7219,14.66297,17.16898,16.18509,11.77947,13.27742,15.34321,15.19828,11.43763,12.314,14.57598,14.49895,9.9156,6.64103,13.48791,14.41887,12.6364,10.59613,11.74473,14.43005,13.07102,10.47184,11.53448,13.49096,13.40943,9.76154,9.80893,13.78439,12.9988,8.47508,10.51599,13.51403,14.66712,12.14589,9.95021,13.37989,14.73297,12.76326,9.98601,12.32297,15.32239,14.53151,12.1757,14.05508,16.50956,16.12519,13.08558,14.1186,18.00603,18.73207,16.3827,12.95411,14.92424,16.59292,15.60859,12.90541,13.58646,15.44831,13.11285,10.34823,9.13119,14.29542,14.5771,13.55747,11.43262,14.23372,14.33828,8.80868,12.07058,14.456,16.12682,14.8474,13.24204,14.49586,16.42916,13.88214,13.2741,11.40632,15.62752,15.62726,12.94193,12.85291,14.44066,15.14151,13.52045,13.26121,12.70033,15.30611,13.79767,12.80616,12.81566,14.93454,14.23015,14.53096,12.29927,15.25183,14.39985,13.35841,14.92543,15.86327,15.44652,11.67631,13.64082,13.65691,13.75637,11.80691,10.61158,10.70249,14.07815,13.65811,12.45061,13.58235,15.11464,14.57829,11.56242,12.82084,14.363,15.3568,10.46639,12.0263,12.28997,12.30238,12.09118,11.89959,11.949,12.21656,12.75699,12.30635,9.83865,11.38312,12.97696,12.34017,12.07965,11.80019,12.87278,13.13482,12.58523,10.04914,11.96352,12.71884,11.99348,10.54227,11.13492,11.20573,12.50406,11.89449,6.89957,10.89695,11.8157,12.36549,11.3522,10.63079,8.12402,12.43982,11.78307,11.26705,8.85218,12.63936,13.54855,13.29723,12.55945,12.51824,14.49331,14.64591,13.26788,11.30869,12.02847,12.48796,11.23803,5.12829,11.1563,11.51015,10.27289,10.01761,7.9412,10.04794,9.98446,9.21257,10.73349,10.59786,10.63361,8.54642,9.0032,9.52886,10.39198,8.43176,9.45667,9.58401,11.10799,9.1913,6.67247,10.57429,11.54048,8.61213,9.09546,11.66089,12.19352,11.34925,9.60797,11.36295,12.87867,13.08409,11.17579,9.75146,11.24594,11.22891,10.40314,9.0377,7.09678,10.30677,9.53709,10.57424,7.53784,10.77655,10.39378,9.04485,9.80574,11.07538,11.47597,9.63474,9.66031,11.42857,11.62049,11.15086,9.36246,10.55275,11.80434,10.94819,9.68441,10.0893,11.50139,11.43944,10.13546,10.05008,9.55585,9.60123,8.6493,5.60241
dcl,9.31872,12.00644,13.31481,12.02606,14.31609,15.96018,14.45308,13.70927,14.98376,13.44488,11.46012,12.72469,11.59276,9.9592,11.05164,9.75038,8.22352,9.29398,7.38461,8.38245,8.50036,5.6308,7.65474,5.56836,5.06972,5.9212,8.23681,7.26982,7.03516,7.74885,7.26203,5.28655,6.42397,5.946,6.02327,6.57728,7.05324,3.82124,6.63431,7.54001,7.72028,7.35392,6.40913,7.28137,4.34964,-0.26646,6.5196,6.90852,5.89587,5.42191,6.75817,6.23434,3.06077,7.11448,5.6728,5.9433,5.63483,5.70658,7.47031,7.0877,5.54378,5.86761,6.04117,6.83666,7.41591,6.62905,7.18879,7.97423,7.07327,7.71915,8.60616,8.85316,8.10242,7.97808,8.43907,8.05253,8.89675,8.7246,8.89746,9.31611,9.00211,8.29622,8.76533,9.42406,8.18044,8.42756,9.8199,9.62569,8.52045,7.99361,9.71873,9.47865,8.16736,8.12003,8.19045,7.78417,7.2743,7.62209,8.11953,7.65945,5.40566,7.02483,7.60184,7.73912,6.41222,6.71519,7.30483,6.04197,6.82271,7.25302,5.45392,5.0555,6.62103,5.2492,5.0101,6.48759,6.14233,5.90563,6.882,7.12324,5.72851,4.0547,5.91476,6.86759,6.65621,6.40222,5.61875,4.63715,6.8851,7.18223,4.24304,6.05648,4.47404,4.87999,6.6234,6.92552,6.03995,5.89313,4.73641,6.5787,6.4188,5.65647,5.72802,2.38261,3.47091,6.45335,7.92868,7.23909,5.21679,5.08743,3.59592,5.3556,5.80139,6.54287,6.48036,3.9771,5.38629,7.40123,6.70291,4.49755,5.51871,4.91192,5.59409,6.86501,6.58991,4.44066,2.76549,6.18423,6.16812,5.75865,5.61925,5.82592,4.00378,2.99219,6.00078,6.64156,6.72188,6.44201,6.87355,5.81153,5.14891,4.836,4.17731,4.80426,1.18584,6.49972,6.36847,6.42724,6.95644,6.07114,5.45178,6.79364,6.44543,5.38784,5.54092,5.17499,4.94828,6.84124,7.41416,6.87834,5.89954,6.54725,5.73262,5.65601,4.34946,4.91518,6.11302,7.03585,7.07282,6.5002,5.5786,4.93388,5.40268,6.59518,6.75182,5.07086,2.97768,5.02862,6.35974,6.36334,3.97949,2.74873,4.67306,3.88095,5.46038,4.61061,5.0916,4.297,4.55025,5.20747,4.69126,4.39457,6.46092,6.03065,5.01366,5.20829,1.67999,4.55801,4.94229,3.37946,2.8375,4.9482,6.22003,6.48644,6.17327,6.12063,3.77371,4.36084,3.48371,5.31791,6.01588,4.74137,5.12954,6.19989,5.98306,3.6969
aa,13.92411,13.16272,16.62882,19.09716,18.44769,12.63692,16.28621,20.47988,20.58459,16.7101,14.72248,19.75622,20.75071,17.89842,16.62616,21.02252,23.66534,23.00235,20.19993,19.61738,22.53223,22.56071,19.87509,16.73029,19.89278,20.79383,18.4259,14.25386,18.4551,19.83513,17.38961,15.32552,15.98376,19.05645,18.27476,15.50636,14.83533,18.73912,18.63399,15.07125,12.88475,18.65889,19.26002,17.21903,16.43882,19.951,20.79462,18.05423,17.00807,18.75452,19.67682,19.07168,16.90227,17.11985,19.02303,18.6417,17.12885,15.39065,16.76578,17.63022,13.18455,14.77879,18.25643,18.04423,14.25033,16.50913,16.14064,15.97383,14.95139,14.82316,15.9549,14.28923,14.32375,13.50329,14.70612,10.81811,14.23036,13.67083,14.25126,13.61407,13.60122,14.19993,13.36479,11.80321,13.69921,14.72129,12.48676,12.87637,11.56293,14.46178,13.505,12.22104,11.68309,14.51409,14.21136,13.25125,12.70678,14.69892,14.96416,13.69813,12.23838,15.0794,16.04474,15.28105,13.60718,14.05387,15.14388,14.59796,12.34113,11.12395,13.17017,13.54172,12.08301,10.11186,11.2803,11.68413,10.71294,8.56284,7.46588,9.41586,9.68154,5.70246,7.22445,9.60651,8.56138,6.3927,5.84881,7.7261,6.74336,5.36956,6.08118,6.11537,4.36419,5.18307,4.84957,8.05783,8.61128,9.89246,10.22559,9.5389,9.32163,10.07369,8.90095,8.10521,10.4458,9.99421,11.48351,11.67465,11.93612,12.68525,12.13167,10.64264,11.08241,11.64511,11.45866,10.01813,10.01276,11.41022,11.39222,10.86445,9.67332,10.13399,9.89194,5.22759,7.66351,8.19896,10.23681,9.49696,7.31105,6.7746,9.09285,7.19713,8.24515,8.28946,7.5641,9.57777,9.51755,9.48923,7.74351,8.90064,8.78015,7.26569,7.17452,6.87489,5.98984,8.4271,6.35645,6.0297,7.9128,7.5539,6.37063,8.59962,9.22104,8.71995,5.63259,7.16699,9.55847,9.01579,4.69887,8.33154,10.21263,9.8969,7.96454,8.78905,11.0278,10.98271,6.78406,6.26188,10.45785,11.16117,9.783,11.21919,10.12454,12.06563,10.99171,12.66483,10.66677,12.70881,11.51838,12.07041,11.75561,11.33008,10.93859,9.77924,9.79478,9.31117,10.42448,9.95533,8.69214,6.69013,10.27299,9.60066,8.22779,8.4172,6.2144,7.55668,7.75346,8.03801,8.73955,8.73128,7.57039,9.06761,9.36475,9.16098,8.4238,5.38677,10.11043,11.35683,9.50757,5.648,9.49904,11.07518,9.14752,7.30007,10.16481,9.97071
iy,10.94717,15.73687,19.15271,18.73841,15.43233,17.6911,18.22516,16.57221,18.32251,20.38409,19.75214,18.10426,19.30812,19.43492,16.13001,15.89235,15.97381,14.77458,14.6382,15.00333,14.72128,14.75046,15.20198,15.14042,13.69961,14.54574,15.13041,13.55802,13.97695,13.95516,13.68709,13.71908,12.99163,11.64827,13.10848,13.37241,13.45179,11.15469,12.80795,12.82857,11.82644,13.20666,13.46293,13.01624,13.13888,14.49896,13.45753,12.35236,14.54802,14.05807,13.23013,15.16082,15.81581,13.89676,14.93241,16.72275,15.1528,15.09363,17.61964,17.58031,15.24913,14.96805,15.39543,12.08476,13.7047,15.35882,14.49409,12.75972,14.90296,14.62109,12.76249,14.1035,14.32574,12.33425,14.16571,14.87042,13.95396,14.42221,15.39053,15.79794,14.85732,14.83219,15.46685,13.98127,13.87853,13.99541,13.51054,13.3565,14.21224,14.20901,13.80771,14.02338,13.30236,12.29801,13.61988,13.06296,12.28656,12.76068,13.03421,11.74084,13.02225,13.42842,12.9343,10.87805,14.15443,13.5441,11.59655,14.40991,15.16921,13.82871,14.164,15.2769,14.5354,12.44273,14.71373,13.80144,12.07299,14.86221,15.23585,12.86481,15.12931,15.53572,14.01281,14.16601,14.24023,14.57025,13.01413,14.56337,12.48666,13.48998,13.52395,12.73389,13.43618,12.68342,11.16222,12.70187,12.41586,9.96809,11.47835,12.29823,7.84427,9.42899,8.66393,9.13401,9.19927,9.30911,9.29184,7.27611,9.20745,9.52724,8.01391,7.81558,7.8308,9.87802,8.20353,10.07429,10.06514,6.46829,8.93281,10.20618,9.26533,8.24199,11.13844,10.31274,7.87503,9.52524,10.9591,8.38923,9.74683,9.50938,7.92792,10.77091,12.1265,12.70784,12.10206,11.37353,11.98518,11.67205,9.91443,8.42603,10.76441,10.38786,8.34385,9.21234,9.67002,7.98759,8.15273,8.51401,10.2108,10.51213,8.98651,9.78902,9.87236,8.24439,10.13343,10.59985,7.40784,10.00687,11.20083,10.8227,9.75882,11.79712,10.57772,9.77159,8.94019,6.81443,8.83025,9.47378,6.57286,8.34939,9.83771,10.12774,7.62539,6.50426,7.76957,8.57174,5.00363,8.78938,9.24328,8.17054,10.46429,11.08857,10.78324,9.84362,9.91615,10.08922,10.79654,12.67854,10.634,11.94503,11.06718,10.72638,13.11379,12.20828,12.06897,11.51402,11.35337,10.17781,10.35997,9.67926,9.92237,10.45478,8.95706,7.31528,8.0953,7.08378,9.44233,10.17793,9.97444,9.22009,11.54172,11.31092,10.12442,10.03321,9.41538,8.98177
dcl,9.26749,13.79562,15.59071,14.00521,14.77481,16.28898,14.43244,15.36931,17.16768,15.43622,14.88287,16.46388,15.01256,9.62319,11.37822,10.87977,9.36301,10.82771,9.92663,8.84223,10.06233,6.42071,8.45543,11.45577,10.09159,9.01349,9.91455,5.90169,9.48336,10.51461,8.63855,9.52934,10.46014,7.6515,7.11257,8.864,8.49176,8.82309,9.19438,6.72023,7.96272,9.73631,8.7627,4.46976,6.67495,6.50012,5.82939,7.63209,7.86867,5.52439,9.62729,7.65443,7.19532,9.92214,9.35009,7.6436,7.79566,5.88229,6.10374,8.28847,7.75556,8.52562,8.35774,5.93171,7.41316,9.28889,7.05519,7.85934,9.9125,9.50219,8.41382,11.00925,10.30728,7.7355,10.3362,8.34871,6.9133,9.13725,8.99359,8.97693,9.50431,6.58814,7.492,7.2426,7.10425,5.85466,5.54185,4.39542,6.11363,7.03931,7.56799,5.39692,6.34772,3.68728,3.71971,7.21094,7.50715,6.53578,6.97337,5.726,5.48642,7.04713,7.63167,5.83854,7.80749,7.70425,7.79481,5.56467,8.29564,7.38441,6.95037,8.33605,7.50856,8.47172,6.71075,6.89571,8.68682,7.88448,5.71618,7.0861,7.99519,8.37917,9.64739,8.90108,7.83499,9.11847,8.34896,4.31178,8.76057,8.83416,7.97461,7.58989,7.57384,7.94211,8.22179,8.3055,7.78114,8.96116,9.53859,8.54049,8.10806,7.80348,7.3909,8.19364,5.2203,7.67804,8.19605,6.76759,7.20027,8.29655,7.44224,6.15219,6.68554,7.22202,7.64766,6.11173,8.41155,7.84969,8.03307,8.97538,8.84572,7.29234,7.79365,6.56074,4.93461,5.08045,5.74647,4.93968,7.78027,8.17944,8.01423,7.34167,6.7539,7.57616,8.09363,7.87661,9.00639,8.11641,5.43678,7.60783,8.09271,6.46405,4.62403,6.81262,6.53981,5.01843,6.98594,6.53243,7.23627,7.53175,5.89265,6.1916,6.52965,6.98001,7.02854,6.53579,7.63474,7.68835,6.85538,7.79574,7.34688,7.22895,7.36417,5.77233,7.08996,7.31287,6.58396,3.81641,5.40183,6.69385,7.66211,6.86236,5.96157,4.90757,4.23324,4.2486,4.55059,4.41714,6.03386,4.98467,5.51336,4.90162,5.50358,-0.92083,3.97319,2.76811,4.21132,3.13571,3.77914,4.81839,5.73677,4.84594,6.01327,6.59814,6.93701,6.7389,6.49606,6.06405,6.18041,6.90695,7.12062,5.50287,6.24495,4.45828,5.08095,5.94205,5.68519,2.07065,4.78034,5.96952,6.52352,6.60001,6.31962,5.56215,4.94035,3.1787
ao,11.25814,16.82592,17.75165,15.56796,17.61944,17.8136,15.22535,16.758,16.22448,15.82613,17.56684,16.31289,16.92837,18.11138,16.65213,18.48665,19.06474,17.87613,20.66437,20.38099,18.39001,20.43212,19.30012,18.0592,19.48174,18.15959,18.92785,19.412,17.55543,18.5977,19.09938,17.69761,19.4469,19.56706,17.25573,19.37259,18.95379,16.29345,15.89129,15.68145,15.35829,16.57342,15.29495,15.10279,14.54139,12.84878,14.63825,14.71994,13.88983,14.19452,8.63975,10.86405,12.36026,12.71484,13.74039,12.95389,11.21451,13.58638,11.46404,11.5136,14.63483,14.62179,16.36809,16.80475,14.18303,13.82819,13.86975,14.28959,14.9131,13.59736,11.61956,12.35924,11.92025,12.12176,12.8062,8.56672,10.55832,11.31001,9.55531,8.76466,8.1345,10.50485,11.53491,9.76511,8.17079,11.43814,9.79918,10.38864,10.78873,9.10414,7.85816,9.12667,7.42473,10.46888,10.0246,11.63234,11.68238,11.35906,11.28179,12.21649,11.86968,13.31894,12.89061,9.39333,11.43889,10.8129,10.99029,10.18071,10.66103,11.17385,11.11796,10.91663,9.95405,7.83084,9.68076,9.7783,8.64726,10.15305,8.77232,7.24623,6.51,10.01245,8.50051,10.28945,9.10099,8.80087,8.02744,9.27437,6.67653,9.73784,10.60954,10.03725,10.93889,7.55858,9.07493,9.79976,10.51255,8.91766,7.75951,9.11948,9.69213,11.13121,11.70118,12.59675,11.84392,10.19672,11.68132,12.05628,12.13725,11.66426,11.16174,10.38751,11.58392,10.46763,11.68696,12.02184,11.77483,9.68714,10.02497,8.03633,9.54485,9.7174,8.58342,8.70862,6.71233,5.63572,7.79147,6.82656,8.17842,6.61309,7.1271,7.15119,7.17759,7.57039,5.15495,5.39354,5.74499,6.17204,4.34191,5.75549,6.2861,6.91634,7.39319,3.60602,6.48446,4.74332,6.33739,7.20641,7.55692,8.18715,4.4953,6.36485,8.33812,7.98078,5.85972,8.48269,8.649,8.95729,9.0931,8.66394,8.49312,8.74389,4.52466,7.97054,6.58624,8.30884,8.07327,9.47869,10.49543,9.48602,9.76106,8.3756,7.89274,10.1555,7.46839,8.62211,8.13325,8.86396,7.24862,7.47353,6.37101,8.22023,8.3608,8.53953,7.82169,8.9356,10.4243,9.90411,8.74754,9.73469,9.33855,8.38736,9.62967,8.37982,6.43886,6.4816,6.72525,6.85576,5.71315,2.42316,6.8915,5.61023,5.11953,3.98716,4.71856,6.96985,5.84287,6.61949,7.06253,6.17575,5.56476,5.65858,5.22832,6.09123,5.9736,7.3415
aa,12.2752,14.39216,17.96985,17.90822,15.03411,18.93752,20.37587,18.80268,16.23676,20.19596,19.99169,17.89653,20.04491,21.44897,19.96961,20.33643,23.55394,23.40457,21.55479,23.71603,25.24998,23.98378,21.37084,22.07573,21.65747,19.97265,19.96662,21.34012,20.42991,19.14491,21.49179,21.72826,20.70546,22.19195,22.82042,22.6094,22.77706,22.94383,20.75508,20.32471,17.84312,19.73697,19.18055,18.12474,17.78717,17.89916,17.36803,16.65338,17.13978,17.18287,15.88017,16.84963,16.81335,17.15467,15.49192,16.4241,16.11643,15.61223,16.11497,16.26453,16.30799,14.32778,16.40148,16.34241,15.82358,15.51577,16.44885,16.47093,15.42924,16.90043,17.71124,15.74767,17.34245,18.14872,18.96474,18.83516,17.60997,18.19261,17.26288,16.18332,16.34497,16.97613,15.6181,14.844,16.5095,15.58316,15.23736,15.39743,16.20316,14.75244,14.64735,16.15701,14.83655,14.98747,15.84632,16.30699,13.06275,15.42647,16.612,15.85074,15.35003,17.08623,17.16761,14.15307,17.87502,18.99862,18.29581,18.60919,19.63997,18.46832,13.66585,16.68769,17.9698,16.34777,14.04043,16.50218,16.56996,13.31904,15.12646,16.14363,15.19017,11.87589,16.13853,16.07254,13.93553,15.21572,16.79864,15.15844,13.48281,15.86681,16.21882,13.64838,15.19834,16.20547,15.31383,13.54067,15.70071,15.34797,14.32361,14.74452,15.89898,14.54831,14.44278,14.05642,13.91653,10.7628,11.93845,10.70017,11.30134,8.84656,10.24834,10.34193,9.57987,10.37225,8.84279,10.42335,9.10882,9.75507,10.16668,9.81581,9.95436,9.24333,10.00292,9.5406,10.29161,9.67762,9.9244,9.52872,9.12551,9.41418,9.98689,10.4033,10.14269,8.64557,9.9669,10.63928,10.25807,9.25979,8.88085,10.48049,10.02536,10.25573,10.72583,12.29616,8.88527,10.94507,11.53005,11.80083,10.41843,12.02866,10.85568,10.89114,9.92428,10.52876,7.99493,10.49292,9.91083,10.90115,9.99816,8.2068,11.60649,7.42692,10.78099,11.57448,11.73731,8.45767,11.57133,12.67425,12.92709,11.24589,11.88299,10.92764,10.99547,11.24375,12.98752,12.23945,10.87376,12.0462,10.85548,10.86195,9.87233,9.80692,10.67602,9.96071,9.55595,10.60186,9.33685,10.60172,9.16143,8.92532,9.10349,9.91983,10.04025,7.99905,10.14412,9.76906,10.42944,9.22441,9.49938,10.50688,10.67969,10.95368,11.34214,10.64241,10.8927,10.48209,10.75908,10.50836,7.73202,9.75682,10.87166,9.29534,9.82001,10.69322,8.53992,10.78935
sh,12.32401,12.29187,11.21326,11.12524,12.91267,11.12292,13.72383,13.72258,14.29626,14.05402,13.18642,13.28016,13.975,15.20958,14.03528,13.79112,11.29697,14.56704,15.39751,14.71366,15.04636,15.2025,13.06915,13.66474,13.79926,11.29697,13.89144,13.78973,12.12443,13.74559,14.22447,13.02819,12.09364,13.09364,13.63721,12.74479,12.63795,9.27175,12.67087,13.99117,13.458,12.31595,14.57308,15.48462,14.38884,13.67115,15.53552,16.42945,16.00007,16.00893,15.57179,15.98767,17.35854,18.20843,17.49822,17.76251,15.06095,18.75429,18.77835,17.59009,15.58173,15.1161,15.25954,15.20201,17.26254,17.38441,16.64409,13.86572,15.27749,16.65649,17.02737,17.00417,16.3541,15.53835,14.46494,15.32729,15.59336,15.91223,14.60361,13.50441,14.1338,15.27009,14.21278,15.80837,16.02346,15.54848,17.31185,17.08267,15.17277,16.36344,14.7824,15.1134,13.68007,13.74822,13.73617,14.80881,15.30719,15.84031,15.73099,15.39368,13.3954,17.62185,17.65645,16.75044,17.15247,17.7583,18.84742,18.86815,19.08437,18.24094,17.26352,17.67745,18.19476,18.61117,18.26751,18.24855,17.32058,16.56267,16.99402,18.07341,18.31874,16.86234,15.60987,14.45887,16.50274,17.68587,17.52097,16.45599,15.03469,15.75677,16.06394,16.12126,13.84724,13.89515,15.8207,13.99468,17.92656,17.58169,14.75068,14.96033,14.77186,17.01453,13.23152,16.50516,16.35767,13.89076,16.59086,15.5311,14.67667,15.50819,16.97076,17.14714,15.57156,17.28006,17.3506,16.01011,13.76171,15.03407,17.4262,17.21791,15.55296,16.50791,16.6603,13.05997,14.66491,16.62789,16.40964,16.12741,15.99198,14.05275,10.91613,15.2667,14.31128,16.44692,15.34884,15.0793,13.68844,15.70211,16.11172,13.41324,15.7758,13.76742,12.30926,16.01326,13.47043,16.00401,12.0109,13.26824,16.70139,16.70311,16.61861,16.81589,15.17661,15.0223,16.31729,16.46076,15.68458,13.22322,16.29927,16.56767,16.24667,16.75024,17.42953,14.68861,17.90448,17.67288,14.01348,14.16963,16.83975,16.35101,15.70387,14.71031,16.47126,17.14251,16.91562,16.78076,15.61232,16.21917,15.47636,16.23407,13.38386,16.43671,15.37764,13.75462,13.11707,16.62785,16.53051,15.96953,13.494,15.60063,14.70222,16.03351,16.82208,14.66665,14.59198,13.99562,15.69395,15.37584,15.91736,16.74854,15.46229,11.54425,13.51981,14.60539,16.13449,15.9867,15.35844,15.80393,15.63752,15.76945,15.34865,13.8368,15.66895,14.55071,15.23836,14.97855
ao,13.6163,12.38414,18.01053,17.50641,14.99984,18.04036,19.72136,17.69788,15.32609,19.44371,18.94353,15.95562,19.69021,21.2644,19.3107,19.75134,22.82982,22.2958,18.43506,22.96843,23.90877,21.61464,17.95971,20.90909,20.39139,17.55836,22.56001,23.31636,21.19374,21.04367,22.98769,21.66403,18.73224,19.88754,20.42096,17.94559,16.85774,18.52049,17.46595,11.34826,16.48669,17.09357,14.97634,14.72251,16.45649,15.71496,11.66467,15.54348,15.94232,13.89018,13.62169,15.0702,14.38345,11.5748,14.55679,14.71411,12.43034,13.31409,14.58924,13.95623,10.08662,14.09437,14.15599,11.76942,12.89442,14.2638,13.88723,9.55625,13.78932,13.88783,11.36508,13.1004,14.35465,13.85715,11.48071,14.57139,14.67987,11.91621,14.30475,15.76627,14.94891,14.90979,17.23084,17.61151,17.10079,17.357,18.32613,17.10727,14.35474,16.13898,16.20533,10.2794,14.69294,15.75627,14.32637,13.66612,14.92957,15.07143,11.35106,14.14701,15.04198,13.45552,13.20196,14.67115,14.92529,10.24341,14.48608,15.59519,13.88879,14.09374,15.86846,15.99649,12.43746,16.25534,17.43181,15.40711,16.74905,17.72887,17.76718,12.96587,15.99383,16.64429,14.71704,14.19097,15.39709,15.20644,12.93181,15.28177,16.06329,13.76011,14.4793,15.62342,15.37319,12.13881,14.65648,15.46957,12.8178,13.41244,14.71539,14.24838,11.15351,13.3323,14.22325,9.30266,12.91009,14.11517,13.03576,12.24594,13.55813,13.72198,10.25721,12.27174,11.99789,10.60364,3.61184,7.24425,8.09583,7.74545,8.08765,9.97816,7.75672,9.1221,9.69161,10.19841,8.16717,9.21237,11.09249,9.08368,10.44971,11.62134,12.29005,6.06209,10.80073,11.86437,10.30016,7.88927,10.1934,9.86776,8.49706,11.43087,12.92685,9.79215,12.02251,14.63547,14.55854,11.7203,13.76621,14.58384,12.38143,11.37839,12.09253,11.40829,9.61648,9.71469,10.93379,8.77318,10.22334,9.66444,9.5684,7.58278,9.39117,10.07099,7.62434,9.90503,10.35944,10.37031,8.83137,11.22722,11.3827,5.01903,9.60554,10.01459,8.88448,9.40614,9.8912,10.10125,7.54614,8.11956,8.21447,6.55555,8.66761,9.39709,9.68013,8.97029,8.74676,9.8684,8.53248,9.50589,10.56452,10.22666,9.89387,10.28194,10.82803,9.9477,10.19084,10.88089,10.13376,7.71009,7.88927,5.73893,6.26605,6.61281,7.02989,6.54091,6.41251,6.05092,5.96252,5.10227,5.53575,7.31514,5.67841,6.59344,6.82686,6.64094,6.4541,6.58574
iy,10.83883,9.25,14.47508,19.29919,19.67177,16.47028,13.23133,19.17851,21.73377,20.93314,15.11056,10.91899,20.02629,21.15265,18.91671,11.4555,15.80931,18.97085,18.7148,14.60895,13.21236,16.42803,18.35801,16.68185,11.43657,13.06505,17.26151,17.24994,14.35263,12.65979,13.74088,16.00569,14.61289,11.23169,9.35124,15.18074,15.91551,13.90015,11.66442,11.62251,15.77546,15.32076,13.22668,10.47919,14.73081,16.44071,15.02387,12.79957,11.76952,16.084,16.26289,13.75716,10.34523,15.69038,17.91056,16.88395,12.65925,13.15229,18.81068,19.75874,17.472,14.95529,17.87409,19.99032,19.4119,15.05229,15.78048,16.71247,19.52885,18.63302,17.24407,17.31059,18.98623,19.56089,17.52282,15.08124,14.15054,16.8477,16.37361,14.28697,12.63991,15.11679,16.08983,14.31982,12.56119,11.99316,14.81282,14.70721,12.68647,10.85118,13.86482,15.13986,14.05672,10.97593,11.23532,14.50228,14.99769,13.13347,11.39742,13.55609,15.4197,15.01604,9.54619,9.39409,15.04857,16.30823,15.012,12.12144,13.66497,15.90437,16.28013,11.31193,14.86781,15.03818,17.13606,16.83186,15.6903,15.13663,16.6399,16.96992,15.2857,12.82232,13.75119,16.35527,16.58968,16.05318,14.15924,14.47698,14.99847,12.80236,12.41088,10.57856,9.31013,9.2927,9.76635,7.71152,6.82271,7.36308,8.95846,4.54831,5.56601,6.09004,9.04631,7.70163,8.00453,7.02416,6.10559,8.79012,5.83947,6.45202,6.37496,8.23282,6.37836,8.32194,6.46999,7.40837,9.47574,7.41261,5.77258,7.10089,7.93034,8.03096,8.16005,6.7135,7.36354,9.745,7.19481,8.02042,8.38782,9.76433,9.37132,9.17202,7.65208,10.29218,11.00908,10.22392,9.06297,9.20795,10.97044,10.67728,9.69094,8.22563,11.78979,12.38583,12.06177,9.21052,8.42742,11.02225,11.29104,9.01501,7.83108,11.11339,11.34933,11.62,6.49656,8.28377,10.02352,10.99038,8.88042,5.09499,11.11378,12.41282,12.39039,9.37578,8.75348,10.59055,11.33089,9.18836,9.18072,9.27548,11.77784,11.28641,9.97149,9.107,8.3534,10.06849,9.70925,6.02195,8.76141,10.51707,10.60337,10.46827,7.82741,9.21062,9.79577,10.85572,8.94192,8.75538,9.3286,9.3394,9.03232,6.52212,7.7393,8.70414,9.83578,7.61821,8.69003,10.22876,11.11493,10.89627,7.48176,8.40386,10.47997,11.47406,10.39266,9.66819,9.03364,11.7097,11.61338,9.50218,9.416,8.13188,9.1123,10.00519,10.52855,10.26856
sh,12.00384,11.0993,10.38837,11.72115,11.9483,12.99138,13.38413,12.40809,14.15459,13.4794,11.88003,12.10198,14.26312,14.114,13.35515,14.21656,14.9886,14.6173,12.40218,13.71904,13.02763,14.10977,14.27062,12.65278,13.41024,14.48484,13.9189,13.48283,13.28011,14.55526,12.25966,10.96167,12.43418,13.75737,12.04527,14.77476,15.21386,14.86479,12.47516,13.16522,12.45505,14.23388,13.46772,10.67555,12.93448,12.64863,14.13669,11.66081,13.46924,12.13139,14.06148,14.4718,13.10249,13.98084,14.26163,11.48032,13.7109,15.00218,14.73084,14.65777,14.16786,10.24549,16.34563,16.14425,13.32135,16.06969,17.06753,16.1793,14.55553,17.83893,15.85646,17.41949,14.62874,17.07491,15.29236,14.39721,15.04367,15.00786,14.29089,15.61052,13.42573,14.92454,15.13574,15.32972,14.52505,11.54365,11.33016,13.89349,14.68857,13.17753,13.07066,14.35239,14.32601,13.85635,15.28045,17.79598,17.61431,17.36593,17.85857,16.8415,15.18332,16.71946,17.01672,15.38494,17.07528,17.5469,16.10249,14.72813,12.76354,14.36427,15.78224,16.71892,16.29414,12.33266,15.02587,15.15996,14.15517,15.82228,14.79996,13.95192,13.0132,14.46965,14.84238,13.77217,13.00636,15.35261,14.94244,14.86096,14.00308,14.80645,13.97138,13.89849,15.15733,15.77891,15.01218,13.83619,14.5928,14.49316,13.52996,15.81025,15.2811,13.22573,14.0517,11.5573,14.37779,13.104,15.16487,14.58768,13.39231,14.87324,15.42954,14.1039,12.81467,14.94643,14.97288,13.92135,13.21596,13.91689,15.29453,15.38697,13.4909,14.29535,13.17167,13.94175,14.2616,15.39224,14.20994,14.33715,15.19439,15.12323,14.62049,14.75162,13.46541,13.14222,14.69702,14.15192,11.98128,14.60532,14.05219,10.43138,12.29839,14.31313,14.99808,11.42025,13.9902,14.02363,14.35999,14.59671,10.84116,13.37564,12.12056,14.01489,14.59481,13.55408,14.44541,14.72324,12.82347,14.19612,13.52388,9.28727,14.24883,14.86558,14.19522,14.82595,15.33144,14.29935,14.21031,15.45186,14.69969,10.60728,12.76918,12.18781,13.8682,15.41892,14.67415,13.07734,13.00423,13.33038,14.66891,13.61678,9.62486,11.67616,11.64878,13.44916,14.37551,14.66596,13.90772,14.11564,14.3135,11.53198,13.79606,10.80746,11.50468,13.51622,14.14197,12.27468,12.40478,11.58928,14.01663,11.93473,11.99578,13.11424,13.43428,14.24851,13.02262,8.47391,9.75786,12.08706,12.62144,12.79205,13.34023,14.06981,13.29455,12.6492,12.66046,12.82505
sh,10.52929,10.70448,11.08666,9.25121,9.57583,11.16794,9.11421,6.6287,12.24315,13.36549,14.33374,13.5793,11.84132,12.94519,11.73344,13.65584,13.86545,13.82719,14.06217,12.99174,14.5864,11.72511,13.19402,11.6853,12.33381,13.85762,13.3828,13.5546,13.02936,7.74323,10.65878,8.87928,11.31177,11.70271,11.02024,11.93863,12.69482,11.89634,12.81969,13.65445,12.54813,11.20241,11.5769,11.70812,11.48647,12.37185,11.56174,12.00792,12.60057,11.60729,10.84084,11.12676,10.74012,12.7973,13.83476,13.65967,12.9462,13.21923,11.33768,12.69981,15.36513,16.94473,15.68184,14.21136,12.81108,12.98093,14.12218,14.21818,12.89575,12.89008,11.75664,13.8932,13.61487,11.68038,12.72545,14.55615,14.19162,13.22007,14.36635,15.20222,13.19678,16.55818,16.60371,16.90359,15.92209,14.51479,13.43617,15.63435,14.59471,12.90351,14.25827,14.37071,10.54874,12.68704,13.58386,14.16657,13.18718,15.34106,14.67429,15.76593,15.68173,17.76043,17.05398,15.71827,18.20606,18.80694,16.92406,16.52804,15.48557,14.30591,14.77687,16.07066,16.07755,15.54469,14.08823,14.66014,15.90991,16.74576,15.74026,13.92258,12.91562,15.03874,14.9554,14.64549,14.8597,14.29242,12.50387,15.3819,15.11189,14.77946,13.66593,14.84368,13.1971,11.44345,13.78017,13.86935,14.32352,14.37794,14.33848,14.85564,14.34417,13.35044,9.70582,14.14944,14.54511,14.51916,13.94046,13.69149,13.48779,14.53037,13.91147,13.89316,13.69459,14.57057,13.69342,13.75725,12.89424,13.97037,14.77865,13.66821,11.96017,11.48111,12.10322,13.02923,13.02874,12.45289,12.86197,14.30024,13.5358,13.71049,11.61559,13.14415,13.47379,13.6349,12.37624,13.08107,13.13747,13.01681,13.21187,13.63073,13.94376,13.47089,11.42327,10.82242,12.02928,13.44984,12.37047,12.92904,12.94654,12.61614,13.55443,13.66531,13.12306,13.18838,12.46811,12.51433,13.57252,13.02212,13.42832,12.75563,11.41696,10.97183,11.57531,11.85553,11.01982,12.46725,11.96094,11.28764,11.79286,11.36116,13.82321,14.20207,13.08511,13.59231,13.29048,13.86777,14.01132,13.38113,14.3007,13.16988,10.00317,8.6279,12.73811,12.58536,11.59655,12.94551,13.05742,11.92623,12.80318,12.02708,12.60361,12.64235,12.038,12.01623,12.89935,13.19783,10.29209,10.83506,10.69109,11.61643,11.97313,10.94535,9.81265,11.64367,11.34681,12.08492,11.9185,11.93206,12.01983,11.51634,12.14269,11.98122,11.43555,9.51326,11.68521,11.91218
iy,12.339,10.20222,16.66678,18.19883,16.63275,13.89077,18.76266,20.3873,19.08685,17.37173,18.30776,20.30501,19.05675,16.9557,16.96114,18.50134,16.89918,15.30948,12.8765,16.35366,15.13755,13.78988,15.58321,16.8169,15.4716,14.70081,14.58222,15.47379,14.71455,14.07269,12.01001,14.23237,13.38685,12.72001,12.12714,13.16027,12.19778,12.01931,10.67975,12.69569,12.54605,12.25079,12.89872,13.51198,13.05562,13.46321,12.17912,13.88594,13.49788,12.73321,11.73291,12.6904,13.50666,14.00237,12.19697,14.10916,14.05984,13.56916,12.2532,14.26253,14.91735,15.17338,14.95264,15.94896,16.10646,15.23299,13.03843,15.94,16.37805,16.34873,13.85925,16.01995,15.68112,12.93534,12.93898,15.12644,14.52381,15.1072,13.33911,15.01063,15.14287,13.61476,12.93338,14.97401,15.38094,15.41533,11.66366,15.79375,16.14046,14.10802,13.88848,14.08529,14.08521,12.9697,11.84936,13.86697,14.62234,12.76889,12.8762,12.85313,12.77136,12.01737,12.83699,13.88231,14.53128,12.05299,13.97874,14.25744,14.02118,14.78358,14.585,13.36198,14.06562,13.58341,12.86032,13.0724,12.47005,14.26077,13.41965,11.17503,7.73928,9.73384,11.20153,10.4075,11.01642,13.62928,13.3708,11.74629,12.23699,13.71859,12.98249,11.09178,11.6575,12.44226,11.54112,10.91396,10.2745,11.24898,11.29806,11.55604,11.07955,11.91977,8.51101,8.78606,9.42682,8.97404,4.88682,8.36136,5.99961,6.74373,5.23624,4.78406,6.41588,4.34948,6.68014,6.61186,6.84491,5.36801,5.78958,6.28304,7.73044,7.03697,6.7338,5.56515,5.84303,4.92811,7.46562,6.93507,6.31023,6.12444,4.58674,5.82424,6.69498,7.81879,8.23242,6.99823,6.65767,5.23164,2.13006,9.9232,8.85712,7.22789,8.6802,7.46476,6.86714,4.06402,6.44379,9.40195,8.4247,7.90213,6.92767,10.95706,8.11557,8.34667,8.59059,9.74228,8.27413,6.19284,8.88315,8.93957,6.39736,6.03937,8.33227,7.57125,6.48602,6.9201,7.47679,7.43809,6.43714,5.97029,8.37288,8.53015,5.52222,8.0391,8.60079,7.4248,8.69229,8.06223,7.91942,9.11502,9.39598,4.42059,10.81182,10.34801,10.14607,10.25748,9.18825,10.28649,10.73613,7.92194,10.48305,10.34985,9.45364,9.80519,10.39501,10.03607,10.5389,8.4576,8.6255,9.0604,8.86809,9.02992,10.04453,9.44498,9.2997,8.7559,7.60658,8.67374,8.38386,8.45736,9.46334,10.52609,9.76901,6.74937,9.85019,8.77083
dcl,11.18442,6.66093,11.46921,13.76405,12.69276,10.20742,13.30959,15.45495,15.02776,11.82353,11.13477,12.73341,11.1444,11.04731,11.30094,11.99186,10.50471,6.39408,7.30172,8.53425,8.54003,7.62772,7.54584,7.90092,6.52336,6.34588,7.20926,7.24334,7.11261,5.84066,4.79407,4.76191,6.11565,7.18455,7.48875,7.2744,7.17441,4.7168,5.67519,6.38165,5.85189,7.37347,7.86241,7.49219,7.05473,6.49184,6.45859,7.06345,8.40845,8.13529,6.26699,4.56922,4.96534,4.8418,4.29808,6.55473,6.15475,7.62788,7.39025,5.93865,6.45217,6.45572,6.76467,4.68519,4.13474,7.13092,6.62963,5.42407,8.36761,8.99073,8.57625,7.62623,6.38786,6.50749,6.49836,6.9534,7.12623,5.56377,5.44119,6.97732,7.5806,3.6736,7.1714,6.31307,5.88173,4.91741,5.0629,6.34119,6.39975,4.07259,3.87963,6.15758,4.4992,4.12069,5.07393,4.18734,5.13616,6.59905,5.63226,4.56292,4.24935,5.53685,0.70328,4.81791,3.24708,4.46945,3.61775,4.03949,6.87059,6.27696,6.1148,6.31055,6.55265,4.63124,3.50303,5.51565,6.71303,6.58072,4.61269,4.89017,4.4238,4.4799,5.53353,3.48998,6.21353,6.23348,2.99823,3.25665,7.26891,6.9246,6.0074,4.06222,6.03531,5.75848,3.78499,6.12,6.32875,4.00574,4.86713,6.07122,6.13744,7.16417,7.7432,4.4512,4.8807,3.97005,6.29139,5.90843,5.63539,6.11124,6.17188,5.87066,6.24661,3.1023,6.51646,5.77971,6.0703,4.35353,4.52493,6.6616,6.58661,6.66809,6.96483,5.69953,1.77311,3.21236,3.49253,3.51411,3.5281,5.59123,5.02926,6.08324,6.79231,5.58985,4.10491,2.57545,3.39973,4.14379,4.84865,5.60696,4.20286,6.4248,6.64827,6.30423,6.65417,7.15836,5.85355,3.86188,5.89877,6.73691,5.53014,3.76241,4.24349,4.47783,5.87554,5.92122,5.80828,5.38462,6.38618,5.87995,4.67554,6.07599,4.36631,5.71806,6.4414,5.87998,2.1174,2.81075,5.22104,3.03381,5.02192,5.58726,6.64569,6.66872,6.39176,7.10841,5.66834,5.89394,5.92145,3.87719,6.5665,6.80285,6.09056,6.90065,5.93797,5.59753,5.62659,1.35922,1.77406,4.96326,5.33125,6.88936,5.8584,3.82575,5.08966,5.8119,6.28486,4.83433,3.8698,5.69524,5.87565,3.05533,4.30079,5.75406,4.65911,4.75388,6.64919,5.55273,4.95443,5.18135,4.06797,6.64865,4.47188,5.62205,6.53938,5.972
aa,10.72956,10.07414,10.24719,16.90955,18.79116,17.38038,11.32252,13.55152,18.93898,21.16237,20.06567,14.14339,15.55,20.673,22.91472,21.826,16.76017,16.64579,20.14436,23.82368,23.90932,20.96938,17.67723,19.40023,21.80417,21.08223,18.83061,16.62308,17.21367,19.98316,20.04917,18.3769,15.25035,13.43472,18.94775,19.93051,17.67226,13.99195,17.96914,21.54211,21.46926,18.78992,18.18041,18.61443,19.97752,19.59853,17.58205,15.09514,16.23199,18.06374,18.31073,15.46742,13.62334,14.90136,16.58655,16.92736,14.65067,12.89678,12.41303,10.46298,14.42838,6.31496,14.71334,13.15815,13.76312,13.60959,12.24063,14.13199,14.92978,15.72593,16.08698,14.10607,11.81544,13.63602,15.05693,15.3297,13.30326,13.00122,11.72622,12.88645,13.6867,13.15112,10.95365,12.93558,14.30587,15.43295,14.70497,11.75425,12.52932,14.48566,15.33618,14.17905,13.25683,13.37603,12.92607,14.13883,13.9146,10.39671,13.58469,15.11493,15.35015,14.66333,10.08999,11.71273,13.393,14.37041,14.05855,11.87876,12.66812,12.07774,13.61562,13.58235,12.36897,11.15777,13.08537,13.73261,13.22187,11.66608,10.14324,11.79182,12.91238,12.38057,11.00976,11.9068,11.98372,12.877,13.31839,11.84637,5.03222,10.42668,12.43285,10.93743,11.35407,7.42517,10.57315,9.99419,10.52556,11.06029,9.77353,9.00828,9.20134,9.91959,8.41206,9.64193,9.8709,9.84641,5.75363,9.87327,7.50812,7.21005,8.09188,8.9441,8.52638,7.58733,9.29534,7.82991,8.01315,7.77205,7.57997,9.2835,7.99789,9.66585,9.54865,8.2766,9.33222,7.572,9.2501,8.97465,8.08873,9.01931,6.59184,9.40344,6.36494,8.48546,6.93596,9.64125,9.88503,9.90809,7.40165,7.27183,10.02629,7.40676,9.5456,8.31067,8.89098,8.45156,9.84926,8.87058,9.1069,8.31264,8.06776,8.97001,6.52684,8.09032,4.03216,9.00748,5.70237,6.92477,8.8944,8.96431,5.88818,8.03231,9.2057,8.84884,9.27525,8.0181,9.14403,7.06028,4.77399,8.39538,8.76347,8.91116,8.42533,9.50145,8.50886,7.29667,7.90813,6.87047,9.62196,8.45913,8.35067,9.76459,7.85773,7.11957,7.74863,6.93316,9.61291,4.84297,8.68634,3.76892,7.94005,8.14372,7.79873,8.23412,8.36244,6.33241,7.18664,8.5623,7.39237,8.65432,7.36678,7.4269,8.02639,6.76862,7.42457,8.24695,7.62794,7.40343,8.21028,8.30796,8.38918,7.84155,6.33379,8.44055,4.67401,9.49416
iy,12.71492,11.69219,11.75858,16.03167,19.02005,17.95548,13.30176,13.84504,18.98898,22.5141,22.42778,18.45869,12.42461,14.48772,18.3747,19.29456,16.55233,13.77375,12.57782,14.25494,16.22797,15.11276,12.75843,13.12814,13.89028,16.4401,15.41378,12.83171,12.32376,12.69048,15.1354,15.75143,11.66777,11.18896,10.49526,10.23585,14.79552,12.03784,11.72207,9.6065,11.6448,15.23492,14.07211,11.90339,10.85383,11.99528,14.76809,14.99153,11.42418,9.59462,8.65378,13.14272,15.15089,12.81225,11.69905,11.79075,13.52189,15.53555,14.18444,11.98651,12.07961,13.10213,16.12143,15.75857,11.55662,11.01585,13.71924,16.93131,17.4616,15.43253,14.30428,16.4132,19.15104,20.71782,19.54636,16.50033,12.73902,16.52754,19.84048,19.34542,17.30519,15.2061,16.24568,19.11743,19.31858,17.31079,15.60145,15.90016,18.74095,19.52364,17.29835,13.83057,15.60334,16.76644,18.75914,17.9576,16.20525,15.0233,17.2647,19.37691,18.86953,15.4008,13.0557,13.21741,17.10543,17.71594,15.3092,13.70724,14.91191,16.12637,16.79625,15.29092,13.83121,12.79076,16.24333,17.85438,16.72604,12.67671,14.00911,14.99441,17.50432,17.60984,15.85241,15.37565,16.77079,18.56688,18.8077,17.57286,16.18593,16.65974,18.00327,19.09931,17.99789,15.1012,15.99454,16.87201,17.77966,17.61962,15.5121,14.9167,14.28055,15.4596,16.07029,13.47117,10.95443,10.27754,12.48209,12.75214,10.2217,10.7882,10.19179,10.6414,10.59226,9.96223,10.30097,10.39169,7.14865,11.03378,8.00046,10.6558,8.93762,10.09367,12.651,13.39798,12.71493,11.63198,13.12809,13.65533,13.76304,13.36757,14.42633,12.70247,13.56188,14.80559,14.60031,11.85614,12.19508,11.88689,14.24489,14.55595,12.32109,10.61544,12.2598,13.31368,14.19202,13.59898,12.6858,13.83961,15.30856,16.75017,16.42548,14.88124,14.29369,15.31352,16.98201,16.30134,13.18389,14.41309,15.37359,14.84055,15.78502,15.16839,12.24127,14.67347,15.1033,16.18748,15.32613,14.55176,13.00756,11.73129,15.053,14.5712,13.29865,14.78456,15.57774,16.56198,17.14044,16.65112,16.02059,15.3746,16.80404,17.32813,16.16401,14.68898,14.19643,12.37237,13.72171,11.90184,12.06888,12.31494,11.73703,12.7633,13.71045,12.48273,11.7029,12.65435,13.53999,14.16256,12.27258,11.84955,10.72373,12.17434,12.87325,11.88723,10.36726,12.92307,13.2025,12.71591,13.22211,13.17816,12.45837,12.24914,12.95436,14.20901,13.68892,13.23087
dcl,11.49035,10.85032,13.95984,13.55424,11.86206,17.01199,18.44313,16.83775,10.74714,13.81208,12.53571,8.36675,9.17669,10.68544,8.24386,7.62573,10.25067,10.25311,9.70645,9.2531,9.46121,8.31966,8.61997,9.75791,8.49916,9.14825,6.50371,7.77967,5.54999,9.4413,7.96971,7.40364,8.20428,9.57608,8.2315,8.09504,8.87028,8.18303,6.69956,6.78164,7.84111,5.65103,5.47765,6.31583,6.69582,5.52024,5.14657,8.51338,8.12177,7.92603,7.63915,9.12273,6.88649,7.79416,8.77212,7.7769,7.87036,9.36691,10.11242,7.33211,10.04605,10.70775,9.41558,7.18116,7.95636,8.20341,5.07268,7.4656,7.15257,7.35158,6.18022,8.21967,8.11595,7.35534,5.8881,7.98269,6.22874,7.08648,8.71185,8.70283,5.73522,8.03047,8.86511,6.8799,7.90492,8.71998,8.43703,7.34481,8.24191,9.01024,8.1524,6.8478,9.7339,9.42724,6.11488,9.88396,9.1885,8.75477,8.89618,7.70784,7.27846,6.82248,5.58113,6.29963,6.24713,5.47748,6.47177,7.40592,5.09076,3.45376,3.24769,6.22311,6.65978,6.53149,3.55876,6.52408,3.14567,5.69616,6.98016,7.4297,6.37661,5.86548,5.27586,6.20534,5.73196,4.97016,5.65502,6.92503,5.7832,6.2516,6.12188,7.2237,7.03478,7.34508,7.69211,7.88931,7.27882,4.86956,6.56424,6.49517,4.5844,3.4134,2.37119,5.37835,7.26995,5.58788,5.4205,2.29055,5.12976,4.72298,6.65375,5.06459,6.7545,5.01283,4.12703,1.89542,6.00907,6.14301,6.83978,4.52773,5.81942,4.02361,5.60808,3.29124,6.23927,5.64885,4.05201,5.49039,7.84974,7.16015,6.47602,6.92478,6.30016,6.36314,5.51436,6.13987,5.44632,6.77811,5.95694,4.80932,2.85534,3.12603,5.19808,4.73255,6.2325,5.08154,6.25935,4.4116,4.93837,6.85632,5.91344,6.29584,5.13327,3.98899,4.91561,6.11626,3.74739,4.24287,6.95502,7.10498,5.30019,6.84482,6.71501,2.9254,6.00304,5.12005,4.94958,3.85024,6.35554,7.28107,5.82858,3.52475,4.52654,6.84604,5.6872,3.82204,6.58566,6.09402,6.45081,5.52999,2.4601,5.24122,5.85356,5.982,7.15628,2.42272,3.09917,4.29872,7.0813,6.58596,1.69702,5.2398,1.91339,5.0507,4.12488,6.24117,5.51989,5.46125,0.67814,-1.40195,2.82188,4.24216,5.5448,4.90061,5.60631,6.17944,2.89497,4.29179,5.2863,5.97143,6.42307,5.572,6.51586,6.14341,6.10927,1.99076
aa,12.08342,12.81008,17.6748,17.56603,14.56862,17.45236,19.16766,17.74672,15.67753,19.16631,19.56867,15.39706,18.41688,20.71729,19.18484,17.40569,22.12434,22.48813,19.28819,21.35618,23.79781,22.75374,18.23248,22.57701,23.37907,21.00705,19.91845,22.47439,21.69475,16.0504,21.64173,22.36805,19.929,21.00081,23.07214,21.97441,19.05658,21.74344,21.99798,18.81206,17.5922,20.44576,19.65114,15.20987,17.9442,19.231,16.78945,15.16402,18.75178,18.1079,14.9049,17.17285,18.18694,16.59007,15.36802,18.06897,17.97825,13.51502,16.99092,18.54085,16.73726,16.43822,19.56266,19.17089,16.32888,20.00087,20.59999,18.24895,15.38468,18.33358,18.27998,15.03036,15.6677,17.56369,15.92181,12.38402,16.71067,16.52796,14.56463,15.07474,16.39955,15.53476,9.49984,15.76373,16.09066,14.14411,14.6395,16.04906,15.38982,12.36281,15.46391,16.10056,13.6911,13.78398,16.14627,14.96904,12.72218,15.66388,15.92561,14.29858,14.11808,16.16525,14.9798,13.16383,15.87368,15.936,14.66565,14.34227,15.813,14.29034,12.58966,13.47752,12.92872,12.47324,10.44942,10.73131,12.50793,10.19213,10.56774,12.01848,10.10713,10.69189,10.32666,10.84556,10.14807,10.28267,10.00015,10.12892,10.82229,9.60379,9.8218,10.73656,10.36195,8.98712,10.26206,10.20497,10.62297,9.2319,9.36678,10.90493,9.42857,9.60043,10.1293,10.68726,10.52997,9.60031,10.52724,9.96048,10.92115,8.17085,9.06051,11.94721,8.63297,10.17404,11.06808,10.95661,9.79447,9.60675,10.87622,9.68821,7.05682,11.12017,7.70608,9.61279,11.12237,5.58913,10.66521,10.43505,9.76703,10.41442,9.49645,10.88604,10.74469,10.64992,11.44148,11.15766,11.85138,8.07941,10.69804,11.71113,10.85613,10.8257,11.19393,10.87211,8.68514,8.96797,10.73959,6.72417,9.76085,11.39191,9.07953,10.83758,10.4613,8.76696,10.20585,9.253,11.11659,10.50061,11.03209,10.76464,8.8471,11.11048,9.11334,9.73167,10.70383,9.5816,9.82582,9.14881,10.76247,8.12546,8.74203,10.08146,9.62572,9.13997,9.13221,9.66044,9.49019,9.11957,9.50974,9.89814,9.22589,9.12251,9.84619,9.47442,8.34361,10.09537,9.11377,8.79873,10.01952,9.13565,9.53655,9.35887,9.46259,9.3298,9.11497,9.98116,8.92597,9.87308,10.07707,7.30082,10.33841,9.43834,9.24462,9.84095,9.43437,10.4999,10.34693,10.38456,10.23174,10.07786,11.42339,7.04592,9.62892,11.73225,10.3791,1.77428
sh,9.01775,10.04899,11.84498,9.80698,12.05455,12.67985,12.46833,12.42341,12.87132,11.27611,10.01825,13.50114,13.25429,12.99385,13.2564,12.68247,13.14541,12.71973,13.41458,13.88694,13.23711,12.84268,11.8739,14.73116,15.18837,12.7217,11.35424,7.6471,10.53654,9.83536,12.58752,12.39346,12.46988,11.90772,11.03114,9.91291,11.44145,13.08828,13.08009,12.5383,12.5801,11.50743,10.12387,10.96708,11.46901,13.83988,13.93708,12.71592,13.4712,12.90244,10.72124,10.8306,11.11133,11.7962,13.04304,12.56854,13.72959,13.80103,13.17253,13.82088,14.64857,13.74129,12.32009,11.2009,12.37399,12.2604,11.9745,14.60004,15.14855,14.84477,13.44095,15.66467,15.28077,16.39586,15.44443,14.49724,16.09671,17.62006,17.07224,17.41502,17.45681,19.12115,18.85231,16.72117,17.93154,18.66094,15.95419,16.1744,17.60855,16.0256,13.50801,13.13806,9.73198,15.11204,16.98521,18.48429,18.8484,18.68229,18.39354,18.78711,18.42157,18.40846,18.38949,16.93433,17.53808,16.14287,15.25872,14.42397,15.08606,16.48048,17.19304,15.58214,14.2377,14.16032,11.86665,14.86732,14.41309,15.69357,14.74958,16.83533,16.67098,14.89669,15.65225,14.33078,15.5978,16.26323,15.1208,13.33339,15.64361,14.6503,13.0445,12.8922,14.38855,15.63931,14.30788,15.24545,14.9056,14.19517,14.80933,16.07799,16.20705,14.95306,15.98493,14.77444,15.58101,15.50592,16.67295,15.98457,15.54614,14.81098,15.09049,17.23444,17.41234,15.6048,15.93222,15.846,13.96165,15.54749,14.67714,15.58471,14.63335,14.33003,15.25185,14.94347,15.02324,13.2232,12.14452,13.71777,13.99404,14.77553,14.66519,8.90694,14.07225,15.06458,14.72834,14.82755,14.74916,14.56539,15.31036,15.52571,13.96326,13.79207,12.75913,13.53255,13.79797,13.98175,14.79871,14.41164,14.09187,13.52999,13.16955,11.79775,14.10859,15.17207,13.78277,13.58038,13.28467,13.25021,13.06658,13.67594,13.99382,13.55991,12.89244,11.65461,11.51392,13.32802,13.93305,8.84593,12.96869,12.27717,14.14045,13.21847,11.39988,13.25756,13.18407,11.45833,12.83685,12.41473,12.45331,13.96132,13.6956,14.96414,14.5492,13.26794,14.7265,14.81641,13.26448,12.58986,13.35436,14.09894,12.40511,12.34904,13.01243,12.67081,10.34788,10.66363,12.1019,13.75642,14.33226,12.74786,8.25335,11.37075,10.21121,11.72996,12.72822,12.75692,12.24655,12.89346,12.65345,8.50071,12.7113,13.87097,13.13666,14.10182,14.05868,14.0856
iy,10.77673,9.97939,14.32033,17.87058,17.7282,13.86713,13.22354,18.90054,20.35156,18.39358,11.56371,13.80123,17.08504,16.62499,12.69413,11.49812,14.35291,14.99855,12.86766,10.48249,11.81991,14.39826,13.85011,11.10722,9.29814,12.23305,12.77231,11.48382,8.49184,9.2922,11.62652,11.45936,7.79639,8.57133,12.40071,12.18251,12.01815,10.95266,11.99469,13.79241,12.86097,11.99727,13.0819,13.96141,12.54367,11.88182,12.52152,13.32238,13.45552,10.51863,12.09871,12.57821,12.83149,8.68742,11.34174,10.68785,11.79683,13.09085,13.49654,11.1395,12.96312,15.69368,15.85106,13.48537,13.12279,12.31119,15.66469,15.05047,14.18736,13.8116,16.38797,16.39072,14.78489,12.9363,15.04813,15.42043,13.14725,11.98226,12.6334,13.8786,13.78936,11.29551,11.08038,11.45809,13.00413,11.71446,11.74019,10.11085,13.30283,12.85078,11.83204,11.67327,13.12888,14.10438,12.98773,13.28301,11.87366,15.51699,15.39824,13.8348,13.91435,14.54158,15.55963,13.89698,13.40204,12.52591,14.11874,13.57031,12.93241,12.72469,13.42795,14.45371,13.17219,12.81825,12.04555,12.72611,12.2267,8.17361,8.92121,9.44738,10.49106,9.65689,10.83186,10.27781,11.83222,10.55871,9.12625,8.79005,8.50325,8.89085,8.53019,8.07142,5.83317,6.18008,5.37065,6.00408,6.68011,6.17403,5.36112,6.43497,7.64276,7.75479,7.01698,7.51741,7.44082,4.65685,5.66009,5.79203,8.33248,6.64909,7.27342,4.86094,6.39791,6.89795,8.08591,6.7414,6.51767,6.82261,7.092,7.58339,8.45404,7.11501,5.93934,7.21984,7.46189,6.61846,6.71243,7.43034,6.52058,5.34773,7.1332,7.88735,7.08171,4.4335,4.98265,7.38272,7.11071,6.61421,6.12173,7.65569,7.17287,6.21521,7.73786,6.3676,6.80252,7.10763,5.9765,5.61575,4.74292,6.29256,6.41831,6.28276,5.49392,7.50846,6.77693,7.34306,4.19138,7.16994,6.53087,4.70438,6.93934,5.11068,8.4954,8.49064,6.39279,7.24059,7.86407,9.01349,8.00085,7.15436,6.13759,6.13594,7.41899,6.44,5.49318,6.68397,6.88504,6.01825,2.40416,7.37248,8.21164,1.95143,2.99236,3.05221,4.94083,7.0264,7.76851,6.75691,3.31583,6.5825,5.64296,5.96306,7.89789,6.46988,4.74428,4.75689,7.29311,7.76734,7.71173,8.07646,8.12226,9.39759,8.55485,6.88789,6.25783,8.58628,9.04753,7.6752,8.57265,8.69495,7.52227,7.38962,6.22548,8.27836,9.16514,7.24731
ao,9.51314,12.09325,16.9787,17.15832,14.14201,16.75349,18.89391,17.914,12.78781,18.35392,19.00151,15.75524,18.05805,20.59601,20.08833,15.71686,21.40201,22.63611,20.73515,19.10108,22.33779,22.39659,19.25272,19.09368,20.92462,19.84401,17.73679,19.03875,19.0261,14.83985,18.43666,20.82558,20.54469,18.44989,19.81304,21.56588,20.6013,16.40194,19.62102,18.95227,15.78072,14.51086,15.48248,12.81854,15.7271,17.40284,16.71571,13.28587,13.60689,15.28625,14.54137,14.08966,15.88567,15.38324,10.87255,13.78885,15.17623,14.76712,13.33576,14.59239,14.14238,11.84056,14.49492,15.77083,15.43039,13.71424,15.44374,15.79438,14.78263,15.86371,16.9504,16.57188,12.52137,13.75159,11.76265,11.53015,13.23126,13.99376,14.14955,11.38422,12.14819,12.59344,11.48265,11.51055,12.27934,12.59269,10.8504,11.45803,13.12333,12.26004,11.13441,12.58514,11.60393,10.28614,11.62014,14.1658,14.32986,10.93095,13.82831,13.33217,8.12822,8.63105,11.46655,12.21934,9.79399,10.61829,11.62399,8.99932,0.54269,9.61411,10.11248,9.29306,9.06423,9.54041,7.43299,9.15512,6.8151,8.27543,8.25609,9.0069,8.5911,8.69658,7.82866,7.89604,7.44493,8.44955,6.66589,9.43711,7.6646,7.62915,8.13404,6.63779,9.66769,10.76394,11.94453,12.32509,9.88157,12.96964,14.02206,13.60339,9.72555,13.6877,13.62181,11.94217,12.57358,12.52512,11.868,8.8486,10.94252,11.19345,10.19756,10.17444,10.92583,10.51865,10.14501,10.12202,10.2536,7.34328,9.07791,11.30745,10.70525,9.6731,9.25026,10.88134,9.19799,9.15813,10.91136,10.71689,10.30283,8.95882,9.08656,10.00669,7.12012,7.44325,9.78478,6.84169,6.77262,8.58228,8.26542,6.18052,7.94936,8.86639,5.95617,6.13544,9.11102,7.45966,8.4461,7.98278,7.6927,7.99901,7.48823,7.24258,8.65304,8.07064,7.82671,6.72951,7.81212,7.19725,7.19751,8.6151,7.44484,7.8596,8.32511,7.64377,7.26474,6.81653,8.45132,4.04602,7.30092,9.20336,7.86543,8.24022,9.30294,8.58439,9.28028,6.24816,8.08397,8.52029,5.34213,8.21215,9.36621,7.88028,5.14797,8.47228,6.71349,7.32151,6.78367,8.16601,5.56548,8.75304,6.37082,7.66422,6.17201,7.01245,8.46025,6.66101,6.90354,8.81101,8.2781,9.42035,5.40799,6.89656,7.31923,7.46791,8.07742,9.31701,8.07366,8.46634,7.27051,5.56861,7.44073,6.6804,8.26089,6.81748,7.81495,7.11212
sh,10.83995,12.58132,12.08666,5.90718,11.48261,12.13187,9.63592,10.4436,11.98052,12.01122,10.99285,8.27077,11.86259,11.49611,12.45887,12.81543,9.758,11.43233,11.98336,10.93312,11.01335,10.94383,12.50623,11.84079,11.44235,8.62769,11.54335,10.43417,11.8674,10.48413,12.36801,11.81472,11.11524,11.91702,11.46644,11.38207,10.86696,10.74904,11.24502,11.81269,10.4978,11.11188,11.15665,12.40236,12.20519,9.8256,12.27305,13.37988,12.6743,9.74028,11.67096,11.81239,11.21421,12.32672,10.31827,11.83636,13.51135,14.20116,13.11602,14.07406,14.16428,12.67424,11.52028,13.87171,14.75863,13.50909,13.9895,12.91092,12.57497,13.77945,14.80121,14.85294,14.04016,12.68515,13.42167,14.36074,12.87726,12.34343,14.68436,15.09971,14.38563,14.14131,11.85085,12.07839,8.7219,7.37263,12.54171,12.06109,10.82318,10.74976,8.59691,9.98108,10.9645,9.68366,11.59045,9.82776,13.32599,13.24341,14.74211,14.24756,13.30191,14.71017,13.87888,15.07503,15.90102,15.88947,14.85413,16.44531,16.82799,15.52697,16.55367,15.49269,16.5336,16.03091,13.11843,10.05148,11.98699,12.35099,14.80947,16.37183,16.47801,15.8756,15.28918,18.9353,19.46089,18.83907,18.3731,17.6977,15.29369,16.31255,16.41858,11.05903,14.35401,13.69413,15.15242,14.97878,13.03456,13.458,13.48257,15.79353,15.31736,12.19559,13.44045,14.54246,15.93139,16.42478,15.3959,14.95118,14.61797,12.84118,14.19303,13.10167,12.24168,13.0449,14.16087,14.14011,12.26702,12.10416,14.43712,14.23642,13.38275,15.01129,14.86221,13.70356,12.75565,11.40123,12.56649,13.88311,12.09539,10.12532,10.78482,12.02208,12.88832,12.1727,14.85419,14.93924,13.04548,14.13416,13.1092,13.13567,9.93419,11.564,12.40235,13.55807,12.42277,10.4542,11.90001,11.95088,10.9633,13.34066,14.17253,13.94307,12.72726,12.69679,14.09128,14.4606,14.45679,14.13401,14.22121,13.45593,12.96069,12.12514,12.80216,12.88847,13.16233,13.85426,13.36632,12.87138,14.48591,13.35206,14.16022,13.37949,13.60329,14.94328,14.78095,13.72004,9.01569,12.54553,13.19164,12.25526,12.86289,14.45927,14.6922,14.13429,12.95091,14.67707,14.09012,12.21236,12.83211,12.00999,11.29763,12.44189,14.05043,14.11775,12.40621,11.45922,12.61164,13.12259,13.3311,13.325,14.97777,15.37245,14.92266,14.41771,13.02096,14.42959,10.36095,14.89517,13.67762,12.00328,13.40907,13.57987,14.22636,13.4247,11.39273,9.88136
iy,9.87177,9.74718,15.18523,17.83916,16.60842,12.64926,17.9174,20.90165,20.22294,15.93679,15.92392,19.063,18.17287,14.68938,14.66509,17.59698,17.6833,14.57006,14.19833,15.69164,16.30544,13.65311,14.24729,15.00517,15.88449,14.74487,13.98427,14.42797,15.45809,14.66993,13.5434,14.05198,14.62445,13.98525,12.49743,13.67752,14.58027,14.27799,12.29527,13.25232,14.01086,13.71145,11.67244,12.5901,13.90369,14.13038,11.6217,11.8328,13.47996,14.39409,12.04113,10.75026,13.28132,14.67866,13.14252,10.8294,13.52665,15.43918,14.67839,12.66272,14.04964,16.43716,16.14058,14.58961,14.98728,18.05383,18.896,17.93808,14.34649,18.68539,19.18181,16.77067,14.69239,17.96576,18.62382,17.12659,14.57874,18.05666,19.07763,17.06906,12.87328,18.0432,19.36138,18.64422,16.84008,16.98907,18.43262,17.25918,15.29009,16.12,17.94386,17.77432,16.25445,15.6269,17.86758,17.88643,16.73602,15.26568,18.5609,19.37606,18.64483,15.23753,18.94458,19.75416,18.74248,16.59229,18.06497,18.55886,16.75405,15.67867,16.74794,17.81141,17.87575,17.24529,16.0291,18.03508,17.60623,17.09892,15.95257,17.34732,17.2398,16.42802,15.15893,15.36511,15.37371,15.95139,14.9996,14.51511,14.50129,14.24232,14.25982,13.13405,12.6581,13.38683,13.66534,11.70865,8.03248,11.67017,12.42558,9.65967,9.63552,9.96095,11.19975,9.42334,7.54957,8.64283,9.54252,8.62367,7.95355,7.56139,9.06815,6.50038,10.28117,10.40243,8.71725,8.3645,10.59442,10.71584,8.75746,7.14451,8.08485,9.19422,7.02548,7.96885,8.17806,9.46575,8.86038,9.05551,8.87589,9.02364,8.81857,7.19379,8.46669,7.17474,6.66117,5.82238,4.85202,5.32337,7.11298,3.87924,6.57559,6.43607,4.91335,5.55149,5.814,7.34409,7.21325,7.93802,6.67814,7.66295,6.58908,7.62467,4.2758,5.03388,5.63613,2.82923,7.44631,6.23134,7.57077,7.75608,5.89698,3.97632,6.87097,6.0518,6.79716,6.76109,7.2125,6.1583,7.83672,7.32878,9.6329,8.96522,9.78788,9.68092,11.03139,11.1171,11.1145,11.47522,10.94449,10.57961,10.08357,10.80515,10.20311,9.33945,9.23836,9.47781,9.31839,9.33577,9.3653,9.08174,9.18071,8.26976,8.36868,9.09192,10.23753,9.55038,9.17198,9.25414,10.06024,8.36151,8.35612,9.61206,10.42967,9.70545,7.08012,6.82051,8.9824,8.5321,8.84371,7.95207,6.72838,8.73953,9.10379,7.96137,8.9205,7.29148
sh,9.71526,10.60642,11.54185,13.47671,13.55905,12.68741,12.4579,12.18308,11.97765,13.10226,13.28941,13.23326,13.11385,12.11326,14.31782,14.63369,10.90618,13.16622,13.33646,14.04138,13.047,12.00337,11.90607,12.51,9.33715,12.12103,12.09034,11.89344,13.63998,13.67227,8.95614,13.82701,13.9311,14.14643,13.95442,14.71825,14.7795,12.63548,12.68968,15.00263,15.36863,14.11919,13.32495,10.9745,13.27925,11.30944,13.03626,13.10941,10.94739,12.47689,14.47675,13.70973,14.45985,15.44391,13.71004,14.9951,15.5785,15.70746,15.1284,13.99933,12.82265,15.38282,16.1972,16.38316,15.96217,14.39394,16.15647,15.62526,15.94568,15.76412,14.55719,16.01523,16.00062,15.2037,15.1658,14.155,14.91867,15.80708,15.74976,16.57399,16.93586,16.84443,16.38513,13.01394,15.03928,14.00909,14.59994,17.23732,17.27201,15.63937,17.39942,17.41351,16.59797,17.02556,17.14986,17.42614,16.15752,15.17509,14.91134,16.45073,16.2295,16.59573,16.52625,16.29871,15.96651,15.24793,18.21357,18.69424,19.01861,19.70407,18.27523,18.00537,20.52452,20.19096,18.42715,20.05169,19.44124,17.06471,18.17002,18.80833,10.01183,17.89174,18.03194,14.25005,18.09228,19.55126,19.64219,18.49417,16.74998,19.02391,18.85487,19.95089,19.23036,18.66564,20.57107,19.77248,19.90713,19.29388,18.9474,18.91494,18.24901,16.72343,18.31847,18.8416,18.92534,17.79511,16.4262,18.89341,18.76978,17.51301,17.40941,17.52831,17.65816,18.05789,17.33831,14.74316,14.90275,16.80886,17.36172,17.73417,16.70456,16.0816,17.04452,15.69279,17.81412,15.92998,16.17677,17.00186,17.25139,17.01199,18.05938,18.02546,14.93301,16.59466,15.76595,13.42091,15.30626,16.41622,16.79646,16.12164,17.5684,17.73692,16.69448,14.96094,16.74043,16.78844,13.57465,17.02018,17.15507,16.60629,15.94105,14.69892,15.11269,15.44435,14.69329,15.43072,13.41201,16.06469,16.41857,15.99427,13.70381,14.40825,16.06552,16.98787,16.43736,14.51918,16.28825,15.27882,13.36862,15.3547,14.27118,14.58229,13.70919,15.64635,15.03259,15.90053,15.10677,15.75702,16.44072,13.77037,14.35249,14.25445,15.48117,15.76304,14.01926,15.04156,14.48846,14.80162,15.55558,13.01671,16.77124,17.16985,15.98454,14.59353,14.37208,14.6541,14.47172,15.64434,17.2328,16.94377,17.28698,17.26442,15.60137,16.16216,17.23855,16.44528,17.11392,16.07972,15.42532,17.5597,18.21101,18.36732,17.80723,15.0804,17.48959,17.05342
sh,11.38443,10.48153,10.71393,11.05045,10.82509,10.73081,12.79352,11.43643,11.30693,12.43679,11.43994,11.88331,12.96954,12.33855,11.5697,9.72152,12.37529,11.52821,13.38784,10.41828,9.75621,11.95169,12.57485,13.38304,12.45241,12.36187,12.34228,9.91656,10.85979,10.93524,11.48463,11.36221,12.29069,10.73203,11.64638,12.06612,11.70822,12.84243,11.66911,10.20122,7.4529,10.84454,13.05718,11.08702,12.9176,13.36042,13.14325,13.31685,12.63152,14.30166,15.12278,14.58765,14.34224,15.08183,12.45628,13.39337,13.86981,13.5916,14.70509,13.49508,15.30741,15.3171,15.76064,14.86744,11.18155,15.0968,14.38595,15.55352,14.4216,14.29407,14.89928,15.53319,14.3027,16.85747,18.1325,16.89991,18.05125,17.55814,17.74102,17.54273,17.02587,18.58039,18.89234,18.56524,17.03382,15.75898,15.93429,13.38783,14.51236,16.11178,16.85727,16.87911,17.1589,17.13771,15.94558,15.51444,17.29902,17.56889,18.42775,18.58298,19.12791,17.08845,20.0854,19.55883,16.83926,18.1209,16.67264,14.29548,17.11927,18.56973,18.55421,15.39405,17.08431,17.20093,16.95996,14.49348,14.1817,15.9499,17.23853,17.71449,16.66716,13.0304,12.89886,17.08812,17.18345,15.61453,15.76919,14.77048,15.68126,17.10937,16.93428,16.38338,17.30166,16.98266,16.34301,15.77409,16.17381,16.83488,16.38448,17.01148,15.96281,17.14928,15.82817,16.3217,15.99476,15.8108,16.27406,16.15493,16.54227,16.27119,14.20259,14.77764,14.83833,15.96823,16.70995,14.76614,14.58392,16.22462,15.83542,17.24349,17.62104,15.94309,13.7733,14.6621,16.37533,16.20104,16.39483,16.82997,15.74275,13.12998,15.63631,16.85465,16.71284,15.96008,15.49634,16.8357,14.41471,16.21181,16.90095,17.35922,16.559,16.1979,15.49216,13.23047,16.45999,17.56789,16.75336,14.98606,14.87216,17.01566,16.34509,16.34846,12.38237,16.40474,16.93762,15.93396,15.95227,16.84128,16.38972,16.58858,16.01516,12.35188,15.65141,16.40874,16.44338,15.49358,13.52944,13.45295,14.41983,14.80975,14.63759,14.10093,13.70703,14.10703,15.02089,15.34716,14.98781,13.20816,9.23761,12.15069,14.74279,15.04297,15.13553,14.52979,15.15427,15.14836,15.77442,14.76824,15.10449,16.66282,15.476,12.12212,15.10003,16.16318,17.95411,17.51306,16.44466,17.25593,17.418,17.08488,16.90095,16.58574,10.89369,15.20585,14.06093,14.41109,16.3079,16.12707,15.9208,15.3916,13.82549,15.18708,15.50025,15.1538,15.3352,13.57838
sh,11.30667,11.74753,11.25656,11.75372,12.21674,12.86395,12.74779,12.69467,15.47587,15.83678,13.77885,14.74309,11.40474,14.40215,12.60915,14.2613,15.35611,12.7672,14.71818,14.16219,14.05966,13.85565,10.67989,15.52085,14.7322,12.8288,12.47315,14.8036,14.06506,13.48479,14.85669,15.17974,15.56908,15.122,11.20172,13.39555,13.14501,13.7185,13.60708,13.54473,13.76435,13.89458,13.08508,12.61221,12.63091,14.53151,13.61205,13.74028,10.83944,13.66487,13.96967,15.02694,13.51985,14.30405,11.97806,14.23761,15.19442,16.73228,16.15854,15.52662,15.65004,14.47729,17.3833,17.04038,14.03881,14.44372,14.20417,16.34201,17.0987,16.21381,16.67147,14.78871,12.97353,16.85854,17.86197,18.75451,17.24782,16.91235,18.02378,19.08179,18.84331,18.96292,14.79749,18.49313,18.12669,18.74569,19.68259,19.95259,17.6378,17.32887,17.77033,15.74891,12.83106,16.47221,18.62515,19.19449,18.74008,17.14218,18.8079,18.73137,16.78537,17.19668,17.84441,17.12375,18.68475,18.66989,16.95442,16.92492,17.22291,18.65398,18.45823,16.27638,17.15986,17.52672,16.14276,17.15494,12.89746,17.52339,17.53756,13.90708,12.58036,13.46488,15.75128,9.44519,15.2376,17.56536,18.08073,17.93068,17.88401,17.30329,16.99725,17.58837,17.48047,15.74686,16.28413,16.08448,15.32862,15.50726,14.84015,15.44612,12.86672,17.46503,18.42813,18.22331,17.8319,18.56931,17.77175,17.73754,17.22628,14.69156,14.60712,15.93763,17.67951,16.78872,14.66202,15.97701,13.40739,16.34758,18.29056,19.10575,18.85747,17.75159,15.12177,16.8214,17.35793,14.87341,16.87301,14.6235,17.01834,15.95975,18.43558,16.56599,18.0157,18.95513,17.4333,16.17636,17.36357,16.79459,14.89244,15.19046,16.6969,17.59243,17.76158,17.62151,17.94729,16.7941,13.27403,15.6132,16.036,14.85701,15.3219,16.20612,16.30474,15.10311,13.79799,17.81164,17.94715,16.23639,16.579,15.1327,15.01927,15.71293,14.55223,12.62718,14.81976,15.5673,16.46815,15.3686,14.46128,14.76736,16.77405,16.31584,16.38664,16.82336,16.35714,15.86705,16.54054,14.29164,15.5567,13.93758,14.70017,15.11506,13.93945,15.85856,15.91243,13.28732,16.07671,15.59796,15.52685,16.13159,15.39245,14.44179,15.78741,15.44749,14.04338,15.95586,15.43861,14.22253,11.69442,13.64432,14.06086,12.73048,13.60766,14.23979,13.83194,15.71924,14.87349,14.71035,14.62681,15.35532,14.34145,12.48572,14.52415,13.1078,12.53176,13.44063
ao,12.91972,12.54064,18.02,19.09152,16.88628,15.22691,19.97666,20.48469,17.44697,17.05834,20.08042,19.99326,15.62205,19.19658,22.18336,21.62225,16.2357,22.05651,24.22636,23.02847,17.97004,22.26106,23.81005,22.19889,18.47552,20.2923,20.63718,19.31601,16.84149,20.33756,21.28902,18.91786,19.5994,22.45132,22.67589,20.59564,19.15045,21.30738,21.41145,17.77369,16.82635,17.91072,15.51748,13.32203,15.7417,17.16605,16.4711,13.3895,15.00623,16.37629,13.50645,12.47818,15.06577,14.68559,12.37336,11.84458,14.09399,13.7584,11.03257,12.50073,14.28792,13.75331,12.82193,9.36778,13.8169,13.6484,11.4927,14.19609,14.33746,13.86912,15.03542,14.2632,15.35464,13.14284,13.72857,13.63477,13.8739,12.71578,12.56442,12.39088,12.29871,11.63995,12.50797,11.4613,10.48861,11.97721,13.03502,11.77145,11.70574,10.94901,11.79736,12.77101,10.35277,11.87511,14.08658,11.58294,12.22501,11.39487,12.32911,13.07274,11.53042,14.39796,15.96423,14.36215,13.50269,12.8525,14.20333,13.05855,11.64544,14.04977,14.21591,13.34834,12.14284,14.50963,13.87104,11.40566,13.52079,14.75497,14.94485,10.56586,12.20843,13.4198,13.0387,11.79524,12.67177,12.69327,11.9522,10.8301,13.30523,13.58848,12.59732,13.82003,14.04224,14.38846,11.71264,13.14304,12.28396,11.71266,10.18815,9.49174,11.51656,10.65111,11.13956,9.6648,10.78635,9.01353,10.04218,11.05246,12.06065,9.05843,8.39611,11.03853,8.99718,10.53732,9.68954,11.23809,9.83609,10.52904,9.229,9.70013,9.0067,9.27937,10.46984,8.77297,9.98701,9.40782,9.62921,8.22795,9.97799,9.26596,9.66876,5.13729,10.69377,10.00248,8.47014,10.38088,9.99024,7.79037,10.17228,10.8348,8.12098,8.22431,7.5806,8.70864,11.09304,10.79651,10.5737,11.13162,9.329,6.69256,9.68827,11.62565,11.81506,12.7722,12.31712,11.8202,8.06775,10.7653,9.7469,9.29963,10.61408,11.46119,13.35136,11.64405,12.1883,11.63206,11.63289,11.31066,11.13843,12.11313,11.15295,11.28867,8.05711,11.10066,10.37168,9.17608,8.78639,9.55136,9.9699,9.66409,9.47748,8.64311,9.64965,7.82705,10.5664,6.71956,9.96892,8.94295,9.15301,9.2753,8.85131,9.6327,8.88706,9.54918,9.31046,8.65505,9.1143,9.06379,9.11006,9.41103,8.7713,8.72591,9.16279,9.30724,8.5984,8.88719,9.45555,8.74177,9.63654,8.95455,7.63854,9.76819,8.73865,8.71435,9.59061,7.84335
aa,10.53364,10.99701,17.60142,19.29101,17.44127,10.78144,19.51721,20.98318,19.0672,12.11534,19.45318,20.79303,18.77651,15.97925,21.68706,23.10376,21.37374,17.11207,22.58619,24.37764,23.09961,18.35161,21.187,22.32724,20.2713,17.09328,18.87405,20.10109,18.33216,15.36518,19.41932,20.14455,17.23165,16.6198,19.05799,19.86164,17.42871,14.45072,19.18049,20.12871,17.47475,16.92622,20.15855,20.65362,17.77586,18.76797,22.35364,22.37309,19.29593,18.20751,20.62422,20.57739,17.85148,17.37091,19.70896,20.0879,16.30123,16.43225,19.30194,19.51822,16.82623,13.72305,19.22203,19.43839,17.00329,17.55386,20.3735,20.09504,17.03994,18.28778,19.81573,19.07199,13.463,15.36145,17.91868,17.70861,13.41646,13.19448,16.42561,16.21463,12.87677,13.99661,16.76966,16.54928,14.04965,13.85723,15.90937,15.78616,12.50516,13.83138,16.1786,15.97287,13.0048,13.04551,16.09607,15.56087,11.81378,14.98967,16.97826,16.57157,14.25137,15.31848,17.55693,17.27174,13.86981,16.70637,19.10545,18.71763,14.95584,16.88033,18.6461,17.93181,13.75923,16.77243,18.04242,17.23211,14.84425,16.2999,17.65812,16.79568,14.4588,16.49422,17.03055,16.13894,12.41408,12.86743,15.46606,15.14575,12.01866,14.64242,15.8018,14.95358,12.05225,14.28253,15.46484,14.17776,11.68806,14.43404,15.9565,15.5565,13.48857,14.26417,13.82502,11.05003,8.88519,12.62922,12.33686,11.42759,10.35011,11.09886,9.72601,9.71002,10.61051,10.55537,10.1938,7.78091,9.87366,3.23928,9.97229,9.28061,10.29993,8.78853,6.02625,9.63713,8.43542,8.35567,9.5539,8.47723,7.8,9.93637,7.10708,7.17486,10.26358,9.7746,10.14564,10.04896,9.97982,11.30078,10.74751,7.98889,10.24105,6.71429,9.46392,8.14336,8.75238,9.04818,6.52607,9.48909,8.86748,10.12305,7.80784,7.99022,10.02746,9.89684,10.53354,7.99079,9.97021,10.89203,11.29582,9.00586,10.21964,11.81697,11.37267,9.78327,9.66549,11.97023,11.93669,10.22602,10.94638,12.3347,12.3784,11.48996,8.77529,11.94037,12.04451,10.09744,8.4492,11.13032,7.36224,7.78022,10.3332,8.88084,10.43176,2.886,9.6984,9.62453,8.95687,9.94748,8.70353,9.31959,9.25691,7.63019,9.23536,9.82421,7.89135,7.99102,9.19753,8.11745,7.97756,8.21261,9.47884,6.91914,7.59314,7.52828,8.91845,8.37254,7.32308,7.94902,6.88466,9.24395,7.1636,8.47394,7.65602,8.04021,8.45348,5.15988
dcl,9.82323,6.50191,14.15699,16.04673,14.60897,8.58889,13.99238,15.71875,14.20751,8.23438,11.68404,13.60946,12.58771,3.87806,9.44339,12.10199,11.36026,7.30374,9.11293,10.424,9.7222,6.41524,8.84917,9.82364,9.22937,5.36684,6.09309,7.08275,3.43478,6.34042,5.04334,6.16409,5.07769,5.89792,5.60362,6.93666,5.2662,4.50497,6.23816,7.59968,7.12438,4.81385,5.47944,6.97636,7.44081,6.27695,5.57744,7.78424,7.23986,7.43718,5.74372,9.03535,9.45245,8.32726,6.78856,10.13365,10.03536,8.75935,7.35914,7.10418,5.65747,6.4919,6.45673,6.75703,6.92742,6.82985,5.40205,5.87893,7.20793,6.96188,4.98032,7.02885,7.36408,7.50576,6.01916,8.70956,9.29138,8.66408,7.3143,9.25592,10.70115,10.49443,8.73925,7.25573,4.75879,6.7462,6.73708,6.84115,6.72421,7.72113,5.31684,5.15612,6.35866,6.81493,6.01468,2.76041,6.36274,6.23935,6.02109,6.37577,5.45735,4.20158,6.00055,5.78714,1.14096,5.33636,5.13513,5.73337,6.0417,6.27272,6.02705,5.33746,5.16683,4.12389,5.62826,2.96927,6.02022,6.05467,5.49521,4.05771,5.28798,6.10074,4.90925,5.49972,3.8818,5.84022,6.34146,7.11923,6.13577,4.44671,3.99905,6.35138,7.49439,6.32223,4.20413,6.60857,6.7955,6.79094,5.55898,3.30048,6.35458,5.82808,5.27286,5.6545,4.21884,6.11046,5.67441,5.12606,4.60579,5.44762,6.56189,6.63742,3.64327,0.36352,4.2159,6.34444,3.32709,5.13765,5.3877,4.42101,5.26514,4.79405,3.71643,5.28951,6.20513,6.47217,6.33402,6.62379,3.24652,5.3411,6.18501,6.33117,5.38785,5.01381,6.09545,5.96809,3.81474,5.95483,6.92535,6.63042,3.7028,3.95622,3.98912,4.81583,5.20137,5.34788,3.76026,3.80459,6.37243,5.80662,6.481,6.00613,3.04771,6.24411,5.42374,3.61309,2.16157,5.3294,5.86024,2.45857,5.99905,5.82993,5.5717,5.62415,3.61534,4.5851,5.31599,5.18605,1.68284,3.01732,5.03967,5.33134,4.74397,5.79143,5.83823,7.47361,5.44371,3.37379,4.51536,6.18556,6.41367,6.02149,5.46671,6.17807,6.87588,6.81617,5.63747,5.64981,5.38303,7.07189,6.43107,3.51376,4.16266,4.06942,5.6478,1.55268,6.30128,6.10624,3.88266,4.73229,5.71442,5.65373,2.67576,4.91952,5.68104,5.63648,5.76661,3.93024,4.2155,4.77314,5.84759,6.70758,6.06215,7.32438,6.7093,4.62986
ao,9.80451,9.36394,14.31212,18.40728,18.60071,15.07408,12.98171,18.13221,20.24123,18.95118,14.59809,15.55056,19.86997,20.55407,17.73703,16.50126,20.45194,22.67049,21.54473,18.16995,19.21805,22.08817,22.60133,19.82615,18.238,20.76057,23.01126,22.20636,19.38527,19.68323,21.9363,22.42687,20.14774,17.15743,17.23793,18.36866,18.33312,15.32468,15.14062,16.60599,17.33503,15.7569,13.9779,13.72837,15.81877,15.8176,14.04666,13.38999,14.20498,15.47966,14.27684,13.07967,12.74946,14.25386,14.28992,13.35013,12.1967,13.50911,14.271,13.89626,12.54335,12.49654,13.58188,14.00826,12.85604,12.75631,13.13423,14.11473,13.87636,13.1601,12.61589,13.91886,14.74678,13.83064,13.94745,13.92766,15.08349,15.09538,14.72099,15.13585,16.18164,16.68769,16.03791,16.45645,17.07507,17.86646,17.59856,16.66186,16.54061,16.64726,17.1163,16.40043,16.56955,16.36469,16.74684,16.76991,16.25219,16.57411,15.97959,16.41744,16.49716,16.82141,16.78742,17.31152,17.59009,17.06608,18.13278,17.45074,17.41174,17.20695,17.53711,17.43315,17.39887,17.28101,16.48192,17.29307,16.21016,16.05679,15.66183,15.8552,16.05354,14.79688,14.62966,13.8291,15.32226,14.10725,13.48122,13.63131,14.63979,15.55618,14.8384,14.6283,13.31462,15.7117,15.05894,14.32528,14.26056,14.11703,15.11397,13.3823,12.73412,11.92891,13.53572,12.6196,12.39429,12.56188,10.97697,13.86256,12.75162,12.02161,8.68598,13.36226,13.59293,12.77894,13.16451,12.66533,15.35879,14.38467,13.41195,12.56141,13.27762,13.3224,11.72958,11.77309,10.09665,10.65022,8.97197,7.06609,6.56317,7.51623,7.84572,6.80242,7.23507,6.86139,4.52797,5.86504,6.45748,7.04289,7.20003,7.60266,6.19275,6.38277,7.32707,8.67168,6.43808,6.23484,7.05686,7.54481,8.23077,6.82984,6.62823,7.36185,7.38838,5.55218,9.1185,8.36048,7.6456,8.16833,6.34462,6.22487,8.32029,8.83817,7.80994,9.65144,9.79489,7.21941,8.85504,4.40987,7.87883,5.95122,7.10556,7.35264,6.44225,6.63552,7.9363,9.0405,8.07901,7.47716,8.26306,7.07185,7.50059,5.66231,8.26616,7.95351,6.11715,7.25533,5.98273,5.87568,6.42465,6.15784,6.90696,4.36967,7.35372,7.04325,4.73234,6.19654,6.36246,6.0771,7.09793,6.33265,5.51771,6.79515,7.18721,5.71155,5.26636,3.6262,6.05101,6.64717,2.87682,6.85926,7.5465,7.84241,7.34067,4.59496,5.70379,0.18598
sh,10.43757,6.13202,9.36304,10.68787,11.1551,11.75436,12.58614,11.91107,11.06962,10.8542,10.92691,10.98922,12.18032,11.15739,11.50502,9.47143,11.07601,10.51794,12.79238,12.35292,9.85706,12.9644,12.50063,12.07409,5.94523,8.6298,10.22428,9.02614,11.09287,10.81702,10.26199,9.33704,11.03744,11.46494,10.79737,11.58819,10.68088,11.09715,10.61655,10.96836,12.19566,11.70064,11.468,11.9094,12.73093,12.95384,11.96188,12.36017,10.33328,12.40029,9.10959,12.62051,13.49384,13.2955,14.04997,13.17978,12.15416,14.37529,13.95329,13.1505,14.3942,15.41829,15.98317,14.63739,14.73847,15.07406,13.30048,15.17752,16.89239,15.47121,18.25699,18.97247,18.45621,17.28592,15.47698,19.51211,20.75508,20.88139,19.94994,19.60587,19.31649,17.12711,17.84843,18.16299,17.11904,11.93908,16.79875,17.00455,16.35832,16.55583,16.65782,15.17426,14.48146,15.11129,15.27004,13.90703,15.18551,16.25978,14.89591,14.46691,14.88793,14.746,15.54439,17.2418,17.74761,17.15191,17.4168,17.40048,14.91458,16.91603,16.6177,16.25387,16.39784,16.40677,15.91033,15.59037,15.58614,13.40895,15.01069,14.82872,16.26153,15.86196,13.66237,14.954,15.74206,16.423,15.09003,13.36774,15.59317,15.38996,12.13828,13.63879,15.59039,14.63249,13.00302,14.40116,15.01333,16.16018,16.19353,15.50548,15.61694,16.36855,16.64495,16.09991,14.64256,15.38513,15.18194,13.41816,14.16218,14.54308,12.96484,15.44934,16.04038,15.58174,15.30665,13.63178,13.89476,15.04059,15.40248,15.34054,15.05284,15.47585,15.12509,14.91565,15.46616,15.17165,16.45498,16.09354,14.12738,13.94348,15.18814,16.0368,15.30956,16.07032,15.90063,14.40909,14.86555,14.38395,16.08938,14.95611,16.55593,16.22232,15.40825,13.60508,16.56351,15.57422,16.06202,16.72868,15.64366,14.39017,16.26003,16.29628,16.4933,16.87325,13.85527,11.25949,11.64485,13.92614,14.34458,13.72321,13.92313,13.51009,13.99363,15.08339,15.48423,15.42844,11.9537,13.6449,13.74417,13.36293,14.10241,12.85531,13.16669,13.83392,12.87925,9.79888,12.35221,13.21631,13.63698,12.22693,11.80658,12.98577,11.39024,12.25812,13.4296,13.83411,12.20688,9.68697,9.19474,11.31788,10.77456,11.49412,10.31994,11.59413,12.4095,11.97126,12.66969,11.69629,12.5843,12.51666,10.18874,12.8306,13.67533,13.41437,12.57319,12.5837,11.70054,13.16867,13.45414,13.31946,12.97299,13.15835,10.92588,11.26092,12.02392,12.1558
aa,13.26156,13.64375,17.85227,19.23339,17.51253,14.98479,19.43884,20.83676,18.48974,14.48721,20.46793,21.26599,19.43955,19.11544,23.08943,23.82759,21.40965,20.53551,24.27376,24.75634,22.30501,17.78139,21.14332,21.20101,18.62738,19.15486,21.47545,21.58039,19.20127,19.16788,21.47934,21.3437,18.81102,19.50989,21.27277,21.14677,18.42751,19.98198,21.78642,21.47674,18.08292,22.4245,23.03893,22.38929,20.25933,22.09222,21.77067,20.11239,16.0601,19.82432,20.4355,19.88393,12.64348,19.3219,19.97362,19.49534,16.40681,19.58734,20.17147,19.48238,18.35722,20.06601,20.29224,18.80833,19.25102,19.57425,19.19781,18.43055,17.79655,18.26632,17.80348,17.11396,16.11686,17.06671,17.07052,16.30393,16.23278,16.59652,16.78219,15.50951,15.68559,16.11093,16.1438,14.66406,15.51284,15.553,15.99544,13.58363,15.45296,15.63944,16.02264,12.8672,15.75729,15.69012,16.12398,12.44505,16.32262,16.50385,17.03654,13.43098,17.07832,17.30494,17.81664,14.92631,17.89058,18.3311,18.80887,16.0341,18.9326,19.45072,19.78591,15.0129,19.08427,19.01878,18.31887,16.16458,17.85642,17.8107,17.15804,15.07456,16.59439,16.52706,15.45784,14.34789,15.38036,14.99897,13.77643,13.03199,13.88441,13.83797,12.42064,12.89847,13.92,13.41885,11.4074,11.66059,12.82692,11.98724,5.37048,12.70868,14.03883,13.97939,10.37835,13.45415,15.12474,14.82961,13.77245,15.65066,16.2459,15.46815,11.24828,13.41847,13.47761,11.95166,10.37231,11.60812,12.19623,10.82765,9.18561,9.10728,9.7999,9.09992,8.32801,8.59158,9.0612,7.46749,7.5787,7.44053,9.07362,3.43049,8.18163,7.05315,6.59803,7.01661,7.36315,5.54195,8.02097,6.50672,5.64996,8.55428,6.07214,7.09125,5.3344,6.34826,7.20493,4.81741,8.14175,5.54173,6.97818,7.90902,5.9515,7.89161,6.47753,6.10407,7.29636,6.25728,7.83613,6.01616,6.41341,6.85584,5.62032,6.56295,6.84938,3.19237,7.5416,5.68318,6.87659,4.46604,6.3933,8.69497,8.74908,9.61385,7.65168,6.40769,10.45175,10.46802,9.03347,9.48009,10.91051,11.13816,9.58896,8.67065,11.90689,12.05654,10.7172,9.07175,10.02771,10.60098,8.0652,8.13617,10.8525,10.58964,8.34678,9.90715,10.99143,10.76537,7.70813,11.52738,12.88768,12.44196,10.03268,12.43885,13.41769,13.55638,9.78755,12.70733,13.41017,13.05589,10.5124,11.81305,11.54932,12.62208,10.46281,11.65229,11.4258,11.57401
iy,12.93241,12.67795,16.77555,18.71652,17.84333,12.02059,18.98558,21.58288,20.74749,16.03414,18.52575,21.38715,20.80656,16.45204,16.095,18.87286,18.92034,15.63332,13.22996,17.62962,17.64163,15.07261,13.90411,17.12142,17.96025,15.80002,12.14994,16.1671,16.93737,14.23358,9.98984,15.22557,16.36035,14.95742,10.18882,14.57386,16.11711,13.98307,8.75315,13.96389,15.78919,14.76234,12.89504,13.91411,16.00263,15.28691,10.46209,13.98893,16.28694,15.40279,13.34693,13.72944,16.82233,16.55544,13.58017,15.64674,17.72195,17.5226,15.77802,17.10992,19.72959,20.0106,17.83737,17.50445,18.69181,19.37653,17.5193,17.05822,17.75463,19.42854,18.05432,17.60422,18.10853,19.42709,17.63189,16.32831,13.28618,17.68085,17.17067,16.27409,14.62705,16.47941,15.23851,13.89059,12.70534,15.60454,15.10582,14.69491,14.04721,15.27557,14.91965,13.39948,13.63431,15.35118,15.01354,14.70008,14.08177,15.70881,15.39976,14.70132,15.11929,16.58376,16.43355,16.17573,16.32586,17.48879,17.74481,16.73226,16.2913,17.33003,17.61754,16.94778,15.8021,16.4197,17.1989,16.2754,15.72125,15.89495,16.49489,15.83121,16.89977,16.86791,17.52819,16.78817,16.52915,16.67367,17.36487,16.28118,15.72131,14.62562,14.80526,14.09513,12.80746,10.09214,11.14829,9.66642,8.60784,7.48378,5.58986,6.34479,6.29336,7.02903,6.74754,7.65275,7.23395,7.08931,7.15224,7.85174,7.9111,6.42708,1.54435,4.9462,6.63033,6.32265,6.50699,5.76482,7.14408,3.5007,8.22307,7.47872,5.22452,5.5867,8.3175,8.12047,8.294,7.05816,5.1743,6.84914,5.00688,5.2864,4.27103,6.95389,8.13345,6.34106,7.77791,8.97415,8.69399,8.59805,8.34623,9.74185,9.69879,9.02322,9.41198,11.09449,11.93717,11.7904,9.42266,11.23431,11.07045,11.16395,8.66521,9.91721,11.33756,11.68064,9.86139,9.99548,11.0665,11.74976,10.67306,10.71739,10.74465,12.33027,12.04804,10.09801,11.08598,12.50768,11.95351,11.05681,11.48754,12.2821,11.7164,9.25768,9.57137,11.43033,11.65421,11.44853,11.19365,11.38836,11.79361,11.02631,9.90441,10.88432,11.15658,11.58151,10.87434,11.02422,11.08069,10.67335,10.13831,9.47426,8.94824,7.30778,6.49863,8.73717,8.75328,6.60942,9.19972,8.69079,9.31534,7.78062,7.889,6.95103,11.00258,10.38563,8.67599,8.23582,11.11924,10.79741,9.32617,7.878,11.77101,12.33244,10.91144,9.43282,10.28101,11.79854
aa,15.41352,15.27169,17.46063,19.16938,17.0208,15.22234,20.03303,21.05655,19.25549,13.46382,21.05519,21.71703,19.52401,18.06553,23.41334,23.92367,21.71603,20.07235,25.01492,25.24943,22.41237,18.01639,21.24112,21.45409,18.46566,17.56196,21.08806,21.31232,18.55379,18.89237,21.78532,21.86828,18.51479,19.72168,22.2653,21.91204,19.12889,21.90063,23.56808,23.06532,17.19119,21.17364,22.38739,21.15374,18.32609,19.06569,20.85376,19.52597,16.45387,17.57155,19.69269,18.44534,16.08646,17.89378,19.62083,18.06005,15.49758,18.0915,19.55575,17.95995,15.9892,19.55409,20.41656,18.3953,19.35672,20.22049,19.99267,17.44136,15.1267,17.74542,18.08851,15.65686,14.45858,16.69008,17.14536,14.34491,14.18538,15.94674,16.33023,13.49828,13.5601,15.43295,15.98748,13.38735,13.99294,15.20689,15.67255,12.80874,14.08976,15.1853,15.43683,13.06032,14.34518,15.65982,15.75546,13.86173,15.01218,16.33483,16.15602,15.0875,16.84877,18.34416,17.38018,17.08498,18.06758,19.27585,17.97673,17.08569,16.61544,17.51074,16.05996,15.13845,15.67105,16.85356,14.69841,13.96598,12.76469,14.85006,6.91165,12.12707,9.84026,12.96481,11.36712,12.06129,11.14802,12.22378,11.64968,11.59029,12.01834,11.28913,11.72636,11.43514,12.39448,10.39484,12.05656,10.90426,12.47909,10.63226,12.12929,10.58553,12.75,10.79451,12.51744,9.56213,13.55549,12.66666,12.46084,12.07236,14.65147,12.77379,11.676,11.85766,13.2027,11.37486,11.14181,11.43063,12.80228,10.92355,10.34147,11.52988,12.4017,10.77324,10.89576,10.51994,12.3666,10.98064,10.43563,10.62972,12.38942,11.25374,11.20474,9.3651,12.59235,11.18376,11.04893,11.45448,13.54157,13.49451,12.13605,13.55999,13.18438,12.73094,10.6755,12.03535,11.25896,11.94771,10.51683,11.6941,10.477,12.12425,10.40654,11.71802,10.74621,11.70015,11.0801,11.5284,10.14401,10.8836,11.66488,10.75009,11.19426,11.18698,11.09503,10.60749,11.40631,10.99366,10.87733,10.89662,11.19941,11.66409,9.93078,10.95759,10.58644,11.74826,10.58242,11.18095,11.26806,11.38369,10.94588,11.07399,9.93538,12.43275,9.58477,11.42611,9.54547,11.83593,10.29133,11.7341,10.78779,12.0579,10.63492,11.43238,11.24245,12.06181,9.21722,12.36615,10.77367,10.37144,10.09371,11.0674,12.11765,9.5787,10.88381,11.19498,11.43524,10.76033,10.9361,10.60812,11.39474,10.72019,11.05072,10.28695,11.10846,11.27992,10.88047,10.76748
ao,9.20692,15.50128,18.04909,17.07357,16.06023,19.16786,18.95907,14.20746,18.51008,18.8349,13.60427,19.79243,20.74867,17.53507,20.73162,22.03201,19.78971,20.30555,21.99844,20.48331,19.1907,21.90621,21.20878,17.4517,21.22169,20.80104,16.77664,16.933,17.19455,14.67173,15.71965,16.76096,14.46938,11.44979,14.58373,7.87778,9.78313,14.28721,10.94208,12.15468,12.76348,11.46942,11.82274,12.06247,12.39158,11.71973,10.18646,12.21972,11.10459,9.89909,12.04949,9.89151,10.31599,12.02372,9.14647,10.49435,11.47972,10.53497,10.40929,10.80086,10.8738,10.51753,9.62746,11.0445,10.25437,6.46444,11.55142,8.11363,9.92059,10.94282,9.8859,10.23921,10.5941,10.94419,10.41198,10.15309,11.44197,10.57418,10.36951,12.00282,8.86922,11.7721,13.11197,10.5044,13.3738,13.71459,13.22532,13.98776,15.28466,14.03862,11.63793,13.79727,12.43506,10.3403,14.51438,13.68475,11.91215,13.5295,13.30167,12.26675,13.53537,12.45675,11.68831,10.76772,10.90773,12.03304,9.5998,11.41928,11.09437,10.56898,11.12823,11.27607,9.88165,11.21005,11.30843,8.3107,11.84848,10.57319,11.07238,12.23529,13.22116,12.87847,11.8356,12.6959,12.11955,12.03102,13.1692,13.04284,7.69722,11.61604,12.11809,10.58821,12.23372,11.82769,7.84319,10.06472,10.25087,9.38845,8.47594,10.48641,7.40429,9.31244,9.87093,8.37722,8.56207,10.1036,7.59196,8.00454,10.14525,4.28364,9.46517,9.28371,7.18962,8.74968,10.04814,7.74849,9.29628,9.52239,7.93666,9.50976,8.89357,8.71608,9.30581,8.63327,8.97021,8.09154,8.1597,9.65029,7.40936,8.85084,8.93773,5.8151,9.55557,9.05618,7.57929,9.00564,9.07599,7.49554,9.10213,9.18825,9.09902,9.8272,7.90376,9.43626,9.01793,8.97272,10.03345,9.79658,9.59026,9.54984,9.45708,9.16697,9.30486,8.21971,10.11818,7.72577,5.80034,10.09886,9.16332,7.60681,9.68133,9.02632,5.51181,9.89716,8.21092,8.28175,10.57632,6.79443,7.61755,10.67383,5.90726,9.80741,10.43821,8.40336,8.56287,10.07978,8.50729,7.97034,7.67245,8.1417,8.59155,9.3764,9.11684,8.48559,7.14838,9.14258,7.95792,8.38542,9.4617,7.15521,7.69612,9.06766,7.66422,8.39938,9.05773,8.07991,7.46629,9.32405,7.75272,8.01843,9.06477,8.73408,7.77642,9.28341,9.246,8.71909,9.4197,8.67926,7.15164,9.07538,9.26437,8.14429,8.40412,8.85254,8.33617,8.52151
iy,9.31043,9.63926,16.98305,17.97895,15.69971,15.73973,20.01292,20.43779,17.95242,15.9033,20.50175,20.40921,17.32104,15.9264,18.1467,17.35143,15.59113,13.77278,15.61108,13.75121,11.38237,15.26468,16.30877,15.28476,14.0785,14.94141,14.92707,13.64834,11.70538,13.5765,13.69636,12.77311,12.692,14.04762,13.8005,13.279,12.22895,13.07269,12.20439,11.28983,12.05981,13.60669,13.74036,12.37227,12.15629,12.18479,13.02601,11.5171,12.77821,13.46809,12.97048,10.82387,12.33612,13.93804,13.96471,12.26125,13.31039,13.82761,13.88404,11.68935,14.37248,15.53739,14.21756,13.53269,14.78346,16.73013,15.18863,15.24431,17.53126,18.74818,16.86098,16.7609,18.36138,19.17954,17.56572,16.49213,17.64208,17.15033,14.08219,15.52404,17.81245,16.64663,14.51941,16.59266,18.18062,17.08304,15.37695,18.65901,18.6909,14.38191,16.44507,18.44854,19.26416,17.89434,14.45886,17.80546,17.54158,15.7224,15.40784,17.56817,17.49945,15.35075,16.26539,17.81826,17.11715,15.25252,15.81961,16.50732,15.26473,13.37695,16.35633,17.17381,17.07202,13.49487,17.21342,17.62711,16.48021,14.88283,16.65441,17.25226,16.73766,12.51682,15.19085,14.74806,13.01519,10.77791,11.59502,12.80542,10.73115,11.54261,11.10323,9.39994,10.05912,9.73346,9.02304,9.88345,9.42136,8.87776,9.35925,9.34315,10.47925,10.91524,10.71525,10.76757,9.71952,9.69919,11.15846,10.6539,9.6598,9.2467,9.20754,8.75849,8.58681,9.60014,9.80555,7.28066,5.19237,8.99604,9.07102,7.55197,9.32815,8.84992,8.78896,7.82513,8.93872,10.05625,8.84191,7.60158,8.3288,8.94793,7.23426,10.63147,11.82461,11.63257,8.52433,10.03813,9.80042,10.77938,9.62669,10.36132,10.74867,9.52272,5.76196,8.98494,9.05439,6.94978,7.38711,5.83047,7.96886,5.43775,4.2629,7.91517,6.72137,5.87403,6.33227,6.87655,8.63368,5.81081,7.0257,7.40327,7.39788,4.1458,5.70861,7.32212,4.43655,3.52738,6.35532,8.65382,6.7783,5.95586,7.55744,7.67316,6.78723,6.72388,8.15089,8.52254,5.27278,7.22813,8.44537,9.01412,9.64363,6.77029,9.90779,9.30315,9.26145,8.97976,9.10321,8.80322,11.05466,8.22413,8.19156,8.07699,8.25207,9.08364,8.46543,9.55222,10.16065,7.92837,8.66989,9.85865,9.43105,9.66268,9.27005,9.58187,8.02036,8.72269,10.14058,10.48227,9.18534,9.12804,9.24397,8.18102,7.24327,4.86301,10.01946,5.9396
ao,7.93795,15.29719,18.45698,17.91989,12.95829,18.18569,18.75225,15.91939,17.12806,18.89925,17.58173,17.1463,20.08896,19.81069,17.61009,22.00676,22.72411,19.76715,21.15788,23.0306,21.65522,17.65603,20.75773,20.82525,16.84097,20.88747,22.02349,19.58159,19.21357,20.01541,19.52888,14.99025,17.89459,17.94687,14.70636,14.56358,14.87582,14.00373,14.23092,14.28785,14.22734,11.76561,11.35,12.93139,11.98361,10.61695,11.93837,12.21766,10.67267,10.61791,12.93159,10.31047,11.35678,12.02667,9.05542,10.99565,12.24238,11.01063,11.09356,9.9091,11.88251,11.04489,11.12911,11.51319,10.1964,9.64404,12.23835,8.12414,10.56091,10.97255,7.64087,11.08845,11.44511,11.86241,11.26628,8.96161,12.38366,9.55894,11.80548,13.27247,13.70033,12.73659,14.45711,15.84261,14.72202,15.0468,13.38048,15.63907,14.63952,14.8509,14.49534,11.64845,11.25766,12.62848,9.51712,12.41962,13.37996,14.07908,12.50981,13.57779,14.70704,12.51605,12.85648,14.23216,14.0066,12.67104,13.75765,14.20738,12.19699,10.93288,12.48631,11.09937,11.60981,11.94385,11.22225,10.93791,9.27624,10.55373,8.97391,6.92174,10.29822,7.97744,8.98055,9.86709,8.41723,9.81416,8.19356,8.99019,8.85523,9.46711,7.7018,9.78555,9.87799,9.52187,8.75185,10.80985,11.17451,8.61739,9.37654,10.00467,7.70775,6.93751,10.13071,8.46396,8.62082,8.80234,9.32707,8.19895,9.50456,7.98241,9.15873,8.86707,8.05663,8.83199,9.31524,7.37577,10.02311,7.88469,8.35918,9.12193,7.21932,9.21226,8.98355,9.01605,7.87659,8.68402,8.7592,9.03255,7.63318,8.9792,7.08723,9.09984,8.5393,8.47436,7.66141,9.23773,7.88595,8.84166,7.94194,9.26302,7.55453,8.59751,7.89222,9.09104,7.39405,8.89972,8.45835,8.36208,7.74179,9.62113,6.95924,8.52272,8.93177,7.73141,8.6792,8.06328,8.98297,8.02038,8.4001,8.49334,8.48736,7.72568,8.32342,9.27882,8.58687,8.69501,8.35287,9.03307,7.62354,8.06703,9.24278,8.4827,8.69077,7.94908,8.18749,8.93783,8.05419,8.48928,8.09953,8.38986,8.29933,7.12894,8.94727,7.73791,8.21109,8.09743,8.40339,8.10341,7.62726,9.1293,8.00779,8.25613,8.46992,7.46618,8.50553,8.32433,7.94529,8.4759,8.07724,8.01371,8.90098,7.51038,8.08748,8.70385,7.97793,7.83399,8.20479,8.73625,6.96096,9.16302,7.61801,9.10817,8.38252,8.92681,9.18917,5.679
ao,7.33198,11.91129,16.11481,16.45017,12.16936,16.27699,18.6971,17.6751,13.55264,17.57376,18.6522,16.58072,16.969,19.50063,19.21624,17.4139,20.75276,22.55592,21.85728,20.57564,22.54208,22.99596,20.6902,19.55953,20.9232,20.68165,19.06143,18.20967,17.83706,19.56689,19.85433,21.31778,21.88464,21.24263,20.31514,19.26702,15.21999,17.0935,17.73643,17.14246,14.47348,15.82927,15.81893,14.87309,14.81816,15.2523,14.53613,13.21169,14.38095,14.60813,13.51897,13.21583,13.58417,13.03374,12.10715,13.45872,14.40535,13.40351,12.80705,13.46714,13.3071,13.12862,13.63418,14.33184,13.66816,14.3981,14.47142,14.86364,15.38424,16.11083,15.13174,15.60723,14.04231,13.89847,13.16294,12.85592,13.31483,12.3814,12.13413,10.142,12.22888,11.88532,12.11894,11.3388,11.87442,10.91269,11.21473,12.12363,11.80561,11.77808,11.19132,11.65686,7.82061,11.11179,11.75689,10.85939,9.73576,11.25392,11.91071,10.90855,12.60584,14.01758,12.65646,13.093,14.18958,14.07876,11.93679,11.45139,13.36572,12.18176,10.6215,11.74683,13.06117,11.14924,10.182,10.92154,11.4888,5.94667,7.3351,8.21695,8.4319,8.12801,8.52349,9.48201,5.7914,6.70066,10.86006,8.79957,9.51098,5.63291,8.74127,7.57733,9.73859,9.65296,9.59169,6.23921,8.4265,8.7015,8.60411,10.34884,9.07169,9.05672,8.16763,8.85481,7.87223,9.10443,8.70897,9.64348,8.40496,9.34915,10.93752,9.62795,10.6228,11.02322,11.2686,6.82705,10.83234,11.58071,11.18645,9.51497,11.86126,12.02773,11.13351,11.22825,12.23144,11.58524,11.81232,10.30064,9.60977,9.69141,10.59015,8.93106,8.24168,9.66592,6.92123,8.05252,9.46335,9.20323,6.92078,6.85185,7.87837,5.57907,8.93959,7.13053,8.94949,9.50803,8.76978,9.65082,7.22599,7.30779,8.15951,8.31545,4.91245,8.5897,3.40938,7.80231,8.51308,6.64798,8.91035,6.31393,6.61058,7.18909,7.53321,7.40148,7.27975,7.50805,6.22262,7.91416,6.54087,7.84399,7.50549,5.80583,6.50916,7.91881,6.9428,6.98256,7.43519,6.63754,7.35334,4.96907,8.31489,6.4669,5.76492,6.74802,7.52978,7.55666,7.91358,8.18041,6.67239,7.78187,3.30211,8.41404,0.47007,7.51026,7.59789,4.20093,7.66788,6.60508,6.32034,8.38069,7.07163,7.29082,6.4362,7.1774,7.37759,7.11633,7.14045,8.13556,7.51189,5.54467,7.73725,6.0246,8.31813,6.92897,7.91506,9.13107
aa,8.74562,13.46799,17.47443,17.51686,13.97673,17.41213,19.20278,17.64462,12.62271,17.23161,17.42622,14.70263,17.37718,19.30074,17.90482,15.33065,20.24087,20.71912,18.04526,20.29673,22.40657,21.33306,16.89653,20.11211,21.14152,19.54168,19.11467,21.23644,20.37781,17.37109,19.15734,20.5458,18.8788,18.30109,20.24254,19.82374,13.97991,15.73802,15.35477,14.77984,7.69825,15.94038,15.06355,9.99383,12.68405,13.93998,12.32025,11.37048,14.67054,12.64579,11.08365,11.60202,13.41887,12.3525,11.37094,13.39633,12.72832,8.68856,10.61658,13.17745,12.92689,13.25147,14.18257,14.23758,10.55135,12.89105,13.47073,13.22106,10.82592,12.4096,11.68915,10.73452,10.62248,12.0053,10.16745,10.54473,10.32524,7.04448,9.79827,9.26743,10.16108,9.03962,8.83856,9.31235,9.45905,9.48865,9.18988,10.99425,10.20241,11.90766,12.23966,11.84985,9.7334,9.87551,10.78608,10.32395,7.71326,9.20873,9.33231,8.4561,8.92112,6.8215,10.33354,6.37782,7.63473,10.52193,9.15578,10.70997,12.24576,12.27145,12.61078,14.26497,13.88196,13.31117,12.16962,13.91541,13.90059,14.79098,15.04095,13.37057,14.12876,13.04382,11.29301,13.26188,14.50861,15.19262,14.416,15.03089,15.47457,15.00475,14.85429,14.90091,15.30571,14.23,13.01537,14.32142,12.66056,13.72269,14.03696,13.94202,14.05082,12.24805,11.95682,11.2242,12.01725,13.47302,14.29208,14.36874,14.32143,14.22909,15.07668,14.59863,13.85906,14.69859,14.34365,14.83288,15.26495,15.81188,15.70738,15.38084,15.3082,15.30077,13.35366,13.67614,14.77471,14.03546,14.18998,14.64216,13.81641,13.71163,13.66534,14.19512,13.88763,12.46666,13.13042,13.2508,10.4864,11.12573,12.00153,11.36474,11.40385,13.52922,13.54126,11.19337,12.51349,11.08895,10.92103,11.82057,12.36677,13.32713,12.39441,11.80529,12.44408,11.23376,9.99304,9.92493,10.2435,5.86456,9.04212,9.69469,8.75222,9.6147,8.99431,8.07149,8.66505,9.40186,7.77435,8.76028,9.99202,8.41211,5.63869,8.62646,7.92664,6.72983,9.80136,7.54121,8.22726,8.34901,7.15824,7.61898,7.94638,7.9548,7.95309,8.79511,7.93417,3.31224,9.16867,8.79282,6.93211,8.86276,7.57769,8.91923,9.04123,7.8424,7.62545,7.37548,9.15535,8.53288,8.00069,8.55572,8.09473,7.39126,9.06596,5.08832,9.65165,7.44242,7.12323,9.37105,7.97106,7.14987,8.57768,7.9197,7.40106,6.7423,8.70139,6.41183
iy,9.40313,9.35111,17.45802,18.85674,16.94499,14.6364,20.05428,21.32384,19.27301,16.51326,21.22026,22.61761,20.77773,16.53706,18.54064,18.97039,16.05697,14.932,17.32329,17.68582,13.87787,14.63653,17.02026,17.15625,14.8205,13.60392,15.38925,14.91136,12.54375,13.43721,15.66364,14.95653,13.02321,12.63721,14.75256,13.6309,12.4925,13.28168,15.23204,14.03603,12.77636,13.18702,14.80102,13.03897,12.56987,14.29648,15.37924,14.06396,14.04028,14.83127,15.76234,14.31879,14.80628,15.63261,16.22225,14.47408,15.55427,16.22757,16.87767,15.30166,16.84203,17.6301,18.46262,17.42419,18.40386,18.95929,20.08079,18.9471,18.59142,18.19721,17.57247,15.90893,17.5449,17.47497,17.49022,15.80218,17.2976,17.32362,16.58809,17.29533,18.13644,18.42842,18.16049,17.87225,18.72387,18.37523,17.76544,16.71079,18.05105,18.05781,17.32867,16.55994,17.66266,17.43649,16.59267,16.02571,17.37879,17.31279,16.37366,16.32807,17.34203,16.31229,15.4267,14.62529,15.91638,14.89354,13.17792,14.09606,14.86873,13.81748,12.73207,14.05314,14.91417,13.89712,12.18706,15.29571,16.14467,14.54249,14.52678,15.73243,16.50208,13.83102,13.56965,15.72245,16.35792,14.95948,14.16731,15.05683,15.66704,14.1269,12.94394,14.96164,15.29415,13.9676,12.60422,13.6688,13.79905,13.9442,12.27017,14.15302,14.05351,13.13461,12.51173,13.19936,12.86423,13.8022,12.12282,12.67672,12.78548,9.85592,10.74133,9.54209,10.08668,10.53129,8.44294,10.81202,9.82805,9.67283,9.67847,10.84523,9.7986,9.15223,10.49956,12.24217,10.01072,10.86028,11.80076,12.50072,12.66197,13.74036,14.20176,14.68952,12.76558,11.93137,11.87528,12.83956,11.35312,11.30869,12.25181,13.09005,10.87952,10.76681,10.81017,11.5823,9.06909,11.02174,12.61569,12.60088,9.64111,12.15741,13.04671,12.21313,11.60187,12.87594,13.9554,13.41693,11.14615,13.11216,14.26075,13.29146,9.98157,12.67549,14.07254,13.46495,11.24693,10.49294,11.98306,10.78611,8.88257,10.88473,11.84667,10.9996,7.7416,10.6461,10.82412,9.62278,7.4163,11.00751,11.67897,10.28673,10.10535,11.37599,11.8466,10.73439,10.33582,12.12827,12.85003,11.80309,11.30331,12.03889,12.15618,10.66723,9.51289,10.74153,11.13329,10.13059,9.88688,10.03687,10.10633,8.61829,9.27721,9.94583,10.68279,8.7013,9.04594,10.28188,10.60282,8.79796,9.14716,10.65631,10.98235,9.84152,9.63113,10.53137,9.53427,6.89569
sh,8.91196,6.80453,9.7674,8.31275,10.36004,10.48234,10.03284,10.71857,10.07554,4.00768,9.87466,10.28881,9.92841,11.31029,11.0201,8.79187,10.39235,10.20213,10.5406,10.93098,11.83502,11.77994,11.30583,10.68399,11.43129,11.71706,11.93505,11.61175,11.27123,10.83088,9.90711,11.05754,10.53652,10.67159,12.28007,11.06076,8.05188,10.50405,10.23936,11.67578,11.9425,11.33757,10.80852,11.26773,11.07465,13.61328,13.66382,10.87769,13.62093,13.9816,11.64187,11.88004,13.32368,13.66297,11.333,14.55028,11.98793,15.4884,15.82204,16.26325,16.13694,16.88616,17.24888,16.80706,15.3168,15.92085,15.09244,15.89278,16.61472,17.33925,17.9398,17.22555,16.97506,18.92158,18.45074,16.21266,19.21509,19.9554,17.47042,18.52241,17.76723,15.79914,14.75786,17.43091,18.07917,17.65017,15.74536,17.35166,17.39411,17.5581,14.37989,14.60839,11.73441,12.72576,16.9878,16.99661,15.62681,11.32275,14.88827,13.84629,14.99259,16.21469,15.89139,16.77524,17.3699,16.52301,16.49838,15.52643,16.14259,14.53623,13.88039,15.78508,15.74116,15.85274,13.33259,15.84627,14.07584,15.449,14.04943,16.80727,15.98297,14.13875,15.09886,14.89176,13.00316,14.97497,14.51324,14.92253,15.48238,13.95928,11.3845,15.41541,14.8299,11.81591,15.53784,16.2869,15.78457,15.10585,14.99875,15.57612,15.63792,14.67603,14.98668,13.98271,13.31061,13.72959,13.55807,13.5101,11.3851,13.54569,15.22994,14.73996,11.82364,12.15013,15.25596,14.69165,15.09354,13.82098,15.08339,15.68385,14.65475,13.3593,14.01316,13.01366,15.57581,13.67825,15.08163,15.75172,15.52945,15.77493,13.99254,15.55302,14.42374,14.31931,14.02636,15.45341,15.76976,15.45881,13.46882,14.87281,14.66575,14.37768,14.26938,14.26748,12.77906,13.29656,12.83811,10.59289,12.02112,12.03365,12.43023,13.19178,9.48116,11.30896,13.7736,14.78612,13.94173,13.40379,14.2825,13.23799,13.37898,13.91392,13.59691,12.71123,13.0354,12.60621,11.69516,12.7735,12.69998,10.89879,12.15539,11.5125,10.35989,11.80755,12.13807,13.12755,12.63119,10.83727,9.65686,11.03978,11.32202,11.71812,9.25757,11.29315,10.20118,11.91969,11.66591,10.481,9.79425,11.98861,12.28527,11.28174,11.88926,10.49842,11.27807,11.68975,11.42972,8.18964,10.33156,11.01356,12.1029,12.25571,12.45097,10.24465,11.68676,12.43035,12.19678,12.59438,11.72547,12.31714,12.63106,12.14287,12.83198,12.56707,12.27457,10.32511
aa,12.671,11.853,16.20593,17.86736,15.62206,15.10794,17.54062,19.10409,16.44334,16.46053,18.43275,19.45004,16.00724,18.35211,19.31185,20.56768,16.94147,20.6344,22.31408,23.02542,20.57419,22.1443,22.82731,22.98581,20.67594,20.57741,18.99329,19.23616,17.9396,20.4643,20.1843,18.05252,17.47479,20.35574,20.84952,20.63713,19.75887,21.6425,22.13664,21.1592,19.97733,20.32934,19.44056,17.46604,16.51053,17.79669,18.18567,14.12804,17.22158,17.7908,16.78982,16.49337,16.13455,16.66656,16.50165,15.6526,17.17619,17.63726,16.70328,17.74673,17.78592,17.64311,17.42257,17.35934,18.16193,17.10732,15.42024,15.62623,15.59824,14.41054,13.60609,13.65236,14.6674,13.64153,12.55978,13.34479,13.00241,11.44791,11.10138,11.93442,12.66906,11.03959,9.44672,11.07076,10.53779,8.95202,10.93349,11.8004,12.23421,9.76553,9.32844,10.79185,12.45548,10.48353,13.27353,14.80272,14.18396,13.77317,14.71052,14.66935,13.90398,11.4026,14.04726,14.76193,14.49622,10.88882,13.6314,13.95911,14.08666,11.58763,14.263,15.04085,14.64221,14.69011,15.68466,15.2506,14.11517,12.83288,13.78909,13.23895,11.07642,8.75834,8.23084,6.43104,8.47068,7.64633,6.8197,8.98098,8.04924,8.48807,8.09715,9.13779,6.04203,7.63663,7.73236,7.50209,8.10343,7.53299,7.61169,8.7997,7.82593,7.81433,9.93891,7.11566,9.11883,9.98777,10.25106,9.343,10.08986,10.74111,11.90562,10.4897,11.94399,13.01356,13.95837,13.22275,13.03167,12.40093,11.70627,10.60475,10.89359,11.08911,10.78908,9.28284,10.88256,10.49948,11.29298,11.58185,12.77679,13.00364,12.82472,13.29374,13.94663,13.65822,12.15083,11.22423,11.89605,10.47853,10.03347,9.63653,9.68104,8.77608,7.42105,9.49116,9.54624,8.28985,7.78285,7.5098,7.89178,7.7246,6.28233,4.22595,8.82011,6.84207,8.30025,7.66824,7.33784,8.81851,7.55489,7.28459,6.65878,6.93917,8.62088,9.71595,8.31111,6.68909,9.65177,10.67558,10.36438,8.91955,10.81108,11.64121,11.25874,10.81905,10.47251,11.41302,9.74464,9.00171,11.24256,11.55672,10.81773,8.74055,10.43708,11.50584,10.24349,8.16063,9.42005,9.79562,9.23991,7.74158,8.43918,7.46785,3.23302,8.45401,8.35349,7.60217,7.59588,7.776,9.1217,9.05741,3.71616,8.73447,9.79985,8.69174,7.85093,9.09607,8.97679,8.95892,5.70823,8.86897,9.14908,5.3625,8.70175,9.71854,9.45753,6.88206
ao,10.4836,14.94313,17.42965,16.47418,15.17235,18.34051,17.99635,15.33801,18.44312,18.6353,15.88759,18.50353,19.40018,17.08006,20.25244,21.56595,19.51069,20.4064,22.26977,20.67685,15.41767,19.13105,18.73965,15.70039,18.57028,18.04476,15.86728,18.82003,19.51285,17.2074,19.48093,20.84645,19.28128,15.55051,16.82036,12.4576,11.74015,16.79063,16.07976,13.50834,13.10583,12.53142,4.11602,13.94673,14.16554,12.6326,11.95856,12.60824,9.36755,12.27037,13.19396,12.51677,9.15648,12.32059,9.40611,10.46058,11.74155,11.26163,10.85419,12.15612,12.27979,10.75028,11.53533,11.52506,11.68195,9.83602,13.13756,12.57245,12.02424,11.68461,11.44992,10.91867,14.90171,15.34098,14.52676,14.65312,15.17844,13.69209,14.36567,14.77939,14.34004,12.81702,12.85313,12.65758,11.98788,13.24789,12.81673,12.35214,11.50621,12.41842,11.35644,13.53124,12.88309,12.35569,12.70581,13.98211,14.02177,15.15529,14.39793,12.46723,11.29774,13.12029,12.6921,12.62078,12.68928,9.30127,9.40988,11.82639,11.93427,11.26434,12.05629,9.47867,9.10412,11.65798,12.09488,10.85531,11.34907,11.14121,8.0355,11.85928,13.2433,11.38481,11.02578,13.458,11.40363,12.68438,15.32913,14.71048,8.52786,14.83706,14.57873,11.18179,13.34635,13.61334,10.84274,12.56447,13.57305,11.20509,11.86919,13.06629,11.50854,11.19832,13.23975,12.07187,9.47442,11.93795,11.05889,8.40775,9.33991,9.4332,8.75369,7.71593,8.92593,7.90772,7.81856,7.79415,8.86094,6.19091,9.58231,9.23667,5.45088,7.11872,9.5154,8.42711,10.22679,11.34552,10.25834,7.1439,11.26655,10.52921,5.20909,10.64762,9.64354,8.7886,8.25858,8.36887,8.39265,6.87698,4.43023,7.62934,7.1442,6.72611,7.29389,6.69497,6.36043,6.28064,2.61972,7.78189,5.46007,5.91023,8.22632,6.87669,6.19822,8.60772,8.19219,8.32291,6.69484,8.27931,8.18624,7.66055,8.59615,8.9394,8.08018,6.48289,8.66633,8.36898,7.16683,8.19527,8.74593,4.22927,7.74701,7.60187,2.70762,6.37689,8.54388,8.15648,3.68238,8.24329,6.54573,6.53386,8.31319,8.44623,8.80397,8.36347,8.28706,6.75009,6.97183,6.28496,8.42954,8.24808,8.05141,8.13317,4.06798,6.86492,6.57708,7.36976,7.12731,7.43213,7.44491,6.01982,2.52681,7.75658,6.01493,7.35283,7.09733,5.35854,5.66105,7.19414,7.77134,7.84904,6.01342,7.29711,5.88807,7.01001,5.92334,7.34629
sh,8.16868,9.89067,9.50347,7.78538,9.9479,10.64914,7.57317,8.68539,8.93438,9.82754,10.26023,8.8433,9.63693,10.86634,10.80841,10.87825,11.16336,11.73387,12.11633,11.20262,7.41996,10.73651,11.08233,11.67711,11.57336,9.39677,9.75959,13.23468,13.67646,12.53718,10.62736,10.02797,10.43371,10.87745,11.10974,7.72764,9.01668,12.12689,12.27452,11.04323,9.62875,9.08546,10.64303,12.46047,12.53447,12.67685,13.30328,13.08839,11.59751,12.46927,13.65026,9.15239,13.57475,14.71823,14.15188,14.77625,15.91106,14.57794,15.25942,15.15698,14.37174,12.37631,14.76,13.54287,13.43883,14.76624,16.1811,15.85563,14.67147,16.44812,15.99861,14.91635,16.30005,14.66865,16.57277,15.91742,18.01458,17.33504,17.7014,19.08461,17.78694,19.63247,20.45736,19.69395,18.29147,19.13013,19.21757,17.34326,14.96978,17.02713,16.03394,17.05042,18.56522,20.38367,21.22806,21.43251,20.96311,19.84929,19.14608,19.40199,17.26572,18.07562,16.92287,18.15268,17.76937,16.77633,15.7723,16.68764,17.94249,18.48744,17.40613,15.66575,14.96977,15.79292,16.09558,16.35303,16.15776,17.28405,17.15351,16.25691,16.36779,16.58889,15.69717,15.42269,15.22195,16.08879,14.14955,15.97583,15.04702,14.88587,15.24773,14.33603,14.69477,15.14166,15.22501,15.56901,14.63733,15.23519,16.88095,18.03135,17.20315,15.08378,15.88596,16.00386,16.02981,16.77792,16.66764,12.71906,15.05807,15.65694,16.51939,15.4638,13.79353,11.80498,15.17823,15.39053,15.49366,12.17205,14.9972,15.97665,14.7191,14.32522,15.37349,15.92324,16.23682,16.23307,16.92492,16.55077,15.17276,15.50377,14.94177,15.20914,15.22985,14.2607,14.9616,14.8022,14.17629,14.47291,16.02871,16.84622,15.32125,15.42179,17.1414,16.80423,15.86927,16.23135,16.49225,12.83105,15.4477,16.07955,16.42707,15.71481,14.80564,14.45948,13.78468,16.48753,16.88206,15.10161,16.15626,16.31938,14.87419,15.35066,16.21071,16.37388,17.16975,16.14379,12.18589,13.28979,14.04917,12.83087,14.91622,15.33595,15.39199,15.15145,14.80057,13.17789,14.14236,14.99878,14.87245,14.44043,10.93301,11.69001,13.96747,13.70849,14.11535,14.57788,10.9246,11.48603,12.98317,12.50207,12.61209,13.47961,11.95388,11.49227,10.97338,12.54441,12.66146,13.60396,11.77273,11.10398,13.39144,13.54219,12.02926,9.46032,13.85703,14.41819,13.2842,13.41452,13.52562,13.36153,13.81209,10.99101,11.82188,11.65468,13.595,12.28694
dcl,9.97755,9.98511,14.10867,14.70417,12.13831,13.3685,16.05822,15.79324,13.15641,12.03773,12.99857,10.66029,10.90486,12.0615,11.78391,9.6546,9.57068,9.67222,8.74027,7.42987,7.32244,4.9138,7.02477,5.53527,6.09253,6.19076,6.24676,4.0692,2.95455,4.74099,6.58838,7.24019,6.41038,6.36778,3.89125,2.47683,3.79794,3.78043,6.17557,6.54069,6.47576,6.37343,5.8022,7.60512,7.38826,6.93737,6.89341,6.70179,7.01587,7.15884,6.86217,5.08251,6.23833,5.34554,5.35955,6.27985,6.51914,5.46915,8.13751,8.2592,6.57648,7.76519,8.6144,6.97936,7.18018,3.98962,5.8441,6.25212,5.90322,7.34565,7.795,6.26023,7.57152,6.91797,3.41952,2.39058,7.01194,6.94131,8.31924,8.71583,6.62743,7.87482,8.96464,9.14203,9.02503,9.90007,9.32632,9.03782,7.8661,8.21199,7.02535,3.40983,7.05354,5.13271,3.39836,6.03974,6.4562,1.56622,5.42508,8.28776,8.49109,5.98441,6.99937,7.92595,7.17577,4.40158,6.91685,7.09007,6.46481,7.22894,6.80535,5.1987,4.38734,-0.90704,3.4061,6.3472,6.54345,6.34295,6.54786,5.94145,3.46483,1.72516,5.79255,5.24714,4.82842,6.53725,6.0112,6.83593,7.38084,6.96161,4.84471,5.27381,6.43186,6.13499,6.19329,3.00487,6.04237,4.6895,4.29421,5.87128,6.71963,5.60606,5.45075,4.61785,3.09057,5.42786,5.63412,5.538,5.55478,4.52061,3.185,5.06179,6.15264,6.49076,2.84403,5.61451,5.58769,4.96161,1.97557,5.753,6.28709,5.89511,6.54997,6.31518,5.09567,4.72385,4.38938,4.10451,3.74442,3.07765,5.49,6.15161,5.09147,5.51259,6.29286,6.62165,4.88575,5.49996,6.01083,6.43133,5.94833,4.17323,6.48762,6.3113,5.05778,4.55296,6.11448,6.52368,5.90568,4.93903,2.9054,4.45576,5.73379,5.70858,5.2085,4.65246,1.26387,4.40013,4.45332,3.93637,6.47349,7.21225,7.066,5.90711,2.59286,4.86439,4.42295,6.02081,4.8134,5.60671,5.10705,5.48882,6.60208,7.07495,3.38027,6.52568,7.02533,5.91214,4.09463,3.09546,3.70196,4.30659,3.00751,5.77216,5.36747,5.42775,4.38864,5.36305,1.52205,5.50507,6.65937,7.37447,6.96759,5.58848,5.63082,5.92124,4.64887,5.31545,5.62208,6.37939,2.72537,3.5087,6.40976,5.99434,4.91552,5.90194,5.73622,4.56047,7.51536,7.37355,5.85423,4.64111,4.75376,1.32966,5.19336,5.67302
aa,10.16016,10.14605,16.41409,17.28363,14.75651,12.4667,16.83932,17.16945,14.07318,15.89914,18.74716,18.15686,13.98139,16.98015,19.52419,18.48413,14.86319,20.48206,21.80831,20.12418,19.00269,21.89758,22.0031,19.72819,18.48747,18.03651,18.03837,16.5215,15.97632,18.38629,17.6508,17.30073,15.69366,17.65289,17.64645,17.20208,16.74047,18.59715,18.18553,16.95069,17.23907,17.8558,15.12056,15.75654,15.31071,12.83427,14.62259,15.63798,16.31119,15.54101,14.45854,14.96435,13.67603,13.41255,14.20836,14.33215,15.38877,13.85011,14.16079,14.39203,14.86701,13.9107,12.75015,13.93566,14.06269,12.45161,13.3599,13.79259,12.6576,8.91934,10.97029,12.0752,11.00098,11.17256,11.58421,11.90247,10.2676,9.79309,7.81879,8.70124,8.99998,9.43301,11.30857,8.86843,8.34673,9.58269,10.36629,9.64645,6.94479,10.58773,11.02131,10.94795,8.79301,11.63975,11.77247,10.03141,10.42816,12.09399,12.30103,8.72932,9.80383,12.31917,11.28888,11.07322,11.73723,10.90797,12.14909,9.96692,12.41817,12.83302,12.32729,12.58973,11.088,11.67775,11.17695,10.3555,10.21572,9.81497,9.26509,10.03975,8.56347,9.44788,7.08324,9.03412,9.3822,9.12161,9.14086,8.75838,8.57141,8.07173,8.52607,8.57138,7.32991,6.96508,6.78389,7.76965,6.42334,8.10226,6.29493,8.65338,7.14107,7.35859,7.00349,3.49961,7.80553,8.03347,7.35432,8.59494,7.27089,7.66987,5.12182,6.04769,7.20742,7.49577,6.99657,5.53951,7.74626,6.13231,7.85969,7.9691,7.68595,7.79275,5.51742,4.70569,5.60726,7.16972,4.88859,6.7675,6.97765,6.90789,5.26238,7.57472,7.06418,6.09951,5.91227,4.85924,5.23407,7.21442,5.8879,6.74069,6.58873,7.55979,8.1011,3.32806,4.87608,7.02809,6.33034,6.82759,6.89621,2.3013,4.93278,6.77408,5.46301,5.76838,6.21522,7.71753,7.18269,6.11668,7.44958,6.77615,6.43319,6.52147,3.64392,5.17811,4.61606,6.04434,6.91365,7.28324,6.86962,4.87524,4.79178,5.66479,7.12088,6.70817,6.80725,5.87032,2.05894,2.92063,6.59493,5.85288,6.88471,6.65737,5.82392,6.75012,7.2126,7.09408,5.30144,8.44431,5.688,8.27036,9.56925,9.91814,7.92028,8.72538,7.46191,6.56623,6.43692,5.0247,8.00005,4.3914,7.65947,6.73143,5.44303,6.58013,7.23798,7.43812,6.68238,5.08732,7.58272,6.74159,7.71438,7.5716,8.06385,3.54215,4.36105,6.42038
iy,12.21096,11.6586,9.42701,15.36351,19.65017,19.71237,16.46848,8.36313,12.50721,18.70859,20.439,18.78148,13.89279,10.40818,12.91022,16.2115,16.39713,13.65648,10.43852,6.77107,13.77543,16.00078,14.71044,10.24839,10.96061,10.58022,14.54798,14.75524,11.91271,9.77278,9.14462,12.40555,14.43535,13.70591,10.69507,9.15618,8.90209,11.99991,11.13584,10.04966,9.00795,10.67695,11.71381,13.83643,13.48085,12.2327,10.95113,9.99034,14.41182,15.11392,13.86701,11.38391,13.24229,15.72837,16.81233,15.35538,13.50683,13.07166,15.91676,18.62019,19.28904,18.16251,16.09338,13.23536,12.65602,15.2672,16.25944,14.89527,11.31839,13.05628,15.89045,16.5613,16.46068,15.60287,13.74525,12.05159,16.31964,17.38525,17.49951,16.49697,15.36179,15.03482,10.90311,14.63925,15.37011,14.85503,12.8971,14.8305,14.02523,14.24441,14.57699,11.97725,15.22446,15.17352,15.293,14.89746,13.09102,14.96511,15.02149,14.71556,15.3832,14.41537,15.0253,15.75817,15.37332,15.61397,16.65909,15.69861,14.78528,13.32804,14.10588,14.72694,13.36666,11.7982,11.57446,10.72436,8.43662,9.12324,9.30262,7.97515,7.87164,9.38074,4.80426,8.58609,7.60198,9.77807,8.30147,5.30696,5.68966,6.7534,9.38679,9.13998,7.77428,8.68011,8.78247,8.78829,8.90392,9.8212,10.81861,10.32988,9.34078,8.84841,9.26227,9.59304,8.83756,7.23975,6.59049,8.23008,8.55423,9.67057,9.08533,9.98336,6.60353,9.34832,10.16654,11.16401,11.23558,8.27289,9.97667,10.91035,11.73443,10.48412,10.39072,12.37047,12.65062,13.03082,12.77284,12.81938,11.77906,10.2569,10.63656,10.47098,10.72877,10.50432,10.88316,11.24671,10.92735,9.24978,7.93316,9.90378,9.37148,10.64513,10.60487,10.6849,10.82786,8.723,11.83213,11.83675,11.22987,11.61922,12.04058,11.65954,12.78174,12.95515,13.65477,13.72645,13.35738,12.71696,9.61113,11.02262,9.06878,11.98361,10.92427,9.27909,10.47813,10.68143,10.63424,11.08457,10.46732,8.2319,7.64731,9.39071,8.44025,8.35361,5.40165,10.49745,11.77626,11.51799,12.23276,11.55761,12.703,12.3735,12.14873,8.35513,10.63488,7.82624,10.17586,11.09616,10.5901,9.59815,8.38334,8.32953,7.05339,7.08399,6.26416,7.87926,2.94427,6.91337,7.67812,8.41142,7.36456,6.62003,5.86049,6.86642,6.83857,6.59818,6.58984,5.66512,8.62608,6.94044,6.13154,7.32307,7.37429,6.50522,9.34543,9.12202
ao,5.65283,13.89948,16.31319,16.25315,11.97568,16.93116,17.57957,15.44414,14.91202,17.4317,16.17607,14.25187,18.24569,18.21937,15.54564,18.87989,20.5202,19.15475,16.91042,20.72358,20.23641,15.81147,17.39026,17.27215,15.83663,16.6457,18.53022,17.04501,13.36076,18.21166,18.41257,16.71316,16.45412,19.05555,18.76081,16.11811,17.28544,17.39084,15.11491,15.4724,15.3776,13.30388,14.49601,14.99204,13.69688,12.71522,14.27811,13.41742,11.7284,12.76172,11.92245,11.88542,11.38061,12.73024,10.91107,10.99094,12.62445,12.02182,11.91022,11.49497,12.87911,11.67234,10.93433,13.10497,12.58118,11.00363,13.87281,14.18929,13.06972,11.86501,13.95948,12.31687,10.36414,12.00228,11.53067,10.82765,9.37687,10.9668,9.78292,6.9969,9.77494,9.45416,7.76114,9.19142,10.35761,7.60795,8.90646,10.00004,9.13082,8.68984,9.87955,10.39967,8.65565,9.42996,10.41149,10.07351,9.45852,9.85605,10.48761,8.71258,10.81088,10.78096,9.75817,10.52756,11.31391,12.00719,10.5392,11.15038,12.98448,11.49977,11.66003,12.24573,11.48733,7.74935,5.8936,8.10609,8.02986,6.94666,7.03575,7.21431,7.44085,3.6345,8.00058,5.53464,6.8888,7.38878,7.24747,7.76945,7.59704,8.50076,7.81521,9.74378,9.61105,8.50072,6.18659,7.64151,6.6123,7.72529,7.58828,8.01068,6.76242,3.54217,6.97487,7.00746,2.95418,6.79819,6.70484,7.13807,4.77799,5.60493,6.71684,6.44575,4.99013,5.74375,6.46238,6.28422,6.70268,4.59497,5.84688,6.21049,6.46755,6.25982,5.57981,6.07135,7.00949,6.96345,7.93625,6.40985,5.0036,4.12638,5.76736,5.44962,5.85326,6.42656,6.86041,6.0564,4.99559,6.53986,5.83501,2.88463,5.61233,5.85007,5.85539,5.65405,5.14807,5.85123,5.87621,3.14862,6.34232,3.44762,6.39587,5.15098,0.8122,4.11659,7.25359,7.23792,5.73246,6.48218,6.04551,6.87211,7.31268,6.97079,6.67499,6.20447,4.45689,7.40857,6.47405,5.73679,6.32709,6.15352,6.84896,5.71837,7.58679,6.50932,6.63666,7.67778,7.64902,6.25852,7.52778,5.70388,6.30507,5.62962,5.35666,3.9616,6.48991,6.61944,6.1348,6.83419,5.79044,5.76226,4.40187,5.94354,5.69856,6.11714,2.41192,4.67539,5.99964,5.85582,7.05284,6.06653,6.56888,4.0041,6.3337,4.98307,4.86147,7.10936,6.23448,5.9893,5.05774,4.9376,3.59688,5.3215,5.80377,5.77318,6.21515,4.68186
aa,11.13451,10.04649,17.45952,20.01078,18.90891,13.3528,17.49273,20.78603,20.48208,16.52834,16.24602,20.84194,21.20678,17.54193,15.74828,22.08543,23.65895,21.86362,17.57173,22.02273,24.22402,23.10053,18.97332,18.09787,20.58955,20.45493,17.88005,17.40709,20.53148,20.23028,17.34155,15.96505,19.46265,20.36601,18.67529,16.49737,21.35262,22.10683,20.72166,16.20123,20.62535,21.35832,19.0202,17.3113,13.79057,18.71366,18.51349,14.9234,12.20287,17.00063,17.35477,14.94001,12.81579,17.16529,17.58301,16.42624,12.83904,17.02951,18.57546,16.44266,15.23123,17.11735,17.63224,15.93023,13.82367,13.91058,14.2025,13.53617,12.93339,9.64153,12.48345,13.67947,11.80917,11.49302,13.64641,13.82772,12.00647,11.44905,12.62,12.35425,13.01008,12.05111,11.06953,13.14975,11.26163,11.39856,11.55408,13.00453,12.3276,10.3224,12.72132,12.32411,13.8018,11.60448,10.55519,13.12817,14.50996,14.07945,11.40949,14.00053,15.76842,15.13373,12.78872,14.87193,16.74543,16.52592,14.70977,12.41976,14.99959,14.88631,14.12629,13.20481,13.66342,14.11308,10.22688,11.84317,13.2799,12.95824,12.34258,10.10992,7.88131,11.22068,6.85388,11.96114,8.90477,10.60002,9.89397,11.9965,12.00714,11.20924,12.19298,12.0511,12.31331,11.21039,12.59512,13.21483,14.18103,12.51465,12.88649,12.44516,11.83409,10.11528,10.68214,9.54399,10.07274,9.77972,10.09357,9.55994,9.87638,9.65805,10.28648,9.63629,9.64605,9.44398,10.16603,9.35966,10.18539,9.99371,9.5674,10.41977,8.03803,10.63891,9.30997,10.31237,9.49857,10.33515,10.19373,8.62693,10.81273,9.77067,9.07681,10.49393,9.63446,11.92818,8.81385,11.5936,12.06862,12.70048,12.30272,10.31093,9.75958,10.48077,11.78534,9.91721,9.54248,10.69914,7.90398,11.34021,12.86693,11.85408,12.42509,11.69865,10.37859,11.52773,8.29262,9.02335,11.13396,9.2722,9.91073,10.42008,10.00052,9.23783,9.62315,10.06476,8.7402,9.6286,9.05459,10.31163,9.40466,9.60721,9.56076,9.62737,10.16166,8.51159,9.46859,10.11472,9.16766,7.59632,11.12068,9.02803,10.60812,8.371,9.97045,10.17551,8.86308,9.59545,8.21706,10.21617,9.64815,9.86566,9.35464,8.37719,10.6841,9.41588,10.57375,8.57444,9.2357,7.59515,10.91628,7.32445,10.05803,9.8649,8.34892,10.48838,9.4556,9.48992,11.26875,11.42329,10.47929,8.96541,9.33114,10.40902,4.3818,10.48042,8.63989,12.23818
sh,11.36921,10.66079,10.08447,11.19009,10.58963,11.7506,12.57277,12.23703,13.42258,13.88208,10.05952,12.86476,13.33558,12.02457,13.13919,13.40514,14.04202,13.22884,11.84843,12.55665,12.78525,12.65988,13.91695,13.57642,11.87342,13.05763,13.50071,14.42403,14.66049,12.72433,13.28047,12.2882,9.29999,9.31022,9.72538,10.70179,12.35349,13.87959,13.99327,13.2719,10.80188,11.56879,13.67673,12.24784,13.70827,14.66436,13.93896,15.578,14.7515,10.67285,15.78194,16.21411,15.94921,15.50974,14.70991,12.82722,12.72553,14.41797,14.52578,15.42305,15.84949,17.15821,18.1118,17.92908,16.15577,14.47856,15.61332,14.59108,17.02028,16.66335,16.62572,17.63098,14.90648,14.93254,17.67338,16.94702,15.40469,16.05951,16.52127,16.84304,17.52862,17.70689,16.0085,16.42123,17.13123,15.56331,15.15223,17.02793,17.80014,16.603,16.24566,16.4365,13.88857,14.37857,16.24402,14.82369,9.64348,15.75576,15.78726,15.08911,16.25375,17.13231,16.94491,16.4716,14.90167,13.90892,14.83254,14.52673,15.156,15.2427,12.8292,8.62287,13.27677,14.15844,14.44588,15.74409,15.32999,13.47512,12.01221,14.0709,15.20542,14.84822,16.7168,16.79681,15.91269,15.69437,13.91339,15.74327,15.25386,17.09115,17.72957,16.34288,15.91476,13.86095,12.28759,11.27621,13.45186,10.93907,15.81414,16.9122,17.00032,15.80883,14.33115,14.88897,15.97391,14.79019,14.46517,13.74552,14.64722,16.64236,14.56171,15.53053,15.56882,17.03204,15.59134,13.67001,14.79729,15.35849,15.6028,14.2378,12.59058,13.55462,14.80271,15.25776,15.72664,16.41828,16.11986,15.00247,13.83755,14.30439,15.51518,16.34481,14.61523,13.78867,14.68854,14.29183,14.57576,14.69245,15.25625,15.25477,15.73972,15.6289,15.88268,16.13772,17.51167,17.75087,17.86381,17.9533,16.96695,14.4626,15.06407,15.21081,16.01201,15.42736,13.8534,15.05112,13.14642,14.7993,16.15507,14.96536,17.68785,17.83653,18.19338,17.60741,14.66129,16.2471,16.73535,17.59542,17.15487,16.20532,13.95821,14.29914,14.95395,14.37843,15.42172,12.12965,14.70481,15.32592,16.38945,14.23243,14.78997,15.59518,14.38011,15.37743,15.21837,13.26259,12.80737,13.66362,13.59211,14.88967,14.53908,15.19245,15.74674,14.02642,13.25596,14.08961,11.03151,10.46506,12.0797,13.34439,10.4858,13.03827,13.3511,13.79061,10.52297,11.67976,11.42661,11.55642,11.31617,11.42139,10.18549,11.99156,9.37486,9.2312,12.11034,12.0498
dcl,10.87987,10.07151,13.90166,14.08197,11.58189,15.64636,17.85424,16.67056,11.37324,12.70907,12.70233,10.25156,10.65333,13.33608,12.28998,9.14497,9.64889,11.28921,8.58201,5.48471,8.03191,8.19582,9.00948,9.39944,10.90809,9.61146,8.41678,7.39378,6.65163,7.06697,8.09776,9.46313,8.88286,7.60751,8.6619,9.34986,8.65784,7.85507,8.28687,8.39475,7.64524,9.20278,9.52123,9.11459,7.01815,10.53798,11.0656,10.41231,8.99136,8.55204,5.59519,5.93438,6.79894,7.7538,6.3255,4.38664,6.92331,8.25122,7.50383,4.93783,2.48864,5.09383,5.85818,5.91778,7.35657,5.77705,7.30285,7.81344,2.96667,5.74878,7.39978,7.86945,7.65814,6.4361,7.22456,7.44178,6.67143,7.13125,7.13686,7.43729,7.66727,3.24855,3.68594,4.32095,6.50131,4.69581,7.79957,7.97819,8.46195,8.5149,6.17527,6.51823,5.4556,5.86791,6.17536,4.94367,5.5734,5.61402,4.80631,6.24951,5.93461,3.43786,4.23669,3.36991,5.44267,6.64416,6.66316,4.96377,5.01472,7.03115,5.64261,6.184,6.30397,5.16778,3.24565,6.55061,7.45024,7.53128,7.26789,7.4145,6.6498,6.43412,5.96532,6.78213,7.7126,6.97356,6.62324,6.61714,7.44437,6.95481,5.96216,6.39163,6.00365,4.92514,6.15664,5.54387,6.0437,5.96023,5.87212,4.11948,5.64585,5.89631,5.86802,5.52182,3.76936,4.19462,4.9505,3.02879,5.15124,6.26134,6.2617,5.84895,6.6552,6.06245,6.33787,5.80403,6.42303,7.27252,6.99657,6.54244,6.74555,7.15583,6.55575,4.83404,5.24755,6.2059,6.71673,6.70929,5.16682,6.58626,4.93582,4.08204,1.1521,4.66806,3.96179,5.41068,6.1658,5.5246,5.21746,6.54209,6.39926,6.20086,3.50139,4.35711,6.11778,6.56286,6.43087,5.24708,5.60442,4.96104,5.58308,5.16251,2.42055,5.60681,5.35015,5.04675,4.02239,5.23874,5.94835,5.74091,3.42035,5.42384,5.27528,6.0153,5.60236,6.08476,6.22236,2.01511,3.59237,4.71684,5.68421,6.46439,4.75922,3.03756,4.00536,6.29491,5.75155,3.41395,4.69957,4.08022,4.8886,6.88354,5.98479,5.05923,4.89521,3.8985,6.33949,-0.67726,5.6222,4.24072,5.54099,5.79128,6.469,6.30821,6.41563,6.0811,4.53721,4.13979,3.08656,4.24933,3.37585,4.50841,3.23212,3.12665,1.84416,4.84071,2.38623,5.51133,5.7656,4.7859,6.52083,6.03717,0.96395,5.97971,6.11454,6.7115
sh,11.09701,7.85065,7.05603,8.73912,11.63847,11.97601,12.98861,10.70856,9.29743,11.87892,12.67048,13.11969,13.06339,12.20614,11.15162,13.1541,13.45736,11.04974,12.27291,11.67057,12.13201,12.44136,11.0038,13.06794,13.9067,14.66434,11.95822,12.57607,12.81071,12.68127,11.86059,12.42493,13.39403,13.59634,14.50921,13.79506,11.10546,13.17484,14.91976,14.3012,9.92576,12.12236,11.19571,15.00538,14.21226,14.02182,14.6647,14.67744,13.56213,14.34336,14.97847,14.69296,14.04446,14.29528,15.74647,14.14298,12.80438,11.88436,12.56914,13.95398,13.8264,12.29704,12.57412,13.6365,16.32141,16.51711,15.74679,15.13982,14.65115,16.91756,17.34447,16.83953,18.35127,18.42469,15.65674,17.73306,16.41705,13.21667,15.50358,14.78496,12.82067,14.07493,14.30912,15.41997,16.66253,17.16919,17.29454,15.69142,16.32113,16.3949,16.11652,15.89583,16.36989,16.82607,16.22079,14.03333,15.59864,16.14736,15.75625,14.58417,15.00056,14.97573,15.67418,16.18668,16.04561,16.89817,16.74674,17.10157,14.27405,14.10748,15.89402,15.80097,16.84854,15.90521,14.63985,15.68227,13.72674,14.59339,14.92541,15.20259,15.32215,14.92906,15.45508,15.49898,14.64921,15.54404,15.10237,10.39789,15.08679,14.67732,13.941,14.46236,14.77915,15.59903,14.49994,14.97644,15.43755,14.35405,12.91244,12.41263,13.39508,14.71437,15.66334,14.03017,14.41723,13.68946,13.19325,12.41043,13.6224,14.33193,14.57625,14.26001,14.74225,13.03632,12.60747,11.93241,12.77573,13.73866,12.46531,13.98906,15.16813,14.68079,10.86031,14.33289,14.88563,14.33605,14.10132,11.74838,15.09314,14.34508,12.94426,12.48434,13.59831,14.64372,15.45796,15.60321,14.45473,8.13963,14.66193,14.5741,13.08102,14.83804,14.73126,15.2599,16.71007,16.36184,14.27429,12.64907,12.52326,11.85274,12.69752,12.98898,12.78395,12.92653,14.70827,15.31159,14.11424,14.78191,15.17476,15.24348,13.27653,14.58894,15.94509,15.59984,14.58552,14.90809,15.66047,15.42518,14.35177,13.74478,15.24386,16.05324,16.39168,16.1997,14.15107,14.01407,14.02277,15.43175,15.37446,15.04498,15.13285,15.08726,14.92566,14.51802,13.68406,13.95481,13.53247,13.28172,13.79853,12.67279,11.58418,13.56851,13.8721,12.63345,13.35041,14.13519,12.47392,12.16147,12.21417,14.51932,13.38678,12.49667,13.8597,15.08423,15.0409,14.55748,14.31782,13.27522,13.12217,12.29077,13.78654,14.2858,14.36005,10.08515,14.00964,13.08401
ao,10.44642,13.89708,17.30652,17.00817,12.82173,17.74853,18.84678,16.29182,16.09609,18.88599,18.00764,14.91372,20.20299,20.9745,18.52144,19.43465,21.98249,21.12155,17.54038,20.11553,20.0365,16.33431,18.75311,20.32621,17.99481,15.54813,20.11155,20.62178,18.6733,19.1718,21.01479,20.23621,17.43982,17.20256,14.85467,14.80678,15.74141,15.95055,12.72757,12.76979,14.49648,13.22956,10.7971,13.78135,13.36316,10.90877,12.39659,13.35364,10.9242,11.87586,13.86677,12.98968,9.29921,11.37623,11.76697,10.03706,12.18789,13.39019,11.66095,8.40896,12.8343,11.96943,11.8545,14.10097,14.05196,13.06852,14.13396,13.99811,10.66377,12.39142,13.207,12.62455,7.13722,10.79402,12.21902,10.44823,7.73229,10.26971,9.86043,8.16927,10.65854,11.50845,9.1891,7.18734,9.85974,9.69572,8.10313,9.67909,10.35288,6.88027,5.01381,9.69688,7.98687,7.90091,10.37068,10.84318,8.95258,7.49151,10.94978,11.13523,10.40882,12.68093,12.3843,10.30925,12.61376,13.79806,11.41598,9.76766,12.01739,11.12161,9.41499,11.10865,11.84438,10.09331,9.26095,10.70552,8.7494,7.23944,6.87042,7.59191,4.05289,8.4996,8.90699,7.88525,7.94313,4.16836,8.46485,7.66262,10.39371,10.59325,9.66658,7.71923,10.23065,9.78303,5.79358,9.83047,9.96516,9.63406,8.00839,10.64483,9.13596,8.3432,9.63934,10.23543,8.86034,9.54233,10.35894,7.64556,7.87573,9.86713,9.35327,8.40465,9.03697,8.67355,5.14339,8.23996,9.86648,9.96198,8.11929,7.26075,5.95714,7.24773,8.35835,10.03224,8.68652,7.41059,9.84928,7.22561,8.28571,11.04342,11.49612,8.65094,9.55404,11.82129,10.93322,8.06843,8.93249,9.65717,8.27992,8.39889,8.48443,7.90582,6.8496,7.76037,8.07541,8.19586,10.183,9.73464,9.8492,9.01983,10.53282,10.22454,8.49609,9.15038,9.93964,9.16275,9.09311,9.11073,8.37949,6.73224,7.86265,7.15427,7.52007,8.04833,8.39424,5.95095,7.32206,5.55545,6.03951,1.84512,7.6145,6.13447,4.25184,4.86719,5.59362,4.99508,6.19361,5.76068,6.9797,6.71608,4.77834,6.29606,6.94666,3.9325,6.3055,6.36405,5.48705,4.21102,7.3164,6.69273,5.59579,6.24411,6.97011,6.62583,7.34153,7.68312,6.8831,6.36077,6.19919,6.07599,6.49051,5.83035,6.16534,6.4655,6.28536,5.44051,5.18771,4.93328,6.91224,6.63105,5.94801,3.22714,3.47223,4.93093,5.14504,6.64529
sh,10.88892,9.95366,11.74942,11.56154,11.28717,12.86713,12.64392,9.4253,11.65518,10.2119,11.54196,12.60355,13.01865,12.54894,11.16215,13.17115,13.01296,11.02899,11.79985,11.04916,11.2184,11.92607,11.95519,10.76685,12.5462,14.04077,14.85182,14.93649,14.48974,13.07268,7.46194,12.45397,11.71349,12.13559,13.56357,13.63123,13.98632,14.70328,13.69458,13.37617,15.47766,15.094,15.17564,14.20384,14.67377,14.60031,14.22119,15.15488,15.58223,15.37781,14.30564,17.14999,17.92752,15.77995,15.16806,14.26122,14.89409,15.97051,15.50072,14.81432,14.5707,16.69381,18.12477,17.54348,16.7189,16.96767,16.48677,17.04929,16.92946,17.06989,17.2876,15.4901,15.92495,13.65651,15.7916,16.92204,15.48387,8.68069,15.38854,16.48751,15.59568,16.42156,16.44337,15.12452,13.02782,16.62598,16.02558,13.93141,11.84406,13.28716,13.77855,14.83893,15.26292,15.84317,14.75351,15.04555,14.46408,14.94653,15.34307,15.85182,14.14531,15.7436,16.15443,16.13537,16.90877,16.38339,16.41205,16.08516,15.6654,14.92244,14.47838,14.94839,12.16549,13.08274,13.86862,15.66392,14.81122,13.82125,12.75767,14.72432,14.79782,15.74237,14.97828,15.55316,15.98311,15.42403,16.23451,12.6728,15.61253,15.926,14.59111,12.70422,12.34143,14.18651,14.93499,14.64761,14.29051,15.2443,15.28732,15.96367,16.39179,15.70006,15.56072,14.98535,15.56921,15.91328,15.91996,15.90037,14.37683,14.50346,15.58721,11.5802,11.01633,13.7355,14.6054,13.79104,14.42719,15.1987,14.37363,15.00749,15.27792,15.44947,14.3363,15.40446,14.98281,13.92495,13.41295,14.5414,14.67903,13.62762,15.44963,15.60728,14.13717,12.62,12.96689,10.60034,13.18948,14.32399,11.94409,14.9828,15.27219,14.76085,14.56653,13.08381,15.04934,14.24925,15.71438,13.04977,14.26259,7.99707,16.67286,17.25891,16.59635,15.52451,15.41045,14.30548,16.34093,17.17797,15.90267,15.58883,16.42164,15.66588,16.17395,13.68735,13.04112,14.92257,13.66964,14.69653,13.50523,14.33545,13.93796,13.58243,14.73992,15.9844,14.83691,14.60746,14.1615,10.79195,12.00602,15.10694,15.51253,10.2231,13.06198,13.77437,12.00001,12.10709,13.15658,13.60329,13.84034,13.10014,12.22321,11.73311,11.86295,12.89109,10.83471,11.84338,9.75917,13.21948,13.6605,13.53126,13.43946,11.83153,13.34,12.83385,10.22779,12.41083,11.74606,10.08157,12.64674,12.88561,12.94422,11.33111,7.49077,10.99219,12.98906,12.71376
iy,10.6729,13.43588,17.29377,17.47711,12.96137,18.37101,20.16461,18.53788,17.08903,20.61255,20.44262,16.56436,18.9897,20.66006,19.03627,14.85968,18.41919,18.45664,14.80843,15.5871,17.57084,16.0922,11.8842,16.43183,16.51505,13.54835,14.10183,15.66191,14.17764,11.91995,15.0944,15.09162,11.08071,13.02044,14.63127,13.19555,10.82089,14.01569,13.95885,9.9889,12.38538,14.14833,13.07163,9.51608,14.16583,14.16711,10.91341,13.34072,14.87134,13.89024,10.55952,14.92752,15.25423,12.57348,14.5231,16.42397,15.07683,13.8139,17.43626,18.04432,15.49488,16.07378,18.69664,18.41424,15.1682,17.00642,17.44591,15.45278,14.99237,17.1447,16.48472,10.46566,16.73462,17.84308,16.2878,14.67856,17.52024,17.40772,14.17058,16.19021,16.92606,15.34492,13.83887,15.85122,15.39719,11.32103,14.77144,15.17455,13.02294,13.07695,14.88543,14.37279,7.8166,14.45277,14.88682,12.90834,13.02142,14.83064,14.13039,8.66565,14.62823,15.00533,13.66799,13.55077,15.50622,14.96629,12.58882,15.41739,16.19976,15.13523,13.62358,15.95976,15.84782,13.71237,15.00362,15.50839,14.60567,13.0971,15.27093,14.86675,12.71471,14.75309,15.18695,14.53025,10.42758,14.86339,14.66221,13.48534,13.19537,13.79081,13.22207,12.11813,11.82953,12.15235,9.88091,13.97125,14.34431,13.98679,11.8282,13.75626,13.38692,12.25593,14.23533,14.81543,14.35474,10.61522,13.57049,13.34517,12.43102,12.07151,12.48999,12.08848,9.25579,11.63652,10.74543,8.06575,10.67464,9.84601,8.63441,8.63158,9.0788,8.70495,7.29493,6.43974,8.12777,5.963,6.02717,7.34597,7.11557,7.51101,7.65884,6.79266,7.36768,5.53207,7.80373,7.46553,5.91286,7.86947,8.13196,4.63741,5.99821,6.51314,7.15401,8.45468,10.64698,10.76204,10.12619,10.88848,11.54288,10.76416,9.4022,10.01713,10.21891,9.772,7.88225,10.47367,9.84423,8.98826,9.41482,10.53711,10.53042,7.28565,10.97877,11.25702,10.31027,10.91332,11.29412,11.6086,9.27842,10.93052,10.68596,9.93302,8.90523,9.97601,9.59277,7.9412,9.34575,9.47544,8.3834,7.95452,9.7127,8.39358,7.97722,8.87589,7.88265,7.31679,8.1088,8.52297,8.61688,6.04043,7.29799,7.83735,7.05753,6.95935,8.82803,7.67733,7.36165,9.22129,8.32878,8.30392,8.81758,10.21703,8.92477,8.17316,10.88824,11.13574,9.78782,10.95862,11.60674,10.30173,10.5629,12.44137,12.1282,9.20536,12.13821,12.90643
iy,11.0331,12.50243,10.83004,19.36217,20.64464,18.50329,14.36191,17.43099,21.90735,22.63897,20.49065,15.63696,17.63312,20.72779,20.57361,16.43277,13.20654,16.43653,18.21484,18.23755,14.73984,11.30376,16.1594,17.04352,14.62923,14.42189,14.19807,15.74907,17.05763,16.79827,13.2613,13.32454,15.38205,16.28518,15.14264,10.2424,14.07733,14.72181,14.33052,10.76166,9.27684,13.96026,14.18176,14.24951,13.49345,12.02639,13.70142,14.79441,14.86065,12.22039,13.56787,14.67557,15.6524,15.7859,14.20463,10.79491,15.58096,16.30091,14.96339,13.45368,14.98944,16.3811,17.8695,17.59989,15.50648,16.81185,18.08773,18.46644,14.7548,16.5753,15.5382,16.34885,17.03678,15.97243,14.58027,15.73615,16.68754,16.21924,13.97205,12.84299,15.83175,17.50379,16.30264,16.22858,17.42479,17.60772,18.12875,18.22165,16.65513,13.91539,14.92305,16.10805,15.18007,13.29686,12.33623,14.42714,15.03585,13.47111,14.20912,9.12979,12.48919,10.8342,13.18924,14.51139,14.5451,14.2901,12.82145,13.72173,14.05941,13.74735,14.91429,11.21175,13.90631,11.57439,13.90538,11.46016,13.20097,12.13419,10.80164,11.16568,12.77122,11.09892,7.71084,9.90308,10.72016,9.00025,9.75934,10.46371,10.8918,11.07165,8.37102,11.47441,11.67773,12.28775,12.74833,14.1276,13.72666,12.34719,12.96484,13.18548,7.91432,11.94237,8.92419,10.82299,10.70717,11.0301,10.4987,10.67574,10.28095,11.15162,11.83666,11.41601,10.77211,11.48782,11.58589,12.37106,10.92999,10.9923,13.69341,13.72282,11.77228,12.34337,12.85136,13.19372,12.05225,12.55185,12.14881,9.06513,10.68309,9.07185,10.71767,10.69826,10.66439,11.12355,8.38291,10.9551,11.11282,11.00179,9.62399,11.55237,10.54169,9.47998,11.61218,10.64215,12.59393,13.81289,14.68375,14.7787,15.16799,14.54411,12.76479,13.58788,12.33132,13.89066,13.64887,12.34691,10.15355,11.45894,11.65292,12.38481,12.34168,12.79893,13.78434,13.78002,13.11568,12.00568,7.88319,11.88043,9.13447,10.44761,9.06696,10.29179,11.46655,10.61751,10.37208,13.44568,13.70726,13.00294,12.10638,10.69517,11.45984,10.24281,13.50497,14.22391,12.60133,11.04155,9.39297,11.18405,10.94863,11.84211,12.60035,12.96612,12.6563,10.2641,9.01624,11.47875,12.03759,12.91388,10.94732,7.99335,11.67869,12.97544,13.23069,9.46675,10.3878,13.07852,14.9209,15.19598,14.72977,13.9718,14.46772,15.5006,15.76315,15.41122,14.73491,12.45971
dcl,10.7463,11.69437,14.58852,14.19157,10.81544,14.95226,15.8856,13.86759,10.8881,12.95309,11.69955,9.48705,11.74221,11.52429,8.23444,9.75042,11.01021,9.2017,5.49294,8.41559,6.70533,6.57919,7.84934,7.35859,7.90426,5.16179,8.58891,8.26479,6.74359,6.09001,3.12304,6.39662,7.1683,6.35898,6.51289,3.01994,6.91718,7.34988,5.49995,6.24005,5.92176,6.38739,7.02062,8.26336,8.00337,7.29701,10.03562,9.61217,7.60153,10.02767,11.02506,10.51869,9.0438,8.57064,6.87954,6.23456,7.29549,8.33338,8.16473,6.80811,5.22505,7.7154,6.38746,6.84694,6.25303,6.94109,7.60054,7.78886,7.56297,7.69093,3.91764,6.89509,6.54099,7.13666,7.23761,6.36337,4.34713,4.02686,4.52949,5.6032,6.47034,7.49669,7.12667,7.40371,8.13732,7.68854,7.92614,8.60028,7.56633,5.88214,4.18512,4.00059,5.36097,5.79309,6.8136,7.667,5.95537,0.93706,6.5345,7.30163,6.64772,6.74967,4.70566,5.30173,5.22106,4.09521,5.57857,5.28915,5.85898,5.26043,4.46256,6.85928,6.14886,6.11477,6.3366,6.06174,3.9339,6.08191,5.83296,5.48637,1.99233,3.21269,4.69942,4.60883,6.77794,7.8335,7.26925,6.08793,5.29207,7.04244,7.63235,5.28399,6.05889,6.43452,5.55052,0.72168,-0.9723,4.06801,4.66185,3.28742,4.97334,5.26927,5.29133,1.32332,5.56834,6.57735,5.93973,4.53107,5.6664,4.03715,5.17032,4.19629,3.81977,5.35221,5.6152,5.99459,5.45735,6.05699,6.82358,5.37318,5.27721,5.41586,4.41291,3.67924,4.06473,5.07133,5.05213,7.64084,7.5467,6.46563,5.78743,2.55025,5.22476,5.33438,6.03606,6.43415,7.00506,6.45427,2.41003,3.97068,2.92951,3.91259,1.36135,6.21335,6.85235,6.86216,5.31488,3.95366,6.27346,5.94621,-1.01832,1.93786,3.41786,3.99765,0.99417,5.12175,5.34721,3.88499,6.43063,5.34493,5.81853,6.58001,5.17122,5.73295,5.51287,5.57279,3.60228,6.3242,5.61694,4.03214,2.52048,5.98134,5.35755,1.54609,3.7977,5.57668,4.19168,5.35316,6.83194,7.25416,6.25493,6.13971,3.67146,4.51751,5.3104,5.81072,5.70757,4.805,6.48663,6.32833,6.25233,2.25616,4.21136,4.1237,3.80928,5.34254,5.04069,3.77447,4.91825,5.49619,4.09058,3.55868,4.67588,5.64939,4.58529,4.13663,3.15627,5.41894,1.64798,5.15178,4.01382,5.6595,5.38505,3.37522,5.23467,5.94714
sh,11.00814,10.16728,11.25328,11.93179,12.52135,12.53013,12.1188,11.38276,11.91659,13.14393,13.89253,13.0188,12.3754,13.25449,13.19416,13.72739,14.37808,13.43822,14.67658,14.74148,12.12889,13.12636,11.8437,14.21499,14.87385,15.15111,14.4342,11.44316,13.80191,12.96242,7.80082,14.04022,14.1725,7.10831,14.4939,13.82221,8.69649,13.88616,15.20731,15.78694,15.56763,13.59862,12.91696,14.22527,13.00494,13.53476,13.56444,12.08944,15.80951,16.33418,15.74362,15.96859,16.75551,16.48364,15.96097,16.27637,16.57101,16.08112,15.18462,15.91026,17.70698,17.47242,16.37359,16.76538,16.04481,16.35295,16.85063,18.01528,17.12945,17.30292,17.91263,16.80912,14.97063,17.15505,16.58529,16.51465,16.81526,13.68901,15.34075,15.15434,16.06995,15.26747,15.72565,15.22084,14.07409,15.14365,16.59448,16.46973,15.3104,14.68635,15.8998,14.49497,15.93326,13.5417,12.93424,10.85166,14.32554,14.08531,10.97194,12.1804,12.12855,11.99369,14.21359,13.28808,13.46577,15.46963,16.13016,16.42761,16.08749,13.42697,15.74846,14.49543,15.38356,14.20704,15.36686,15.17572,13.89375,12.8098,14.86454,13.70105,15.35031,16.12537,15.33064,12.35698,14.5182,13.23255,14.75013,15.71295,16.19168,15.96281,14.86633,12.64316,13.02873,12.0968,15.09316,15.18123,13.72779,13.75337,14.22819,14.46579,13.83533,14.3014,14.65661,13.49464,13.15385,13.59322,13.80708,13.86768,14.34645,15.63599,14.08442,14.14409,15.73715,14.82425,13.42753,11.44415,11.1715,14.82247,15.01881,14.14519,14.96757,13.40706,14.14209,13.62364,14.56945,14.72729,12.79158,12.63319,13.45639,13.99414,11.26289,10.98559,12.59803,10.71089,14.1966,12.13156,12.98891,13.12789,15.12187,13.10135,11.28344,13.97949,14.27577,13.5467,13.11442,11.60795,12.26569,13.75407,13.80821,14.35862,13.44905,11.58977,12.99935,11.40486,10.85791,12.37098,8.52812,13.04182,10.9151,12.16191,12.46816,13.90481,12.39723,13.26702,14.40833,11.35446,12.66743,12.34337,13.26946,10.24195,11.94438,10.68113,13.49072,13.49223,11.60178,11.63365,11.8357,12.134,13.37179,12.25516,12.94048,12.66313,12.68144,12.37909,12.77585,10.28767,12.55888,11.97915,12.32784,11.1862,12.78342,12.95327,13.02598,13.65772,13.37711,12.98849,8.63312,12.94979,12.95151,11.96105,11.68946,12.14489,13.22644,13.95684,14.40942,14.32467,12.64258,10.96377,12.61894,11.98315,9.92854,13.39025,13.0855,7.12708,11.392,12.49359
iy,9.80303,14.5764,17.77268,17.27759,13.72527,18.9307,19.5184,16.47617,18.23865,19.59808,17.60821,13.96498,17.5761,17.20717,13.17269,13.88174,14.71409,11.64358,13.33516,15.84006,14.67884,11.09015,11.21931,12.61126,10.3837,13.5894,14.79255,12.58862,9.26479,11.22445,9.05716,9.24832,11.95536,12.33884,9.61686,10.45455,11.56198,11.03953,11.83209,12.4212,11.6288,9.49541,11.35779,11.09348,9.28451,10.03114,11.28716,9.42185,7.84938,12.51839,11.97899,10.19938,12.71221,12.77072,9.5512,13.41561,15.12023,13.80246,11.95654,15.32105,15.05895,12.53942,14.50805,15.51477,13.79391,12.70528,13.54792,12.18334,10.99391,14.24749,15.47259,14.30164,13.56242,13.87563,14.1692,13.24389,14.22694,15.14782,13.98203,14.40725,13.74353,13.49144,14.45757,15.47046,14.74734,10.99653,14.17928,12.32632,13.61436,14.80059,15.1933,12.71948,13.61365,13.85205,13.30837,14.20265,15.64852,15.09154,12.17922,14.87726,12.54202,14.54029,14.9405,16.80518,16.4198,14.9915,14.45253,14.55733,15.18507,14.42178,15.03791,14.01641,11.91722,11.73591,12.50266,11.10123,10.75945,11.30594,10.03634,7.7038,10.11174,10.0825,10.05513,11.56373,12.22799,11.27352,10.84064,12.54487,12.90021,12.16329,12.17724,12.11028,10.2492,11.58303,13.68468,13.40192,14.67751,14.60499,11.42346,10.66547,10.56621,11.22305,10.1424,10.95197,9.87387,4.90397,6.93536,6.71399,6.28802,7.77072,8.93708,7.80791,8.3993,8.26952,8.13012,8.64961,9.35401,9.88443,5.96673,9.15438,8.85104,8.99652,10.21932,11.39436,10.64872,11.37278,11.53303,12.11061,11.77372,12.22696,13.4335,11.78785,11.13753,10.21268,10.33226,10.04336,10.60904,11.19903,9.30427,8.90583,7.46103,9.04825,10.28941,8.97906,9.70697,8.81777,10.10641,7.96332,9.99019,9.49721,11.09599,11.10098,11.14321,11.4945,11.91295,12.9292,10.79884,11.47796,11.43841,10.61818,7.47995,10.55762,10.72225,8.94747,9.6069,9.88006,8.70306,8.60887,9.04082,6.36686,8.73056,9.90058,10.37871,7.82692,7.70252,8.87793,5.29164,7.87727,9.3959,9.61602,8.87693,8.99006,9.29807,8.2684,8.15208,9.45933,10.84283,9.68242,10.94273,10.67094,12.55102,12.78211,12.61035,10.0207,10.56017,11.547,9.49371,10.48995,10.36101,10.10738,7.51867,9.9287,9.89548,10.3536,10.33103,9.52914,9.43101,9.15352,10.24514,8.85592,10.31069,9.05612,10.79758,10.82148,10.5968,11.39257
ao,11.24254,11.7986,16.77135,16.7198,13.37185,16.84375,18.79343,17.26829,14.14061,18.37798,18.61217,15.38482,18.16095,20.35873,19.12178,17.61231,21.91063,22.48326,19.46181,20.19518,22.36437,21.27222,17.23248,20.00804,20.82472,18.52718,17.5769,20.11951,19.31747,15.84,20.11967,21.95194,20.71347,14.69679,20.39315,20.50877,18.40463,17.30241,18.46567,16.75909,15.14499,17.16237,16.73589,13.43009,15.5728,16.35512,13.64563,12.48348,15.69013,15.57311,12.4949,14.7461,15.43067,12.91022,12.10277,15.13322,14.88536,12.169,14.68764,15.80288,14.1696,13.47086,16.52691,16.40325,13.66613,16.71355,18.33514,16.68252,13.82559,15.32455,14.97067,11.43182,11.71452,14.08677,12.69386,11.2958,13.35625,13.41087,10.24659,10.985,12.94457,11.5291,10.01577,12.58624,13.08813,10.51001,11.0915,13.12146,11.93535,9.00981,13.25802,14.12262,12.52168,12.02384,15.24111,14.94995,12.19177,14.25769,15.52425,13.80367,11.86212,13.61807,12.87212,11.09726,11.56672,12.60344,10.32631,9.46398,11.77667,11.36319,9.84281,9.63442,11.27172,9.02952,8.95685,11.00823,10.56284,8.98636,9.61721,11.2715,10.01202,9.58456,11.3081,10.8567,8.85424,9.23018,10.9278,8.8613,8.33674,10.62986,10.20013,8.13886,7.59853,9.5155,6.41126,7.05866,10.38114,10.20437,7.64598,7.55804,9.14527,7.07907,6.91136,10.34787,9.29488,5.77394,6.33494,5.36075,7.24035,5.76521,6.34149,5.96944,7.37193,6.26805,8.29691,6.05392,6.00012,6.88569,6.67246,6.95667,6.76624,8.6066,8.15495,5.83776,6.74896,7.87507,9.55758,9.38471,8.45198,9.26893,8.94054,7.4115,8.69766,8.53941,8.26939,8.40709,6.72134,8.42041,7.33933,7.20485,5.6985,5.11069,7.40164,3.82907,8.22619,7.13874,8.22366,6.96474,5.01245,8.09512,6.83249,7.84407,8.53928,8.61401,7.07156,4.8472,7.66156,5.68971,7.36702,9.28377,8.91939,8.62639,8.78728,8.98858,7.23291,8.08026,8.88415,9.35602,7.99077,5.46455,3.04236,5.28599,6.54815,6.10882,5.93914,6.83957,5.54327,6.88877,7.112,4.68095,4.99085,5.7768,3.54251,6.55221,7.81415,8.75462,7.37529,5.86217,7.18948,6.27848,5.89626,7.98621,7.53801,5.6785,7.24949,4.72904,7.28622,5.29744,6.91674,6.55634,6.01368,7.26721,8.67589,8.47981,8.266,5.84843,8.23827,7.12762,8.04108,9.01309,8.77825,7.84199,8.23209,8.84873,8.41137,6.18038
aa,9.94644,15.08406,16.4306,14.49643,16.96553,17.9889,15.59248,16.34702,17.14274,14.89146,17.17572,17.65498,15.41158,18.08474,18.22107,16.82712,19.6507,19.5699,18.91339,21.44633,20.88638,16.20565,18.98997,18.06272,18.86562,20.68098,19.27088,17.6389,19.51475,17.67615,17.34747,19.0441,17.60021,18.15537,20.49272,19.36303,15.43302,19.41861,18.85947,18.17542,18.98538,16.61922,14.02836,15.48528,14.88052,16.46447,16.10815,13.44787,15.54958,15.03829,12.74741,14.41158,13.93355,13.73621,15.10252,13.83709,9.01274,12.88005,12.70955,13.71814,15.08331,13.2908,12.0765,13.50393,13.02786,15.52447,16.85827,15.47921,15.19419,16.51907,14.99131,14.63404,14.90992,12.29659,14.53933,14.32843,9.46914,9.12136,12.09055,11.59687,13.03228,12.47826,9.64259,11.20575,10.85555,11.00714,12.37132,11.65243,11.31165,12.38862,11.01098,10.60579,11.55753,10.66309,11.93433,12.92442,9.77681,9.32192,11.8637,11.52985,13.10432,14.4254,13.35974,12.8211,13.02021,12.92217,13.49747,14.08638,11.67674,12.97545,12.59528,9.72362,10.08883,10.17776,9.77432,11.31389,10.04058,9.17858,8.6748,8.90301,9.2555,10.36621,8.03574,8.69256,9.0706,7.80269,8.46486,9.19757,7.63386,9.50622,9.42053,9.01447,7.86825,8.77396,7.21179,9.11655,8.83182,5.20792,6.19091,8.04661,8.20612,10.29702,9.31528,7.53047,8.77653,9.26594,9.62026,10.24079,9.30482,9.13357,9.25428,8.48002,8.33823,7.04395,5.46997,6.69888,7.15602,5.98587,5.14953,8.22593,8.59796,9.67082,9.14287,8.36699,9.80655,8.10628,10.40658,11.35409,10.46054,11.61543,12.21169,10.4198,11.853,12.15881,6.88823,12.00471,12.12696,9.3376,11.40858,10.52596,10.0054,10.7515,10.05194,9.29532,10.8545,9.93322,10.07108,10.08909,7.74677,9.80789,10.65129,9.87034,9.53082,9.72609,8.84954,10.76733,10.68626,9.08104,10.69756,11.29453,11.38511,11.76749,11.12614,11.59517,11.49296,11.6429,12.73523,13.1231,11.58909,11.70823,12.83411,12.17284,9.45928,11.0064,9.5534,11.46405,11.33479,8.94518,9.66744,9.82549,8.78821,8.47695,5.7894,6.20295,8.90307,8.40427,6.99284,6.95611,2.98905,1.565,1.93876,6.40716,6.78961,6.48051,6.13162,6.2022,7.65642,8.10927,7.47889,7.44748,5.66898,7.14895,5.49447,6.27441,7.83894,3.99754,6.82708,8.38122,6.5104,7.47571,7.51245,5.68716,6.33992,8.12222,8.19161,8.37688
aa,11.12947,8.55544,16.72571,18.63082,16.88176,12.69675,18.4624,20.36797,18.7244,14.43589,18.38375,20.13253,18.41442,15.95057,20.94141,22.79148,21.28931,16.583,21.00023,22.55503,20.92582,17.38386,19.09906,21.55931,20.80865,16.22306,18.57985,20.87817,19.71914,17.44661,20.35974,21.58656,20.28174,19.63512,21.63637,22.27212,20.16586,16.34627,17.79681,18.42887,17.0257,15.86536,15.77636,17.71822,16.84717,13.37513,15.44938,16.48965,14.51295,15.56504,16.01036,17.06063,16.56241,13.1518,13.00801,16.8162,15.96062,15.52344,16.61861,17.79003,16.7186,15.3043,16.99193,17.26658,15.7537,14.34846,15.53077,15.13611,13.51169,12.12835,12.70422,13.59988,12.63582,10.88865,12.98163,12.58411,11.79305,11.01943,12.46069,12.59143,11.22189,9.90682,11.38263,11.42996,11.34956,10.68052,12.14249,12.47569,11.19535,9.11405,10.59438,11.58795,11.81433,11.61628,12.99436,13.2609,12.89633,9.98643,12.77411,12.60023,12.79063,12.90761,13.1494,11.89958,11.46154,8.43127,10.13005,9.70519,8.31056,9.59256,10.67716,9.10198,9.37688,5.94484,9.98777,9.52566,8.64224,5.42987,9.26673,8.9682,8.32584,7.63837,7.56857,8.84775,9.17322,8.86466,9.42266,9.2287,9.666,8.15478,8.88122,9.39954,8.30023,9.95206,11.01935,9.20802,8.15721,9.93237,10.22373,9.55112,10.49608,8.67279,10.4296,10.20821,9.22037,9.53836,11.23988,10.57152,11.34504,9.76348,12.57508,12.55074,12.36168,12.1241,14.81381,13.73346,12.226,11.15074,11.85062,11.64451,11.18837,8.58634,13.05079,12.31798,11.68254,8.25106,12.44469,11.93548,12.22899,10.5545,13.87449,13.65938,12.83981,9.82384,13.05912,12.74261,11.96318,11.02377,12.16819,11.4985,11.33025,6.51973,10.99867,8.59546,8.67919,8.20241,10.33274,9.57775,9.27392,8.49476,9.02283,8.59795,8.25271,5.52323,8.73321,8.51717,6.93393,5.6073,5.42662,5.86541,4.69124,7.0219,6.89177,4.56667,4.48626,6.17427,7.64493,8.53685,7.22807,5.65675,5.45765,4.6095,4.65791,6.26774,5.75707,6.04871,4.7122,7.02823,7.53571,5.60689,5.34299,5.66688,5.67158,6.3646,4.6115,7.70312,7.56204,7.82635,7.84296,8.20339,7.6627,8.51027,8.87336,5.1186,8.46215,8.17973,6.74071,4.95961,6.71525,7.86968,7.23831,5.03839,7.41618,7.76849,8.01957,6.88196,8.14266,7.86683,7.91615,6.03199,5.48731,6.55542,5.8458,4.54439,7.25658,6.23011
ao,9.14271,11.1051,16.74825,17.71973,14.93315,14.99273,19.09389,19.30682,15.82023,17.10981,19.96141,19.09403,14.74875,21.07659,22.75382,21.1158,14.37023,19.66551,20.52976,17.91048,15.43173,19.75708,20.11161,16.52816,16.15795,17.84178,17.23812,14.30338,15.64987,18.52578,17.21616,14.59516,18.12658,19.49375,16.91166,17.4622,17.69626,20.79879,20.26524,15.0314,18.55602,17.38429,16.0784,16.06871,17.84285,17.17754,13.8439,16.01592,17.19107,15.22856,15.42068,18.25904,18.73445,17.21706,14.83212,15.82413,15.07984,12.56222,14.32256,15.21065,13.73499,11.54792,10.95027,12.82542,11.37968,9.04143,11.83073,12.42651,10.64823,7.58375,10.9966,10.54922,9.52645,10.01854,10.98739,10.29669,9.66796,8.58393,11.32667,10.43468,9.05557,10.83151,11.72959,7.81296,9.412,11.21361,10.92382,9.1625,10.75864,12.67455,12.1906,9.09389,10.64554,12.33703,10.16421,7.91965,10.53355,11.03242,10.24955,6.82519,9.1466,8.84979,8.11702,10.59628,12.97975,12.61117,8.80136,11.31315,11.73797,11.72973,10.18128,11.64665,12.8059,11.76903,7.71718,11.42187,12.13789,6.08504,10.54478,12.96703,12.83797,10.87489,12.976,14.80508,13.64045,11.08998,14.88742,15.60036,13.70162,9.3958,11.06866,11.70146,7.02141,6.57084,9.84885,8.69028,8.26652,8.17184,8.36428,7.49948,7.45942,6.28335,7.70373,6.9943,7.31442,7.36768,7.3822,7.87234,6.60347,7.26409,6.77413,6.89779,7.09771,8.39277,5.80979,7.00472,7.37552,7.19449,8.14484,6.07524,6.576,8.33751,7.23727,7.27975,6.64918,8.33126,7.67721,5.04105,8.00326,8.44113,6.65937,7.03448,8.01392,7.29666,7.92822,6.07571,6.59135,7.23672,6.91965,7.31349,7.88381,6.79522,6.21093,7.16154,6.97989,5.31289,5.98283,7.18019,8.48374,8.74557,8.94041,9.58094,6.88497,8.22752,7.11185,7.96251,8.23472,8.17076,7.85122,7.89436,6.68294,8.00076,6.70447,5.16626,7.97166,7.78932,8.2661,7.00019,6.44063,8.46302,8.67612,8.8698,6.76365,9.2854,8.82583,6.50423,7.89183,8.9776,8.63706,8.29614,8.32504,8.28615,6.61093,8.98399,7.88568,9.71011,8.04485,6.94302,9.36648,7.33973,6.50264,7.86938,9.5961,7.93074,9.29231,9.89198,9.57327,8.29158,7.89669,8.03548,9.74729,10.19968,10.42349,10.37125,9.86984,10.84607,9.66097,11.26796,8.86272,11.86917,10.20963,9.7174,9.25586,12.03487,8.68661,12.24592
ao,10.79753,8.81231,16.47175,17.72785,15.6852,13.16842,18.13293,18.91327,16.30959,15.50655,19.43787,19.68753,16.16255,16.46786,20.13867,20.09342,16.32298,20.90418,23.23,22.33036,18.18325,22.58306,24.26539,22.8114,18.12716,18.99122,20.9717,20.27414,18.1762,22.29904,22.97728,21.00644,20.02213,22.34616,22.00922,18.99107,14.65944,18.51623,19.07218,16.58594,15.314,16.76644,15.47278,12.72156,14.42033,15.61083,15.95701,12.43158,14.50706,15.40145,14.42341,11.25038,14.32088,15.60139,14.46158,10.45143,14.53961,15.15114,14.03967,11.86094,14.44333,14.91082,13.96375,14.12632,15.94032,16.39037,15.0068,15.31836,16.90336,16.52047,15.55755,15.62976,16.50474,16.24242,12.5746,13.77367,14.49964,14.16562,11.98942,13.75832,14.27943,13.46176,10.53109,13.23006,13.26322,13.17404,12.35875,13.08384,13.74981,12.02395,12.02756,12.90272,13.29983,11.88938,12.15062,13.28719,13.29244,11.04244,13.27196,13.36392,14.03314,9.26195,13.97235,14.71954,14.87259,10.25439,14.92174,15.38505,15.42686,13.14266,15.13069,15.10829,14.41201,13.65677,14.18172,13.92184,12.9171,11.26543,10.6662,9.75961,9.08448,9.86386,7.70782,9.72269,8.25223,8.80794,9.36126,10.02213,7.57943,7.41529,9.03857,8.83416,7.96407,9.43008,9.21943,10.19811,5.13793,10.45311,9.13574,10.4271,10.90514,10.96711,12.9364,11.69917,12.30333,13.59635,14.36767,12.93721,14.37052,15.01927,15.60598,13.34999,13.29363,13.94739,13.90667,10.63109,13.98411,14.17081,14.22674,10.93448,11.99741,12.46719,12.23389,10.41,11.81396,11.32902,10.35065,8.75881,11.15709,10.00095,9.82725,10.3234,8.73003,9.74142,7.14189,10.2433,9.98418,9.90327,6.84213,8.60312,10.22964,8.47226,8.19823,10.82078,10.20959,10.41339,8.824,9.20923,10.10883,7.12771,7.27483,8.35943,6.88963,7.58185,7.44469,9.17192,8.1123,7.63193,8.02697,7.68227,8.5044,6.75463,6.9975,8.21627,7.69805,6.64782,8.22679,8.34149,6.30138,7.4788,7.20963,8.14652,8.17185,7.53034,6.20541,7.55881,7.80508,8.33026,8.21773,7.15598,7.44307,6.80757,8.34921,6.98571,8.0628,7.91742,6.50116,8.18982,7.91522,7.4361,7.62839,8.15379,6.61905,7.54462,7.85675,7.61436,8.27013,7.00713,8.409,6.89632,6.47499,8.35708,7.46858,7.83807,9.088,9.25688,6.14657,7.12835,8.05216,9.46174,7.51335,9.23658,10.57473,10.23029,9.51951,8.11822
ao,13.81624,15.36542,16.40443,16.48488,18.69469,17.31217,18.09664,18.474,16.56055,18.54245,17.11706,19.09277,19.78349,18.92074,21.27164,20.36287,18.75543,19.88474,19.57147,21.83686,21.31979,20.28803,21.69071,18.88155,20.33299,20.15674,19.70666,20.79877,19.67867,20.10014,20.29627,20.45693,22.01543,19.84558,20.77906,20.624,17.07341,18.45643,17.27187,15.99087,16.76208,14.72394,16.14487,15.48743,14.6983,16.39827,14.91469,15.46475,14.9328,13.35996,14.91299,11.09606,14.39468,14.56144,14.29741,14.78597,13.59333,13.64649,13.18818,13.35811,15.08286,14.62503,15.35672,15.17942,11.8714,15.81437,14.46408,16.68796,17.25147,16.03669,15.84581,14.52201,12.19823,13.69474,14.01747,14.69485,14.21497,13.25646,12.90511,9.37462,11.7484,12.4148,12.94991,13.22202,12.45457,11.14801,11.76768,11.50957,12.53898,12.5704,12.89883,13.34707,9.59938,12.13162,10.38723,12.7353,13.79875,12.37804,13.92196,12.2441,12.56368,13.52686,12.38192,13.2391,13.11823,12.82881,13.2454,10.28397,14.3484,14.17748,14.84376,15.71932,13.78816,13.30678,14.12189,15.09023,16.15985,15.98958,15.92179,16.38425,15.34115,15.0898,15.96463,16.0529,16.45013,15.7219,15.15304,15.28759,14.05326,13.9055,13.83981,13.16767,13.22459,12.42454,11.96209,11.65695,8.82825,10.63134,10.67899,11.03691,11.00226,10.66208,10.6446,9.08,8.97951,5.95656,8.54039,5.85651,7.84394,7.67792,7.09374,7.17391,9.07071,9.06098,10.52888,9.90425,9.0907,9.96942,8.99553,10.49491,10.17377,10.61597,11.41276,9.80082,11.05596,10.88066,11.57357,12.71967,11.10627,10.73078,10.88356,10.45434,11.56497,10.18495,10.83903,10.15011,10.09742,9.80296,9.45092,10.48317,10.49813,9.01754,9.93185,7.25108,8.8248,8.28224,7.93352,9.65634,8.57935,9.27828,7.81373,8.71787,6.60475,7.91416,6.92499,8.33821,7.80774,7.29848,8.7442,7.87846,5.95662,4.63734,8.348,4.38082,6.58134,7.15495,7.16066,3.99324,7.6411,7.48283,8.19674,6.69563,7.16298,5.19822,8.33495,5.87885,8.10571,7.7271,8.43576,6.15965,8.08203,8.6894,7.23232,7.66547,5.57472,7.11661,5.19058,7.65275,7.00825,7.94955,8.73942,8.51549,8.86509,9.10025,9.30733,7.32203,7.81255,8.66489,9.98289,9.12333,9.61829,8.81967,9.04269,5.2079,7.51776,9.01411,7.1924,8.43985,9.3447,8.54454,8.18374,6.68373,7.22958,8.43396,4.25307,8.43676
ao,11.98828,12.34311,14.60034,19.56163,20.36733,17.55443,13.38891,18.25265,21.91998,21.85601,17.83751,14.47579,20.00016,22.55788,21.75341,14.2228,15.62614,22.63892,24.39399,22.85916,18.65827,19.62969,22.70708,23.18266,19.19459,19.67213,18.64694,23.64956,24.25899,22.04738,19.77655,21.16994,23.42792,23.00411,17.82469,17.98147,18.90276,19.86826,17.79313,14.8803,14.27923,16.37075,16.93554,12.7717,15.03151,15.06604,17.26027,16.41662,13.22574,14.6791,13.78542,16.1019,14.96834,12.72232,13.45917,15.4297,15.97874,13.76232,12.34093,13.52104,15.39386,15.67865,11.74247,12.84708,11.78075,14.93378,14.52609,11.0153,12.67892,14.68334,16.22048,14.29543,11.38075,13.17402,15.63478,16.60431,14.53395,13.4779,16.67829,18.79359,18.82618,16.38666,14.69338,15.88331,17.14104,16.22337,12.07292,12.52946,13.68824,15.67353,13.57154,12.30755,11.89912,15.02936,15.03605,13.28788,11.12708,10.22053,14.08569,13.86399,12.28037,11.67458,14.1672,15.07284,14.52265,11.03529,11.65021,11.62487,14.26448,13.18728,11.62733,11.8272,12.79702,14.22159,12.69385,10.59279,11.16113,14.81011,14.64738,14.11199,13.28287,16.02323,16.57297,15.17556,10.39729,12.29725,13.90841,15.06256,14.13462,12.43051,11.06112,14.18102,13.62998,11.97785,9.14419,12.03889,13.61455,13.56273,12.52629,10.13209,12.3162,13.16109,10.03061,9.52135,9.34364,8.81808,10.60092,8.20524,9.9329,7.80058,9.16535,9.63373,10.05681,7.65739,10.57192,11.9449,10.59562,10.21017,11.01238,11.32124,13.03375,14.68121,13.77373,13.81454,14.35821,12.96149,12.8609,11.67061,11.80791,11.84825,11.97474,8.84394,8.54204,11.24863,12.52759,11.45431,11.14203,9.30613,11.96552,10.70275,10.23995,10.75406,9.56693,12.01666,12.19192,11.86738,10.79195,12.93307,14.29654,14.98116,14.82985,10.5304,12.7377,14.18203,13.2814,12.23451,12.43279,13.39892,14.30171,14.24621,12.08874,11.31343,12.86008,11.71856,12.73172,8.76953,9.7311,11.98955,11.96617,12.11077,11.64348,12.60163,13.84461,13.86113,14.05877,11.12044,11.12745,12.76088,8.1253,12.07888,11.99416,13.20861,13.20184,11.27741,7.76576,10.52147,8.51983,11.51937,10.92386,9.27252,10.85693,11.93943,9.57073,10.48118,10.6627,11.21337,11.62332,10.11572,11.08196,9.22757,9.40146,11.13391,10.14822,10.61881,8.63876,11.19631,10.3318,10.82498,9.82792,5.46749,9.78884,8.30418,8.0892,9.54829,10.05445,8.57458
dcl,9.50117,9.68824,14.19922,16.16104,14.86777,8.9424,16.06917,18.28764,17.24101,12.18407,11.69827,14.00942,13.23195,8.50451,11.82283,13.7366,12.98771,9.46897,11.70168,13.91904,13.51917,10.2946,9.31482,10.45124,9.7661,4.85003,8.59918,10.76465,10.7356,9.14319,7.49875,9.95712,9.67194,8.78898,8.6174,10.47663,10.74531,8.9574,9.00276,10.64702,11.43128,10.95653,8.23171,11.07127,11.40737,11.30883,10.54487,13.03023,14.08709,13.31686,12.20199,12.34726,13.58565,12.64826,10.87631,11.58487,12.21012,11.8157,9.19423,10.20797,10.54463,11.22108,7.59715,10.53163,10.93433,11.6034,10.39371,9.20201,10.31486,10.95135,8.75846,8.86731,9.77151,10.26872,8.5534,9.05756,9.55827,10.68165,9.03643,10.28042,11.69301,12.67644,11.5451,9.24859,8.77148,7.41453,6.53221,4.30106,3.74195,5.77701,6.13821,6.86738,7.1285,7.81219,5.70783,7.17122,8.45064,8.46568,7.57674,6.76989,6.24166,7.24732,7.11517,4.5106,6.87589,8.20814,7.6064,6.90276,6.80826,7.85813,7.57756,6.77071,3.74424,5.31119,4.13219,6.58291,6.0732,4.72791,4.67919,6.82486,7.23614,5.62082,3.13041,1.74765,3.61105,6.29228,5.50265,5.8417,6.20508,5.89327,7.288,5.03736,5.71326,6.49073,6.35085,5.1089,4.93829,4.91755,5.73287,6.70094,5.18969,5.70438,4.44501,6.76636,7.60605,6.42951,4.53114,4.55171,5.74911,5.36372,6.73496,5.34356,6.85876,7.00894,6.42713,5.18822,5.24769,5.65622,5.47556,1.4056,5.12058,6.85116,5.63252,6.05545,4.65875,5.23845,6.2125,3.24985,2.69154,4.46799,6.48112,6.75219,6.25558,5.38997,6.11764,5.06625,2.79645,6.88766,5.48048,3.91426,3.37167,5.76623,6.79015,5.85753,4.73445,5.17886,5.34529,3.8683,5.37387,2.84961,2.80177,6.30244,7.01098,5.46951,5.71407,5.32294,2.23662,3.99294,2.46333,3.97919,3.28596,4.30537,5.62325,5.38497,5.52221,5.87232,6.64885,7.2571,6.59645,6.12853,4.31086,6.28006,6.94938,6.93175,5.83937,4.01703,3.30635,5.56191,5.89695,7.06116,6.87781,6.89816,5.49345,5.33334,5.73918,4.22596,6.04864,7.23347,6.7226,5.00554,5.54476,5.53099,5.13413,5.75797,4.52463,5.59733,6.20454,3.57609,5.49117,5.91282,6.07505,5.23786,3.18146,3.69346,5.2586,2.36804,4.47148,3.26329,4.0611,4.9269,5.54871,5.01711,4.91934,2.69735,4.67977,3.1399
sh,10.33021,12.81642,13.20616,12.56997,12.35201,12.4883,12.64199,13.1228,13.70517,12.59965,12.87907,13.66244,13.89993,14.2571,15.06187,14.2324,14.55956,14.22941,13.8147,12.47783,13.17793,11.83282,13.42324,13.238,15.15375,14.22514,14.58981,15.19655,15.17755,13.92051,12.30143,11.5906,12.91457,13.43582,15.25265,15.20525,13.73355,15.47138,15.6054,15.83781,16.31504,16.14834,15.29532,16.60562,16.01083,17.41183,16.99068,17.9502,15.96117,14.47347,16.94123,17.93337,19.55049,20.88287,21.03981,20.47948,19.45017,18.71293,18.78359,17.95865,17.72832,18.3509,17.90082,18.95421,18.81198,19.11358,17.81703,19.60866,19.73236,19.40003,19.35234,19.34442,20.15379,19.13092,16.41531,18.20506,18.59489,19.57618,19.96857,19.35548,19.27549,17.22753,18.3553,17.32947,16.55562,15.28398,18.10133,17.73515,17.59078,19.13116,18.65893,17.41217,17.30696,18.95398,18.03474,16.07282,14.83623,18.06716,18.23098,16.11353,16.9763,16.69077,17.89087,17.1562,16.44896,16.8839,15.05066,16.08384,16.18718,18.50032,19.14168,17.70025,16.55566,16.63034,16.8355,17.81535,18.06031,14.70535,15.01607,15.69248,17.23692,17.79191,17.47485,18.18501,18.55074,17.49451,17.41928,18.7739,17.51709,16.80315,17.70913,16.83831,14.62946,16.7364,16.94765,15.43708,15.85042,16.05796,14.51866,13.97097,16.78102,18.40804,18.94199,17.80998,15.80397,16.45746,16.12969,15.07721,17.0125,17.41131,16.71395,12.63699,15.76646,15.29615,16.69164,18.13789,17.68453,14.16967,16.97857,16.14649,13.96875,16.48935,15.6531,15.82583,15.58824,15.27472,16.63048,17.58413,15.54177,17.6586,18.04152,15.3432,16.87755,14.60547,17.85984,17.73029,16.62949,17.16347,15.80834,17.50958,18.08214,17.0321,17.48064,17.93168,15.90428,17.24636,17.75935,17.77799,15.78489,16.19873,17.62069,18.51812,18.44459,16.53196,15.2081,14.47849,16.52671,17.30948,15.34684,17.87825,18.18792,17.24857,15.17778,16.99895,15.46188,14.21859,16.20391,15.08026,15.47236,15.99716,16.24707,17.56298,16.86756,14.53209,13.98321,17.21214,16.96769,15.03643,16.59398,16.73135,16.44772,15.00717,16.41568,15.48598,14.94582,15.30539,13.65342,17.42433,16.82049,14.32726,13.84016,16.52331,16.33859,14.00729,14.04649,14.78962,14.6627,15.62323,16.64996,15.90349,12.97198,14.93317,14.7452,15.92105,15.98451,14.34892,15.27214,15.53013,14.19728,11.58177,13.03766,15.02904,15.47404,9.34271,13.93014,14.8183
iy,8.76322,9.39753,15.09113,18.51115,18.20123,12.64204,14.9984,20.42532,21.66847,20.13157,16.08885,17.40075,19.44774,18.52095,14.61291,13.90639,17.25856,17.62645,15.29065,9.61001,14.92184,16.36541,14.29037,12.14494,13.58667,16.26088,16.1593,13.72449,10.84831,13.84659,14.71225,11.64646,9.65957,13.02078,14.73362,14.14001,10.59671,11.50456,13.53148,13.54529,10.68816,8.12266,13.30686,14.32573,13.04112,9.03215,13.0257,15.03719,14.39558,9.80615,11.29921,14.69821,15.33762,13.21474,11.69641,15.34306,17.39351,16.59881,10.11413,15.53295,18.05551,19.04992,17.43557,14.32124,16.33211,17.09872,14.94078,12.52167,14.46942,16.36272,15.86112,12.6704,14.76764,16.74183,16.99112,14.12322,13.53575,16.56834,18.30754,17.50331,14.94377,16.34834,17.42619,16.86851,13.97427,10.72816,14.90942,16.20249,14.72957,12.37648,15.36402,16.16952,15.42342,12.51657,12.79788,15.3413,15.84496,13.50116,13.46229,16.08388,16.86061,16.31649,14.10015,15.37131,17.28946,17.26202,14.73356,14.01688,15.72722,15.93624,14.74143,12.28993,13.94227,15.30586,14.87864,11.78895,12.27337,13.77853,14.26492,13.5396,10.66817,12.57924,13.46375,13.17591,11.64788,9.174,9.70468,9.5245,7.12553,6.88666,9.99997,10.8243,9.75422,9.6959,8.26735,7.71322,6.11894,8.81313,7.24064,9.6389,10.26346,8.56944,6.27697,6.80427,7.08337,7.35393,6.23431,7.43481,7.66574,6.90925,2.13302,6.19629,5.11615,7.01023,6.07035,8.04741,9.40951,10.28251,10.85012,10.5793,8.22281,11.92585,11.78619,10.40177,9.14782,10.49722,11.13219,10.55903,9.99093,7.90052,10.58296,10.96098,10.67955,11.01031,12.41913,12.97841,12.66034,11.99074,13.22387,14.39365,13.80735,12.63059,11.78033,11.13061,11.2039,11.08215,9.44779,10.83295,11.56513,10.32098,9.69409,9.65244,10.30646,11.25776,10.57629,9.46107,10.76568,10.85143,9.54422,10.21066,10.02774,10.61093,11.70605,11.46966,10.6465,12.1276,12.13584,12.39512,12.30458,9.63532,12.7628,12.59351,12.35833,9.81419,12.49064,11.48506,10.23897,9.96971,9.74033,10.31473,8.87669,9.02186,10.70424,11.3957,10.36906,7.99453,5.86417,10.75889,9.84465,7.77843,8.39185,11.87578,12.23644,11.52594,10.07777,10.90302,12.76271,12.03585,10.85251,10.25896,11.00645,10.93501,10.16674,9.07596,9.3727,9.66193,9.24232,8.96935,9.14192,9.42536,9.34468,8.81143,8.8052,8.37287,8.56243,8.75943
aa,9.36262,14.11863,17.57693,17.33479,13.94093,18.1063,19.22451,17.16649,16.61637,19.06091,18.30009,16.42144,20.42552,20.85061,19.70905,21.3362,22.41703,20.22277,20.34158,21.79366,21.52887,19.46162,18.81072,19.87246,18.15243,17.59854,19.93475,20.04058,19.07318,20.41919,20.95887,20.84373,21.0036,21.26897,21.0585,20.80633,19.52365,19.16193,18.0074,16.95108,17.25544,16.84239,15.38597,16.62389,17.08482,16.88777,15.4521,15.87888,15.58188,14.26579,15.30285,16.23356,15.66122,14.33196,15.82326,16.09943,13.06854,16.01278,16.72964,14.42389,16.56698,17.42379,16.5747,13.69458,15.37783,16.55539,14.73416,12.10763,15.17073,14.79003,12.63613,13.2575,14.13514,12.20914,11.47703,14.31116,13.62986,12.09196,13.90808,13.99104,10.37467,13.38568,15.16655,13.65237,13.50168,14.4501,12.99896,9.4193,12.71136,12.89174,6.22421,10.36201,12.52991,11.81844,9.35388,10.38325,11.06015,9.68844,10.44975,11.14445,9.12676,8.6644,9.89726,9.70635,8.68319,8.55005,9.55596,7.9697,8.89429,8.56907,8.07431,7.70519,6.92441,8.1213,7.95311,5.91623,8.34506,6.67267,7.27507,8.10227,6.77654,7.11567,6.7477,7.85756,7.7435,4.93734,7.35835,3.65376,5.10456,4.83412,7.46112,5.70064,7.58987,7.55222,7.9254,8.98015,7.65965,6.26752,8.64202,8.30807,8.23155,9.65402,10.15514,7.77876,9.29777,10.87611,10.42126,10.37807,10.69439,11.62571,10.2106,11.60244,12.2774,9.55724,10.02043,11.06754,10.24217,7.53785,6.86056,7.93003,6.3063,8.90552,8.60913,7.322,7.31787,9.54741,8.61016,7.53457,4.80545,6.7211,7.71853,5.63277,5.96526,7.29242,7.99993,10.25386,9.26403,6.70713,11.19411,11.89824,11.70963,12.77568,13.8232,13.04118,11.38726,13.07269,13.29398,12.7397,12.79911,13.61307,13.73683,12.78358,13.77401,13.28218,12.14404,10.12546,11.07444,12.74222,13.18939,14.18472,13.67269,12.91434,11.79109,10.53225,12.96915,13.63031,13.52669,13.17411,12.79168,11.07931,10.8745,8.9668,10.31495,9.90439,10.82729,10.82984,10.18914,7.71555,8.82806,10.09596,8.87393,9.86557,9.06086,7.24498,3.99256,8.60778,8.56623,8.76793,9.87649,8.07636,7.83742,7.96767,8.87584,9.55105,10.64007,9.45051,8.30323,7.85714,9.46236,9.69769,7.90826,9.3472,8.77519,7.01409,7.79874,9.58183,9.54967,8.33474,9.52003,9.54851,9.33522,8.11289,10.71878,10.02766,9.74759,7.79625
ao,8.67682,10.17555,15.89915,17.00269,14.61879,12.44898,17.51902,17.93588,15.1155,14.5411,18.06802,18.05874,14.29933,16.90648,20.05412,19.54635,14.899,18.43271,20.91196,19.89464,11.12465,18.88035,20.37458,18.59395,13.04756,18.44055,19.44767,16.91931,14.62952,18.96413,19.61322,17.06029,9.31323,19.06146,20.19708,18.63569,13.36392,17.64718,16.83125,11.27121,13.66485,16.0745,14.47988,11.19436,14.23346,15.2534,13.20061,10.85273,13.31073,13.9895,10.58218,10.59572,13.22491,13.1862,9.86267,10.41691,13.3946,12.61216,8.94123,12.39577,14.14548,13.12413,11.77357,13.90546,15.21705,13.56529,11.8955,13.1382,13.80446,11.41269,10.43071,11.53519,11.57981,9.44219,7.86516,10.33129,10.33885,6.48814,8.63413,9.08143,7.88307,8.21088,7.47739,8.80576,8.10128,8.92926,8.43615,7.37077,6.11602,7.25583,8.05099,6.73157,7.31094,7.27604,8.93507,7.08261,7.12555,8.60242,6.41358,4.70257,7.10415,8.47658,9.19009,6.13649,9.65079,10.03295,8.29094,8.03962,8.50931,7.9552,8.87974,7.71939,8.86165,8.09879,7.26757,6.59548,7.15425,8.18242,7.39412,6.61511,8.44038,7.62235,8.13919,7.22538,7.33672,9.00977,8.88474,7.72903,7.44486,8.99493,8.64368,4.60147,8.3962,9.59067,9.27512,8.32425,7.0502,9.84924,8.48468,8.76559,9.50283,9.39396,8.69096,8.84784,9.54124,8.91927,6.07398,8.47112,8.16089,5.83427,6.44368,7.48908,4.25828,7.01803,5.75843,8.27334,8.38828,6.91997,7.18393,7.7991,7.85344,3.83305,9.06825,9.85498,10.93762,10.6419,9.40354,11.46092,11.40437,8.05745,8.60749,9.55719,10.20311,9.60664,10.1661,11.57695,10.93055,8.33743,9.74352,8.02919,8.99209,7.71452,8.49155,9.38031,4.67047,6.81795,7.24501,6.98302,6.11231,3.56885,3.63071,6.17018,3.44737,6.26358,5.85831,6.85876,5.33797,5.72868,5.22755,4.41627,6.20604,3.07103,6.77809,2.12769,4.86863,2.14808,3.8998,7.27266,7.11522,3.97968,7.4828,7.143,6.82143,2.67047,6.57161,5.44348,5.49914,5.87109,5.58586,6.38682,5.37443,6.35171,6.53384,2.00979,6.6004,7.61836,8.56066,7.29904,6.26742,8.10345,4.59474,5.91678,6.82475,7.1727,7.92164,4.42814,8.10159,9.15689,8.19699,6.23723,5.64801,7.38463,7.58997,7.77983,6.54773,8.25348,8.27464,5.69529,5.95631,5.99141,6.61367,6.62892,5.87932,7.43408,7.22788,3.03811
aa,8.59706,9.94549,15.24977,18.00508,16.99851,11.70927,14.4018,17.98108,17.78852,13.58959,13.53238,18.6789,19.22212,17.03673,15.84674,19.92028,21.03873,18.28558,16.45846,21.3882,23.33455,21.82509,16.35113,17.81162,21.06146,20.33873,13.43735,14.33124,20.5773,20.88718,18.45292,17.7128,19.83743,20.33814,16.45167,17.83099,20.12276,21.41005,19.61106,17.68307,17.59632,19.17489,18.3513,14.5166,13.34411,16.44433,16.38223,15.0873,14.78725,16.03062,16.25103,15.0077,15.3389,15.84394,15.3856,13.20992,12.90235,12.69377,14.82498,15.25375,14.44747,14.43476,14.47935,15.70619,15.93107,14.8527,15.64106,15.70264,14.67063,13.92666,13.17011,13.68861,12.22499,12.13487,12.00995,9.0803,11.5006,11.8839,13.03266,11.2542,11.19937,11.54464,12.66169,11.11316,11.81536,10.73719,11.16653,12.60912,11.87739,7.86958,10.6011,9.78518,11.84675,10.49933,12.19195,13.98473,14.75099,11.85165,13.00699,14.21409,14.49118,14.15015,11.01567,14.21844,14.8791,14.76487,10.65557,12.09957,12.76479,12.49134,11.75858,9.85197,11.39462,12.06259,11.80065,10.72549,10.35498,12.60196,11.35159,10.17406,8.54836,10.61395,8.34068,9.48168,9.50689,10.93726,10.39712,7.614,5.24995,9.57396,9.29256,6.37783,9.09007,9.5204,10.54368,9.05087,9.88184,2.04187,6.40809,9.52291,8.93793,8.29337,8.18909,6.61208,5.22005,5.4515,6.65682,5.64021,7.79746,8.39353,6.62178,6.32673,7.15009,5.15257,7.19845,7.53721,6.90298,5.73278,7.52499,7.78112,8.60037,8.35054,5.72357,9.06621,8.324,8.14022,9.10655,5.7134,8.81696,8.86533,9.94404,9.17476,9.93191,11.37041,12.23817,12.2449,10.8107,11.39301,12.63225,13.3047,12.52468,11.94709,11.9564,10.87979,11.76413,9.58377,11.50137,10.41455,10.83061,7.62723,10.20242,8.58437,9.33156,10.41779,7.30376,9.68885,10.73193,9.153,7.79745,8.59812,9.80186,9.97227,8.67904,4.57453,7.78214,6.4926,8.24622,8.3674,8.01168,7.48824,7.28069,8.11625,8.00183,8.97853,8.81281,7.35955,9.26742,8.97336,8.59318,9.41115,7.11334,8.73076,9.0434,8.74598,7.6894,9.27561,7.8025,9.5476,7.36838,8.79843,9.87242,8.70281,9.03216,9.91163,10.96035,9.7769,9.97469,7.41296,9.36363,11.22853,9.99786,6.2451,7.01135,11.20074,11.31498,10.29493,9.80627,10.99804,10.69709,9.53295,7.33848,7.8237,7.95133,8.21398,8.08867,6.08768
ao,10.3738,11.48547,15.77896,15.74642,12.95078,15.70112,17.62772,16.4149,14.17447,18.01068,18.47987,15.10636,17.37297,20.01498,18.98049,16.18069,21.07182,22.2201,19.97077,17.79294,20.79679,20.10525,11.14676,18.4352,19.53402,16.79646,17.50668,21.03374,20.90062,17.17509,18.83285,20.80375,19.80072,15.27541,16.15954,15.92917,12.02116,14.45913,16.01495,14.05641,11.84847,14.15707,14.57933,9.65823,12.30649,14.64384,13.11059,9.00397,13.27493,13.56227,10.90067,12.70601,14.01388,13.43638,8.34253,13.87541,14.89262,12.41504,13.90812,15.54878,14.85749,12.07252,15.05368,15.07956,12.15613,11.10281,12.6899,12.70982,9.39626,9.98312,12.06838,9.86823,8.18968,11.53415,11.31897,8.84167,9.32206,10.65907,9.17383,6.00747,11.35808,10.7079,8.42736,11.06771,11.87647,11.09255,6.66792,12.20739,12.78125,10.91872,10.48412,12.35383,12.01955,8.08912,11.26729,11.95136,9.80793,9.15189,10.4227,9.97767,5.96865,9.94346,11.09721,6.97108,9.36641,11.18931,10.53444,7.09099,11.28503,11.743,10.08597,9.3546,12.25567,11.37506,9.31659,10.48983,11.16893,9.80601,7.54717,8.13792,7.80669,7.35264,5.98991,8.40794,8.55328,2.87115,9.41946,10.60202,11.20887,11.65356,12.52354,11.90883,10.37151,10.58679,10.90177,8.2378,6.09928,6.45688,6.40396,6.90874,7.21734,6.34718,6.92822,5.94314,7.32319,5.36876,4.81958,5.61744,7.1459,6.50274,4.18353,7.62349,6.64739,5.78562,6.0639,5.09457,5.38517,5.91135,7.77515,7.61759,7.87731,2.77016,4.75386,7.81391,7.28859,8.6305,8.94241,6.82199,8.89774,10.54637,8.57652,9.4092,8.41415,8.63794,7.72663,7.00564,8.33553,8.1748,7.61586,8.39462,9.56427,8.77226,6.45153,9.67221,10.41726,10.2008,9.02731,5.378,9.70116,10.26375,10.97368,10.08976,4.70008,10.53327,10.45615,8.855,8.82489,9.76513,7.68776,6.15973,9.059,8.81701,7.34709,7.21487,8.65109,7.81769,8.16579,8.70235,7.18715,7.4023,5.65728,6.89677,4.43017,6.05664,6.83729,8.64631,9.56512,8.94306,9.70081,10.23628,5.75898,8.54375,9.24014,6.99478,8.94124,8.01813,3.28788,5.82424,7.57342,8.45333,8.92751,8.23639,5.67992,5.95472,7.94748,7.15985,6.25134,7.30137,7.3111,7.71388,7.71863,7.57621,7.15774,8.68921,7.94498,4.53815,5.98169,5.76731,6.9947,2.63662,6.53799,8.21372,7.80314,5.61705,5.97589,8.0889
iy,9.82103,11.04626,17.69109,18.47083,15.72649,17.15703,20.67729,20.56898,16.1359,18.7964,20.937,19.67502,12.61846,17.44816,18.81087,16.68034,10.99231,16.18978,16.61921,13.23332,13.02109,16.30407,15.71641,9.94753,13.0088,14.94566,13.3991,9.20562,13.68278,14.85946,12.66426,10.94275,14.05535,13.98306,7.94596,12.39422,14.69817,14.04667,9.34527,13.02702,14.64916,12.62574,10.76406,13.88454,14.70143,11.60136,12.19153,14.95064,14.66862,9.32117,13.95478,16.2255,14.74148,12.78626,15.75517,16.97445,13.84983,15.22354,18.21834,18.67849,12.14072,17.39915,19.72849,19.49191,13.38611,16.47513,17.74925,15.80825,14.36697,16.47121,17.21596,10.38713,14.19047,16.94719,17.24574,12.61015,15.22617,17.96632,17.47983,15.80654,16.66464,18.86526,18.09216,15.20605,18.3997,19.37177,16.60595,16.04001,18.40265,18.46737,15.05693,17.06233,18.68568,17.26367,15.19663,17.45397,19.03184,16.77729,16.06976,18.36866,19.13156,15.20607,16.90131,18.36822,18.66459,16.22862,16.88946,18.04414,16.59536,15.19443,16.23012,17.30594,14.87294,15.30092,16.57903,16.51861,13.75064,14.74459,16.46681,15.5244,14.04119,14.34963,15.27308,13.86165,12.29662,11.91874,13.06319,12.03401,11.58171,11.11987,11.53986,9.95058,8.77081,9.60661,9.83906,7.22353,8.44534,10.13807,8.63507,8.12832,8.42381,9.35112,6.21646,6.29709,8.85294,8.79097,6.00372,7.17332,8.1441,5.43825,7.52902,8.64725,8.55598,4.97639,7.69302,7.05973,7.0152,5.69775,6.30127,8.76989,7.80939,7.20572,5.23173,5.07477,7.36441,5.26124,6.76653,5.32058,7.31279,7.16884,6.47384,7.35402,6.41269,4.86958,6.09471,3.1704,7.17761,8.25439,6.07635,6.27798,7.99909,9.16204,8.67366,8.30244,9.18652,9.64322,9.09618,6.49661,7.37051,7.88883,6.2926,5.00785,8.03636,8.75476,6.38348,8.28128,10.17081,8.36917,8.67295,9.05325,10.12854,7.30332,9.01885,9.57701,9.47237,8.25048,8.91263,7.59862,8.93508,7.43858,7.92725,6.86372,7.28602,6.50382,7.48014,5.23153,6.49074,7.1472,5.7581,5.43782,6.98572,6.33695,5.75581,7.14657,5.85497,6.86182,7.27485,8.02141,6.43875,6.99682,4.34516,7.12841,6.79282,7.33565,7.31917,8.04985,6.8626,6.02643,8.25304,7.68778,7.89177,7.22961,7.66245,7.88068,8.63471,8.63713,7.53068,8.6205,5.57747,5.19635,5.59448,7.10836,5.30489,5.73528,7.5731,8.1312
iy,10.86754,12.04035,17.23813,18.16787,15.75134,15.45079,19.7289,20.23955,17.50297,16.25317,20.03025,19.89678,16.77318,15.75589,18.15483,17.56262,14.2737,14.65824,16.42896,15.25653,12.09837,15.19576,16.30826,14.40217,12.38622,12.49111,13.78307,11.71826,11.09159,13.64439,13.80292,10.87941,5.78828,13.88727,13.61072,9.01855,11.37347,14.49543,13.77125,10.74244,10.99464,13.89712,12.0965,9.83173,13.51345,14.55298,11.26343,8.44999,14.2542,14.5594,10.13396,12.2863,15.5654,15.189,11.9762,13.75724,16.9523,16.47123,12.79754,16.68676,19.12122,18.33179,16.81571,16.83839,18.30673,16.96592,11.16909,16.25684,17.45365,15.29235,13.89659,17.01072,16.84977,12.43034,15.1598,17.60492,16.22815,15.39895,17.37326,18.4554,16.99373,15.19368,17.96136,18.42903,17.44874,16.39396,16.00918,17.37982,16.22166,14.33182,16.0877,17.00177,15.35928,14.6487,17.25304,17.04229,14.65969,15.12099,17.55528,16.87017,15.37806,17.45465,18.17613,16.49976,13.06457,17.40443,17.88041,16.36692,14.13909,17.42069,17.42605,16.13496,11.43883,16.35236,16.62469,15.23256,13.63785,15.99339,14.75294,14.12427,14.99716,14.68719,13.49441,14.22621,14.62015,12.90108,13.43509,14.72228,14.57595,12.37985,14.44491,14.47121,14.22006,12.56164,13.84783,13.55909,12.8325,13.01663,13.45599,13.22995,12.31076,11.85308,13.5615,13.16944,11.88152,10.44059,12.25384,12.48374,12.14812,9.17062,11.90078,12.22009,10.93264,10.50161,12.66845,12.55854,10.66141,10.81305,12.29317,11.43288,9.86096,12.00156,12.05493,10.88478,8.10187,11.52476,10.87406,8.76957,9.25763,11.24947,10.09826,7.47654,6.96304,7.66625,8.01705,9.28895,8.94314,9.65008,9.59899,10.18883,10.85535,10.57627,10.30263,10.81415,11.55675,11.27122,10.39757,9.27216,9.69737,9.01458,8.48879,7.75939,5.44289,9.67473,10.12672,9.52441,10.44026,10.1216,9.0341,7.0004,10.1086,10.24958,9.21964,7.10304,10.20734,9.8978,9.71931,6.75867,7.1253,7.86123,8.98556,4.94199,8.66821,9.19609,8.20079,5.3444,10.12822,8.51764,10.04199,10.99189,10.85323,8.08815,10.49233,10.87768,9.89675,10.34902,11.27517,11.02554,10.18497,11.27457,10.92374,10.34974,8.93768,9.45902,10.50118,10.55331,9.75044,9.54267,9.62446,10.24187,8.15901,8.7404,9.37596,9.61306,8.67894,10.1757,11.50583,10.3859,9.3112,9.59846,9.93624,10.29362,10.70989,9.4281,9.59721,10.64292
sh,10.74683,11.12769,12.68269,13.84669,13.16574,13.02942,12.62701,14.22623,14.36221,14.94627,14.25381,13.09256,14.06934,14.0445,13.77625,15.30136,15.54187,14.25371,12.93582,13.84728,12.7058,14.77971,12.80972,12.93374,13.64021,14.02305,12.97599,12.68192,13.51556,13.84392,13.28034,14.63349,12.79495,13.12562,12.85752,13.77375,10.20813,14.31768,11.87189,12.35629,11.53149,10.03206,5.82915,11.89806,11.60455,12.60603,13.29146,13.47185,13.31537,10.30113,12.19991,13.85476,13.79769,14.51243,15.08425,13.6762,13.71011,13.55542,13.32804,13.30223,13.34278,13.81361,10.35253,11.44913,14.04202,14.46552,14.86671,12.16043,10.56387,14.93855,16.17916,16.6395,16.09429,16.53901,16.73462,15.71936,15.58282,16.26957,17.32521,17.92636,17.48022,17.46239,17.4671,16.78845,18.33925,19.91389,19.03424,19.55584,18.52414,18.51071,15.84222,14.65709,13.03988,15.85132,16.12377,17.36494,17.13663,19.1533,17.75004,18.05019,17.13415,18.67829,19.93412,17.73648,19.97423,18.29537,19.13571,19.21349,19.01517,19.2047,16.81352,19.44395,19.77732,18.002,19.17183,19.78024,15.72775,16.02663,18.58262,18.54714,18.3832,19.035,18.70453,17.21673,17.63511,17.92814,17.59332,17.10376,16.40609,14.62085,18.60342,19.42202,17.63171,16.83452,14.19293,12.63791,16.81138,18.55373,18.81464,17.23539,18.17825,16.91825,14.90612,18.67982,18.82593,18.34104,18.67759,17.9401,16.74368,17.3621,17.61937,15.85797,13.39496,17.66276,19.03511,19.42253,19.66939,18.9587,18.44635,18.20734,15.61834,15.49869,16.25455,17.27706,17.58127,15.17004,16.83428,16.9112,18.07238,16.83078,16.33202,18.00089,17.60563,15.63199,13.78815,13.33098,17.65926,19.77015,19.5383,16.88849,17.79206,13.69212,15.47276,16.82643,17.99185,18.7641,18.12523,18.0967,15.73413,17.48769,18.75514,17.78203,16.22268,17.62316,18.81478,17.54606,17.63816,18.20393,17.44797,15.19041,17.81811,16.63687,17.71081,17.42551,16.00225,14.62953,16.24982,17.10371,16.93884,17.04638,16.58997,15.20245,17.21841,15.00883,18.28908,17.98354,16.92787,17.32995,17.21071,16.90686,16.89002,16.15518,16.13683,17.32761,17.57659,17.12561,16.7902,15.98683,14.48945,16.68481,16.50695,14.31565,15.75205,16.49006,17.2158,17.24687,16.59928,13.95228,14.7611,15.3344,15.60677,14.9362,16.27004,16.89285,15.93305,14.59093,14.46308,14.76148,14.07214,14.33138,14.22358,15.02069,14.39296,12.46463,13.72463,13.59409
dcl,11.74924,7.87617,14.49324,15.56211,13.29932,12.59449,16.81714,16.95031,13.31655,10.10432,13.23307,12.56955,9.72693,10.63576,12.14917,10.74278,5.12085,8.17852,11.08286,8.36096,7.7684,7.79032,8.23753,7.72462,7.00444,8.05513,7.8513,5.75767,6.03399,8.13418,7.28146,5.10808,5.41416,8.99119,7.46945,7.71288,6.35999,6.77905,7.82762,6.73628,6.39128,6.39186,7.93368,5.50794,8.69823,8.10656,6.03199,9.45706,10.70791,9.20305,5.52738,9.44617,10.73208,6.56537,7.58876,6.06637,6.44794,6.15292,5.58557,7.62619,8.21948,7.01471,6.7178,7.51785,7.41956,6.59269,6.43631,7.96247,7.09064,6.10971,6.47952,8.88377,5.85008,7.63055,7.12493,9.1073,7.71993,5.3161,6.57446,6.8619,6.47066,5.85245,8.82101,6.23359,6.69221,7.90183,6.97789,6.56381,6.72966,5.91756,6.75678,5.6403,4.04337,4.49272,5.99714,5.15515,6.22668,7.85532,6.85868,3.93515,4.45735,4.02817,4.01074,5.95561,6.67012,7.5946,5.29279,3.87138,6.08892,5.48457,5.52017,6.88298,8.24545,7.31479,3.68164,4.66951,5.77983,6.48991,2.39364,5.16656,5.12429,4.92555,4.45401,4.4483,6.34516,4.63942,5.81842,6.47351,3.06138,6.05115,6.16485,1.71896,5.43113,7.25366,7.05076,6.30624,5.73442,4.26951,6.19053,6.29176,2.91222,5.73457,5.10777,5.97309,5.59357,4.20942,5.71842,4.97295,4.99458,3.85443,4.64986,5.73205,7.46307,7.60645,6.12338,4.79504,3.84961,3.61698,1.68856,2.58994,5.24135,2.6258,5.40668,6.19684,4.26486,3.72639,5.7549,3.01545,5.48124,3.63046,4.42249,5.59191,6.13793,3.95502,4.6236,5.19951,6.12956,4.88098,3.95223,4.5109,5.2392,5.59358,5.20416,5.52383,5.14837,4.66439,5.78805,6.44659,5.6944,6.46283,6.49619,6.13504,6.02277,5.70803,4.80051,3.57916,4.69445,5.71265,6.68575,3.77644,5.94766,5.33191,4.27395,5.27982,5.76919,5.87536,4.96939,5.13347,4.33694,5.10616,5.75018,4.2145,5.7671,5.68459,5.46709,4.96432,5.97668,5.57757,4.7531,4.96221,5.0941,6.24459,6.42181,4.92641,4.18335,5.32069,6.81514,6.53839,5.60273,3.22268,5.35438,4.29894,4.35597,6.30568,5.21449,5.54409,6.87817,6.475,5.26901,3.42693,5.21256,6.70199,4.67559,6.7562,6.9972,5.42786,3.64626,5.18099,3.84534,5.62797,6.30131,4.82101,2.27435,5.14484,6.85199,7.33083
sh,12.787,10.38592,10.02926,12.9339,11.73849,12.24696,11.42305,12.81965,13.23725,12.48436,13.5039,12.53946,11.98593,12.84779,12.70476,10.80925,12.62716,14.28295,13.64674,12.88962,11.78411,12.78957,15.05917,14.76719,13.86456,13.38846,12.32972,11.97199,13.49124,12.56111,13.56344,15.19972,14.22723,13.70891,14.59331,14.39779,12.75476,11.00438,13.50822,14.77606,14.31379,13.93957,14.54403,14.80677,15.47253,14.73306,13.35526,15.84446,14.88337,15.14509,15.98259,16.10244,16.54982,16.81228,16.41025,15.54235,15.81515,16.2404,16.32943,16.47742,14.3545,12.97457,16.91397,19.01749,19.08914,17.24073,14.67454,16.201,15.40364,16.60602,15.79062,15.95863,16.39423,16.92384,16.91216,16.73441,15.83672,16.55327,17.01049,18.03644,18.09584,18.1699,18.10493,17.65003,18.70845,19.99899,19.46237,18.60383,17.63026,16.08886,15.41864,14.63285,13.40113,14.29174,13.40375,10.83396,11.82857,14.07842,16.81294,16.83369,17.49727,17.69186,14.71566,16.51537,16.96635,17.82266,15.80415,18.14341,18.37533,20.12151,21.12918,20.53931,20.61431,19.07637,17.98188,18.21546,19.62165,18.3871,19.82159,20.69247,19.44023,18.66777,17.25802,16.77378,16.52149,17.78586,17.33368,18.62358,19.43733,18.92689,19.26187,19.05815,16.05959,17.43334,17.47606,18.30062,16.4642,18.2333,19.1883,18.09088,16.25114,18.38379,17.73958,16.90051,19.34482,18.36784,14.02576,17.2342,16.5485,17.10889,16.39853,15.96537,16.31534,17.23511,17.57761,16.99865,17.20093,14.62042,15.30668,17.53586,18.36496,18.32356,18.47249,17.47843,16.629,16.14774,16.16836,10.66803,17.55203,17.3747,14.90514,14.89267,16.15885,15.12302,16.94262,17.41686,14.67007,15.06982,16.29301,17.12641,15.61153,15.10479,16.66694,16.61894,15.26433,16.20821,15.76441,16.59631,16.5249,17.08988,15.96994,17.36992,18.14985,17.66589,17.91443,16.56121,15.45878,14.87592,17.89015,17.21856,13.94191,16.88885,17.51018,17.0048,17.57067,17.41238,15.88256,16.73232,16.20405,16.36486,17.2379,17.00605,17.30104,14.91324,16.66599,17.6306,17.35621,16.60303,16.81539,16.85286,16.36221,14.68511,14.81459,16.32611,17.46184,17.65295,16.07181,12.44529,16.10675,15.84079,16.08329,15.18018,15.51998,14.74982,16.07989,15.532,13.89106,16.56897,16.45583,14.66335,14.09424,13.85883,14.73002,14.68678,15.46655,14.22402,14.77885,16.53594,16.38867,16.04963,15.74004,15.83287,15.90959,15.40517,14.67156,14.60944
dcl,7.79849,8.15466,13.89735,14.40603,11.32717,13.14927,15.87594,15.13731,9.30539,11.54169,12.68465,10.71857,8.10846,11.20473,11.77205,10.83448,8.86813,10.67506,8.96144,9.32348,8.38782,8.55541,8.02882,7.85557,8.31809,8.62373,6.82011,8.48195,7.26106,8.23801,6.51496,8.61995,8.20087,6.04904,6.73075,7.67157,8.66906,8.24588,5.72776,7.17048,6.49376,8.52073,7.6711,6.98759,6.66606,7.54588,8.82383,8.88684,8.5023,7.77817,9.01079,9.1147,7.97849,6.62524,10.1305,10.92466,10.34834,10.37926,11.82156,12.16545,8.22947,10.53118,10.54992,11.04249,8.3724,8.29771,8.43704,8.49931,7.25905,6.25353,8.67545,6.75262,7.50824,9.03395,8.71424,6.89143,6.97608,7.54514,7.67449,7.32466,9.12318,7.97402,6.99167,9.53932,10.41739,10.72915,10.11314,8.09086,7.67049,8.00373,6.73629,6.80178,7.05549,6.67823,7.29,4.55545,5.74567,3.2951,6.03562,6.34649,6.43332,2.2078,7.79325,8.53519,8.2327,5.62551,7.352,6.83124,5.85572,3.79616,5.51293,4.35165,7.1941,3.88851,7.40645,6.45245,4.7303,3.36833,6.25259,6.73462,7.38267,6.52635,8.02001,8.84823,7.36055,6.36959,4.96796,5.03697,6.61838,6.49551,2.98965,6.351,5.9506,5.58723,7.34597,5.36019,5.61252,6.39277,4.47404,6.35928,4.41483,4.39748,5.29815,4.82596,6.13543,5.42485,4.95701,4.11164,4.5923,5.56488,4.56011,6.64149,6.94119,6.78593,6.88736,6.07998,5.08513,5.55406,3.50955,4.81549,4.0608,6.25638,4.7296,2.99979,6.53287,7.06304,5.44708,2.42032,6.3977,4.93044,5.94256,7.22295,6.5263,4.791,5.06794,4.97157,5.92361,6.20652,5.61304,6.81005,6.75346,7.10434,7.54821,6.6306,4.17056,6.15344,7.28585,2.50703,6.50137,6.9838,6.61603,3.93403,4.28618,5.71032,5.97343,4.52075,5.17674,3.61405,5.00801,5.29918,4.81198,6.57695,5.32084,6.54548,5.5345,5.78052,5.80459,5.20973,6.02134,5.07969,6.07933,5.3285,3.81808,5.27643,5.92599,6.30913,4.316,6.00954,5.20243,3.26952,5.91931,6.40412,5.24014,6.03062,6.93532,6.98101,5.8456,6.08051,6.34521,6.24472,3.76028,6.57644,7.18098,2.91375,5.64455,4.85773,2.67007,5.9616,6.82433,5.25333,5.03504,6.05267,6.36614,4.588,6.39346,3.58052,6.80616,5.66011,5.76037,5.37198,6.62051,5.95865,5.88269,6.25618,6.37287,6.51327
dcl,10.67135,10.80094,13.82625,13.45183,10.52171,14.09136,14.53152,11.73492,12.48118,14.45607,13.2927,10.63508,12.67955,12.38345,10.29398,10.81073,10.96578,7.24538,8.63311,9.79304,9.07068,7.03018,7.43389,7.97954,8.09195,8.85,8.59811,6.53048,5.96985,8.60063,8.49363,7.69035,8.64045,7.80292,6.92335,7.76478,8.71596,8.47612,8.89696,9.76809,9.00184,8.92555,10.12002,10.36892,10.24417,10.49427,11.70116,11.5283,8.76647,11.78199,11.12156,10.18909,8.49846,10.67916,10.31363,8.64974,8.53674,7.56995,8.44717,8.39812,7.15969,7.04102,7.29875,6.30291,5.79578,4.76391,4.86478,2.84437,4.56297,5.85061,5.63782,5.4593,4.12289,5.99608,7.07316,7.44371,8.63807,8.55843,7.68021,6.80618,3.97748,3.95095,6.7256,7.72444,3.77052,6.20791,6.14938,3.54076,5.96852,5.34261,5.26151,4.47246,5.90112,7.33719,6.20804,6.94572,6.75989,6.6782,6.2283,4.97687,5.97966,6.03324,6.01447,5.48513,6.54923,7.1175,5.22158,6.9856,5.32475,5.9224,2.59977,6.73585,6.89933,6.38542,5.11539,4.02961,6.65284,6.92144,6.32627,6.53432,5.96658,6.27972,6.1391,6.148,6.22195,3.74368,3.02176,5.16895,6.71039,6.55468,5.87046,6.70574,7.19174,5.73193,3.54666,3.49013,5.88528,5.93267,5.84064,5.12416,5.34332,6.15848,6.55187,5.20985,-0.99995,3.25851,5.28135,5.42739,7.05421,7.76618,7.33677,5.76187,5.4893,5.45385,2.87314,4.6206,3.78173,4.69,5.85022,5.76578,4.49698,5.08543,6.17962,6.43925,6.50243,6.29077,2.34235,5.37107,4.58601,5.01972,5.24044,5.54792,3.988,1.4242,3.40372,2.51554,5.24212,6.08903,4.13795,5.34546,5.41636,4.61957,5.05425,5.42066,5.48908,5.2221,4.89238,4.88082,4.16615,5.74901,4.50913,5.22246,4.33438,4.36216,-0.01122,5.25507,5.88661,5.39154,5.62911,6.3823,6.1426,4.27516,3.41966,4.28275,6.54034,6.23857,2.37051,5.24502,4.88725,3.77578,1.98261,5.77747,2.61867,5.21829,4.23256,4.60034,4.89169,5.67159,5.93887,6.33797,5.96023,5.17317,5.07567,4.91299,6.25768,5.95451,5.08328,4.85163,4.86411,6.29415,7.16768,6.57005,5.29366,4.62564,-0.02148,3.66674,5.54046,5.56658,5.41489,5.58901,3.23046,5.82609,5.26098,5.56887,5.03073,5.80165,7.23408,6.89222,4.60626,6.21512,6.13744,6.8778,7.35539,5.99191,2.13589,6.28977
ao,8.76719,13.01932,16.74791,16.58032,13.0825,16.79533,18.14275,16.33151,14.04586,17.54166,17.2918,14.83507,18.67199,19.75618,18.24836,18.82176,21.23405,20.4053,19.11454,20.57396,21.16643,19.07869,18.99443,19.96112,19.25098,18.33505,20.63747,20.66891,19.70857,20.31162,21.16706,19.34306,18.85943,17.36824,17.88503,16.38063,15.59487,15.82169,14.90195,12.33604,14.22687,14.67736,13.93344,12.96149,13.4848,13.17665,10.24303,12.70026,13.25033,12.95977,11.34544,11.96495,12.28302,9.61324,11.73771,12.14498,11.82249,10.68526,11.44336,11.83143,9.57079,11.43629,11.66933,12.34072,10.44376,10.90472,11.57892,10.41925,11.18556,12.28369,12.31901,10.53078,12.46126,13.13057,12.26662,12.77128,13.46948,13.18998,11.93873,13.84115,14.09435,12.25112,12.97471,15.00046,14.08554,10.28605,14.74223,15.10059,12.24433,11.67345,14.63233,13.76126,11.75677,13.33574,12.7382,10.41117,11.00706,11.95922,10.9012,8.90201,11.74392,10.91448,8.47269,9.81212,10.23046,9.01907,8.14268,9.83726,8.27824,9.00762,9.89268,9.76505,10.6419,11.39421,12.01931,11.90707,11.1505,10.61588,10.68295,10.44293,10.16169,10.79138,9.74961,7.48484,7.26778,8.38513,7.6072,8.34481,6.47439,8.54894,6.23887,8.15487,4.60967,4.98189,7.57942,0.75612,8.07452,8.49407,7.51066,7.54699,5.52407,8.46651,8.7251,9.51504,9.01974,10.1881,10.92852,8.56319,11.06473,7.72358,12.4257,12.48733,11.61809,13.028,11.89838,9.97868,9.42017,11.99952,12.98527,12.88401,14.07781,13.44494,11.52067,12.07239,13.05298,13.00905,12.51505,13.45873,11.88903,9.30548,8.90339,11.16827,11.84625,12.61147,12.75649,10.71471,10.67364,10.78575,10.27402,10.07408,12.39224,11.99629,9.59601,10.96647,10.74953,6.55203,7.63921,10.05807,9.74538,8.99489,10.26647,9.96075,9.10694,7.5214,7.87367,7.01935,7.41754,7.82743,8.22176,8.30648,7.16894,7.35798,7.17352,5.50299,8.38059,7.51846,7.3062,7.19004,8.53215,6.54606,6.97257,8.67219,7.32762,6.36103,8.93369,9.60191,8.39516,8.75686,9.74533,9.60716,7.99966,8.21323,7.84151,7.86845,8.41562,7.10402,7.85529,6.32481,6.43541,7.87641,7.41104,7.26203,4.84196,7.99425,7.78604,8.81866,9.25683,6.39027,5.35342,8.56427,7.6759,8.71239,6.98966,8.86295,8.11842,5.40275,9.63224,9.56995,9.2686,8.01256,9.85623,9.24511,5.50467,9.94559,9.45359,8.48223
ao,11.15532,16.29429,17.98383,16.2815,17.75027,19.46045,17.78255,16.3301,18.18222,16.51385,17.78403,19.6018,17.97317,17.61437,19.61006,18.08758,20.41211,22.19137,20.45968,21.49869,23.1273,21.28141,20.17639,21.85275,20.49599,19.45975,21.42597,19.92341,20.44796,21.89361,19.74749,20.46798,21.19173,19.00494,15.73603,18.47677,17.26019,16.34979,17.77537,16.28952,14.53927,16.12084,15.28168,14.7206,16.05019,14.80407,13.71796,15.19416,14.03476,13.40492,14.81135,13.61865,11.59005,13.85413,12.57438,11.84987,13.51706,12.71706,10.24426,13.14371,11.82435,11.80212,13.31774,12.31428,9.74007,13.15065,12.07295,11.93989,13.47564,12.46547,10.87388,12.67361,11.78413,11.45153,13.10966,12.23453,11.5186,13.72488,13.07394,12.96649,14.74891,13.79194,13.47741,15.81224,15.48436,13.87793,16.25238,16.33855,14.14923,15.30868,15.43747,13.62951,14.83158,14.82205,13.66121,14.34278,14.29766,13.025,13.51751,13.8749,12.37135,12.8549,13.20777,11.79561,13.24652,13.57045,12.35002,13.5483,13.69987,12.48773,14.25432,14.33987,13.41397,14.87781,14.7652,13.79886,15.51551,15.35419,14.35041,15.69537,15.14683,14.71708,15.94647,15.33864,13.22335,14.2188,13.76658,11.93824,12.16188,11.92831,9.20678,10.39957,10.65236,9.78297,8.74546,9.38312,7.688,7.82705,9.77776,10.65965,10.76895,10.69104,11.60231,12.24491,12.38159,11.93281,11.23897,11.18946,8.36015,10.91006,11.45362,10.4176,9.45994,10.0603,8.4013,10.48415,10.80401,10.13663,9.25867,9.88107,6.82751,10.0862,11.34962,10.12335,7.51449,8.72092,7.70422,6.75145,7.96763,7.3399,8.98012,7.92357,6.47359,3.89781,7.90859,8.55626,6.58453,6.03812,7.41683,5.16856,7.49269,6.32508,3.91911,5.87328,6.42823,7.68237,8.20749,8.36512,7.36904,8.15168,10.04485,7.52639,9.95536,10.78151,9.59402,9.94963,11.54259,10.38884,10.70211,10.94976,9.95699,10.80981,11.90729,10.78321,11.71064,11.85886,10.85943,12.33122,12.60813,11.67399,13.06332,12.40786,12.53697,13.73203,12.88022,12.26912,12.45329,9.20143,10.24386,11.4289,10.84503,9.45667,10.62855,6.82649,5.73949,9.28584,8.68891,6.08617,9.38062,8.84272,8.76973,9.66331,9.97269,8.7031,9.13922,9.21844,9.15333,8.94262,10.11663,9.17867,6.58126,10.12707,9.78925,9.63119,9.43782,8.3213,7.82552,7.82402,8.39812,7.39039,10.36199,10.07896,9.30901,10.43132,9.81102,5.41873
dcl,9.68582,9.50861,13.68008,13.4389,10.86139,14.47712,15.36657,12.86398,11.83786,12.79813,12.2647,9.56404,11.05923,11.22303,8.99633,9.74504,11.50272,10.30744,8.90717,11.23361,10.78763,8.53534,9.94048,9.77699,5.85689,7.14097,5.6074,5.18442,6.60931,6.44939,6.4406,6.87956,8.07412,8.31785,7.47521,5.20802,5.68543,7.44503,7.49586,6.3845,6.51958,7.04624,4.15458,7.00307,7.73261,7.31901,6.4493,6.22769,4.04879,7.50152,8.39436,6.94367,6.69529,8.60362,8.3781,8.48651,10.26252,10.23602,7.6121,8.01277,4.83566,6.51377,7.15461,4.58143,4.88585,6.97271,6.67258,6.44714,6.6835,4.81389,4.03218,2.88446,6.12378,4.59725,4.75121,6.43197,7.61693,7.58359,6.15723,8.16411,8.68916,7.19549,8.29567,9.55665,7.54505,3.90665,6.37822,4.119,5.08397,4.98036,4.40574,5.00204,5.98428,7.00264,4.72234,6.75413,4.62222,7.04476,4.19047,5.68185,6.58561,6.38014,6.82702,8.24973,7.49879,6.63494,6.0496,6.209,7.79786,6.65306,5.10971,6.09338,6.98455,4.60739,5.52323,5.98161,5.18443,7.78309,7.16133,6.64128,6.27173,7.43884,7.69255,6.86378,3.09778,6.11171,6.19019,8.06861,5.36779,7.68799,6.10205,7.00182,5.02568,4.2677,5.85024,4.87009,5.90913,6.0106,3.45174,6.2646,4.26304,7.19081,7.13124,6.7907,6.77625,5.00283,5.93992,7.18701,3.89967,5.66899,5.92087,6.18054,7.41646,6.70741,4.77884,5.87279,7.81665,8.02992,5.60663,4.79826,4.96948,3.35933,5.87118,5.5825,1.68195,6.88205,7.47565,6.63187,3.87178,4.92935,5.92137,5.97349,4.75948,3.23372,4.69338,6.6338,7.15692,6.25813,4.76441,4.60643,5.822,6.64105,5.85158,5.80658,5.973,6.09746,5.88561,5.75243,5.09162,4.50675,4.53769,6.51502,5.67242,6.31482,7.37823,6.34624,6.79411,6.85671,6.69116,5.35724,5.35895,4.6176,6.22002,4.26767,5.37599,6.08171,5.64452,5.19647,6.52265,4.63767,6.18071,5.7885,2.41568,4.58638,5.72265,4.86751,3.30969,4.86524,5.36242,5.48389,5.8197,6.78881,5.30325,6.14649,6.41313,3.74293,6.47702,3.87848,6.09558,6.4562,4.82448,4.42708,5.69904,6.69345,7.01292,4.97309,5.95397,5.42669,6.38659,5.95372,5.76663,4.92392,3.3753,4.03842,5.41037,5.2766,3.78711,5.35288,5.01335,6.30801,7.20676,7.04982,7.77624,7.31339,6.25198,5.65552
ao,10.01336,10.65984,16.28828,17.26308,14.9417,13.27403,17.94953,18.16363,15.32012,15.92619,19.32994,18.84455,16.57773,18.89652,21.28639,20.24482,18.05261,20.50265,22.22745,20.6225,18.03145,19.3353,20.31698,18.33585,17.80855,21.16958,21.24659,19.06018,18.46114,21.50539,21.15934,18.75667,15.07604,19.06102,17.83559,14.92297,15.25098,17.21574,15.19406,14.04857,15.15888,15.25941,13.92136,12.42497,14.28025,13.67184,13.41524,11.99047,13.65319,13.81649,12.27482,11.28126,13.77624,12.74483,11.31155,11.75437,13.83422,12.11687,12.23942,13.39653,13.15237,12.9044,8.9625,13.97814,13.22178,13.66701,11.44777,13.88557,14.27037,13.75603,14.36214,15.60856,15.47836,15.24746,15.70411,15.83964,14.67138,12.7299,13.15388,13.92253,13.31955,11.50884,13.21773,12.94845,12.38764,8.55421,13.08005,12.53494,12.75214,11.89492,12.59445,12.77229,12.12656,12.54964,12.77751,13.6238,10.20216,13.21722,13.94669,14.52488,13.92578,14.87105,14.60872,14.55368,11.19806,12.43269,12.5641,11.27066,10.20278,10.86215,10.19809,7.14392,7.05574,9.26273,5.28073,7.28984,9.29696,8.22296,9.73617,10.13289,10.89276,12.75895,13.05833,11.97364,11.9535,12.21865,12.34501,11.95808,11.17963,12.5197,11.21615,9.63002,10.07527,10.21932,7.8543,7.25726,9.18772,7.50162,7.97864,8.83508,7.13201,8.79633,7.49755,7.32284,8.60433,8.06864,7.62685,8.66604,9.27412,8.19301,8.19672,9.76979,9.10562,9.33903,9.19725,10.87672,11.46238,8.97691,10.98705,12.11406,12.19221,10.78489,11.78286,13.13797,12.90167,9.83113,11.28217,12.64428,11.13835,9.89797,11.74544,12.81569,10.8941,6.79821,12.69778,13.26593,9.99989,10.5578,13.35022,13.55963,10.96418,12.65612,14.12636,13.29231,10.95254,11.10698,13.31952,11.98872,8.12126,11.49538,12.06145,11.22981,6.69518,10.94534,10.85559,10.29521,8.04207,9.7502,10.10255,8.34218,8.88672,9.18802,9.8501,5.93119,7.52396,8.729,8.76275,6.88303,8.06016,8.19077,7.51861,8.01106,7.32839,7.76036,8.34055,7.34672,6.20809,9.00653,7.41646,9.12587,9.80692,10.13494,8.71963,9.74867,10.81455,9.58473,7.72275,9.36363,10.59408,8.54398,8.49285,8.26551,9.6222,7.20277,6.90226,8.88818,8.48777,8.30318,7.74652,8.65752,6.9671,7.75283,6.5921,8.05908,6.65257,7.58679,8.0292,6.81906,6.44064,7.94711,7.88833,5.81584,7.68015,8.10122,6.9876,7.8838
ao,8.91426,13.92868,17.06096,16.57811,13.43012,17.72207,18.28362,15.63204,17.07533,18.91723,17.43868,16.69142,20.10442,19.80377,14.47182,21.09838,22.25175,20.11331,19.59751,22.04557,20.91934,16.22877,19.95798,19.42286,15.77612,19.25072,20.18908,17.54977,18.10803,21.02744,20.32177,15.14403,20.77286,21.841,20.15735,17.92292,18.71006,14.92398,13.50643,17.09048,15.68764,13.46734,15.41666,15.24994,11.97397,14.02419,15.42696,12.87041,13.21109,15.00463,13.41638,11.87013,14.26742,14.34936,11.3874,13.19723,14.49028,12.28481,12.41499,14.57157,13.58304,11.37237,13.76648,14.01387,10.96965,13.43884,14.78609,13.02502,12.96942,15.34748,14.57993,12.59461,16.32793,16.73981,14.60666,14.46709,16.60088,14.83357,12.87196,15.1029,14.18416,12.51083,13.77536,13.97426,11.29956,12.72206,14.4313,12.84475,12.13132,14.23865,13.33262,11.57953,13.40456,13.83215,12.11616,12.88749,14.40061,13.03113,12.63078,15.02111,14.72791,12.26507,15.14355,15.75035,13.8309,11.08443,13.29147,11.86508,10.95902,13.05194,12.61508,11.48101,13.45835,13.89716,11.98968,10.4297,11.74643,10.41687,8.59992,10.17027,9.97665,8.47646,10.39922,10.80975,9.76881,8.61389,9.9499,9.31473,7.24276,9.09912,8.42549,8.47422,9.76923,10.93931,10.74806,9.36651,10.97641,10.72128,8.14385,9.84221,9.88493,8.47557,8.20922,8.63229,7.32103,7.42925,7.9598,7.26724,5.71974,7.37349,8.0547,7.55308,5.65467,6.98719,6.65135,7.72294,9.37567,8.9874,7.76726,9.59982,9.27714,8.95018,9.11753,9.32118,8.70341,8.10855,8.36201,7.68167,5.2851,9.32391,8.8918,8.8434,9.15453,8.92867,9.02979,7.07208,10.29749,10.62241,9.94044,9.32579,10.18604,10.40814,10.3524,12.27943,12.4103,10.5529,11.72921,12.24194,10.29233,10.55516,10.88745,9.38572,9.35328,10.08403,9.6172,8.07023,9.16802,9.71656,8.68163,6.95668,9.33026,9.01048,5.86261,8.08313,9.31234,8.12871,8.37202,9.49906,9.08903,8.01268,9.27885,8.81445,8.51191,10.40504,10.19228,8.48823,7.66296,8.89125,7.53498,9.16658,10.80439,10.71554,4.91495,11.28326,11.52162,9.38838,11.24566,12.08628,11.28799,6.79197,9.54721,9.25117,8.00857,8.60628,8.29392,7.22747,8.02753,7.03789,6.93483,7.81869,6.95692,6.90081,6.62118,7.06895,2.89259,6.27655,5.50215,5.01374,6.8359,7.60802,6.61452,4.53066,7.61168,8.09332,6.89216,2.5549
ao,11.26378,16.56274,17.60008,16.36211,17.65793,19.07855,16.6771,18.28205,18.98742,17.35301,19.38796,20.3415,18.17039,21.06993,21.44174,20.27452,23.48524,23.2464,17.79285,22.30828,22.08618,18.20691,20.33156,19.86027,19.91287,22.09893,20.78099,19.39298,20.47913,18.98243,17.68678,18.99928,17.80956,15.68979,16.61505,14.24251,13.43648,15.39327,13.10357,14.17774,13.53439,13.38913,12.59515,14.17788,11.74865,12.1942,11.69465,12.01508,12.88536,12.5977,12.43261,11.73353,12.55578,11.18706,11.39545,9.61243,11.21781,9.34337,12.31186,10.25759,9.74137,10.97237,11.43787,9.98806,11.82095,8.66335,11.50233,10.10442,11.43649,10.16792,9.77928,11.03374,11.79028,10.71198,10.64105,6.72831,8.47606,12.39596,12.59956,11.48776,11.35791,12.70456,9.16165,14.09232,14.02761,13.25191,15.67577,16.89314,14.06291,17.07385,17.32767,14.35876,15.59937,15.88881,13.48829,15.3216,13.61745,14.36321,15.53042,14.82996,14.547,16.00418,14.81998,14.98,15.66677,13.88924,13.05226,14.36896,14.64714,14.80626,14.37226,13.7428,13.80654,13.3086,14.27152,15.14316,15.16942,9.20633,14.08873,14.06616,13.53231,13.03437,12.33424,11.43608,12.90482,11.65823,11.94674,12.43913,10.90197,10.99086,12.96675,10.45097,12.57222,13.01428,12.51977,12.6446,12.48935,10.89371,11.13148,13.30683,10.65183,12.12794,10.70555,10.12937,9.41753,7.58346,9.90348,7.73772,8.95906,8.45928,9.74143,7.33805,10.25433,8.96612,9.70215,9.196,12.33312,12.17232,12.19617,13.90808,12.56364,8.59985,12.70682,9.5857,9.61038,8.85627,9.04027,9.21902,9.09607,9.06907,8.9677,8.99878,8.58914,8.78713,7.98124,9.75926,8.51683,8.46146,8.9572,8.26369,9.4904,8.46453,9.21946,8.01753,8.70178,9.13718,8.37453,9.6453,6.72847,9.2112,9.50227,9.02152,8.1261,9.08591,8.51002,9.4675,10.17013,9.02451,11.03564,9.89139,11.44921,9.88249,9.98193,11.63594,10.88084,10.84295,10.40828,10.6988,9.97725,8.53876,9.39086,9.43054,10.10378,9.65351,6.0578,7.68803,9.40778,8.2318,10.24623,7.93296,9.17763,9.76099,5.74501,8.83893,7.89068,8.93385,8.05587,9.38818,4.58799,9.28293,8.8606,8.30249,8.27241,8.64066,8.79594,8.38805,7.91752,8.69398,8.89367,8.97544,6.97707,8.82925,10.14126,7.72795,8.89054,9.64419,9.6902,8.58739,8.55915,9.69038,6.31465,8.90091,9.44282,7.37525,10.3546,8.7003
dcl,8.46294,11.46146,13.70881,12.89084,12.26686,14.90094,14.28789,9.98835,13.71802,13.7912,10.37079,11.22911,10.90758,8.55716,9.3384,9.58238,3.92207,8.0308,10.00271,8.77176,8.67328,9.4248,8.547,6.59196,7.31155,5.83447,5.61619,8.78942,8.43548,7.33631,8.23446,7.47696,6.28026,6.58677,7.31288,6.64461,4.12772,6.90749,8.02461,8.81204,8.55893,7.68579,7.77327,8.12441,8.58627,7.63398,7.90348,7.58682,4.97404,8.07316,8.23154,5.8372,7.60812,8.44578,5.85592,6.04435,8.27893,8.25318,6.90563,6.27519,4.11082,4.67307,7.13097,7.03707,7.36032,6.26712,3.52239,3.10767,6.89491,7.32964,3.09889,7.17633,7.6653,5.69343,7.77699,8.82818,8.33313,6.41118,9.54108,8.90891,6.14497,10.12782,10.2822,9.0656,9.72248,10.17781,9.24876,9.36257,9.45242,8.20177,8.47809,8.99428,8.32937,8.59975,8.78364,8.3327,8.00947,8.07303,6.19408,4.72388,7.39409,5.9149,5.59052,4.1393,7.03614,8.15696,7.71375,4.94847,5.87048,7.20816,6.8188,6.9541,7.0269,6.4391,7.0415,7.06193,7.21246,7.9793,6.08859,5.244,3.49032,3.356,5.75002,6.59788,5.60601,6.17182,4.42793,5.87079,6.04111,5.45949,5.17649,5.36847,6.57648,6.17357,4.6443,6.59854,7.28878,8.01601,7.35978,5.82626,6.17508,4.05003,4.49069,5.20904,5.68763,5.7118,7.04771,8.06569,7.72931,6.337,5.57809,6.1367,6.21576,6.30072,6.10445,6.2903,6.03185,6.47783,7.04394,6.7565,5.57704,4.83427,4.98605,4.18824,5.63296,5.50776,6.92486,5.75903,5.61395,5.1409,3.1862,4.81157,5.3875,5.97449,1.64001,5.426,5.33514,6.34864,6.44201,5.14756,4.83387,2.1765,6.6079,5.46386,6.90508,6.38128,4.60661,5.50225,5.87204,4.11755,5.44209,6.23211,6.28822,5.83508,5.57552,7.55728,7.86083,6.24832,6.14586,6.66497,7.04031,6.61871,4.53555,5.52087,5.8538,5.63287,7.30373,8.09953,7.82769,7.34722,2.45632,6.72931,7.13328,7.75791,7.68839,6.13839,5.45661,3.94353,5.68078,7.0118,7.50186,7.63735,6.98979,7.26257,7.19151,6.89185,7.50889,7.2001,6.52044,4.41055,6.12781,5.67119,5.96585,6.78707,7.21671,7.27105,5.23098,4.33032,6.03515,7.13259,7.1613,6.87265,6.7632,4.47295,6.13835,5.25635,5.99992,7.33354,6.11932,1.49213,6.71477,7.43288,6.91042,6.89713,6.52926,6.55251
sh,9.4608,8.08295,6.85995,6.05352,9.02081,8.92184,8.92028,9.69409,11.33399,10.54869,9.21432,8.35435,10.03036,11.04492,10.26472,10.54819,10.81094,11.30237,10.72786,9.10359,9.85743,10.55188,9.80543,9.0545,10.26799,11.6224,10.96852,10.46821,10.36243,10.97339,10.63062,8.62035,7.68,8.59539,9.93196,9.74425,10.20654,10.41387,9.13921,9.89402,10.39167,11.20879,11.29871,10.0762,8.8146,9.45807,8.80132,8.8962,10.74426,11.26854,10.46803,12.23432,12.32479,11.6983,9.8308,11.39937,11.51071,13.8557,13.07101,10.41389,10.50467,11.74851,9.75592,9.62983,13.31102,13.26414,13.62869,14.76652,15.25134,14.75359,13.34258,14.63467,14.59144,13.80208,13.70994,14.99377,16.10399,17.51871,17.59858,16.53824,15.29012,16.77878,16.41195,18.61665,19.20301,19.13174,18.88857,16.80392,14.80728,14.95137,17.32354,16.62303,17.10525,17.74863,17.0612,15.07394,16.52201,16.95049,16.12148,16.91942,16.97306,16.28504,16.99429,12.70502,17.68666,18.11493,17.328,17.32938,16.87836,17.66654,18.15424,14.33716,18.13587,16.93325,15.5792,15.38398,14.66615,15.30818,17.32573,16.39203,16.37089,17.53759,16.6211,14.36971,13.48092,15.94215,15.48444,14.53386,14.16772,15.82566,15.60894,14.20945,14.78648,14.42571,14.13888,16.1888,16.36031,15.33072,12.72695,12.2841,13.57444,15.56616,16.71198,15.84324,14.81971,15.63104,15.29077,16.32683,17.10644,16.40769,15.41689,15.81925,14.45477,14.46909,15.28307,16.36114,15.9117,16.05126,16.46438,14.03772,12.27793,14.74727,15.52202,13.65225,14.25749,12.5782,13.79606,16.18016,15.83695,15.23328,14.97717,14.43108,13.8401,13.5174,14.51709,14.11615,12.77834,14.39731,14.35718,12.42586,10.67369,13.86692,14.77789,14.44521,15.30991,14.56781,10.69376,14.62923,15.33596,15.6866,15.85038,16.57107,17.08268,16.88943,16.90589,17.0326,16.11771,14.6173,14.97461,15.16191,15.41824,16.49452,15.42496,14.52925,13.12926,14.88908,14.01194,15.40388,14.33609,13.9288,14.96076,12.94297,14.67242,16.30691,16.44363,13.00471,14.97315,15.01004,15.02502,13.99686,13.93836,13.84779,14.20333,14.67321,12.69613,13.85611,13.46634,13.89015,9.90345,11.18193,13.57977,14.23181,14.11328,14.42642,14.33456,9.40952,12.37871,9.98501,11.07317,10.26957,10.00095,11.45683,11.16215,11.36895,11.85565,12.08182,12.38976,10.7768,8.49829,8.2277,8.83026,7.55455,10.98683,8.99215,8.19843,7.01625
iy,7.07216,11.69268,17.65982,18.70438,15.97002,16.40878,20.51615,20.83549,17.54295,19.08467,22.19143,21.64228,16.90313,16.19098,18.65934,17.67558,12.67075,16.41634,18.17242,16.28911,12.07757,15.74101,16.85595,14.63938,11.10979,15.33212,15.39609,12.41894,12.35493,15.43734,14.91194,11.9894,12.65148,14.78908,13.57425,9.00749,13.29139,14.66563,12.95343,10.54963,14.2052,15.0308,12.42176,11.38624,14.69177,14.62045,12.28895,13.0166,15.85299,15.14148,11.16119,14.46648,16.20554,14.88359,13.42383,17.44804,18.22257,15.94284,17.33667,19.61584,18.94508,15.98047,12.58995,17.14056,17.54295,14.98194,15.42945,16.77871,14.62359,13.05065,15.85751,18.25591,17.49399,15.3359,17.71592,17.41193,15.42806,11.69203,16.30396,17.06842,15.3805,13.57343,14.82349,12.66337,12.64202,10.4959,14.89964,14.42645,12.45325,12.79847,13.07576,11.18026,11.3772,13.45047,14.65485,13.24044,11.0501,13.57316,12.17392,11.83327,11.93692,15.55586,15.32807,13.33211,13.14389,15.62672,14.11915,9.68627,11.77096,13.09679,7.30269,9.75355,11.97499,12.4089,13.24759,13.43429,16.05418,15.38608,16.21521,15.79469,16.30104,14.36878,15.69052,14.72717,10.04862,14.79844,14.22901,14.25994,13.67114,12.76793,13.21403,12.2039,13.20613,13.097,12.10614,13.91997,10.66982,12.27994,12.20011,12.81302,12.31118,11.42221,12.05974,13.1442,11.21701,11.3716,11.96282,12.20417,11.81689,10.70604,12.84798,12.88633,11.76175,11.46549,12.6811,12.88869,11.84705,11.82317,14.13472,13.9265,13.16391,14.75958,15.65545,14.72278,13.29558,12.4009,13.47427,12.56049,11.23569,12.12787,11.56559,11.12455,8.48837,9.03711,8.62148,5.49722,7.42649,8.59142,8.76282,7.43541,9.16996,10.07316,9.68938,8.602,10.24852,10.49779,7.544,9.01784,8.5662,8.87652,9.42123,10.13727,11.34686,10.48882,11.05517,10.48459,10.54874,10.03976,9.33895,8.91334,7.22506,5.94426,5.87041,5.8759,8.36289,10.12058,9.92434,10.81023,10.33376,9.96834,10.00197,11.6864,11.50465,10.71892,9.75773,10.29968,9.80218,8.56463,5.86036,9.40308,9.86473,9.40291,8.92092,9.80396,9.10175,7.2262,8.51362,9.83465,8.55701,8.30271,9.00441,9.8893,8.8578,8.66988,8.46222,9.63021,8.42177,9.42635,9.48031,10.81485,11.05103,11.63853,10.82597,10.90998,9.6062,10.84091,9.55305,9.21276,10.64273,9.76681,8.82578,6.13202,8.67888,8.1262,8.07665,5.44483
ao,10.05017,15.07692,17.81388,17.19863,14.47587,18.84955,19.00303,15.64809,18.11114,19.1442,16.64552,18.14407,20.47651,19.19147,18.50816,21.95103,21.59698,17.80536,22.16638,22.77785,19.77556,19.61374,21.08146,19.58203,18.4307,20.79818,19.95556,14.51518,19.26055,18.93973,17.37161,20.55975,20.84399,17.53068,18.82171,19.81757,18.1354,14.18545,17.49823,16.25995,11.7656,14.91346,16.05364,13.05272,12.34839,15.01215,13.18983,11.22251,14.26734,14.07211,11.7109,12.73421,13.59675,13.13519,12.93615,14.70074,13.07429,11.84561,14.97586,14.61707,14.47584,15.68937,16.32504,13.63739,11.88121,14.5484,13.27271,11.74159,13.36997,11.92267,10.50973,12.52212,12.09012,12.55361,10.74681,12.73236,10.26048,11.13549,12.50525,8.68056,12.39066,9.94148,11.62707,10.67752,10.87571,12.43722,9.44105,12.465,11.23633,9.27877,12.16598,10.10268,11.37931,11.9196,11.00974,11.98648,10.93559,10.75804,10.48336,11.28677,10.78395,9.86725,11.40578,11.3082,12.40139,12.10494,12.55637,12.91019,13.54915,13.29464,12.70924,11.31528,13.07302,12.62737,11.82312,6.58962,11.45346,11.5188,10.71817,10.51938,11.81182,9.84724,8.29861,11.28508,10.77163,11.09994,8.86908,11.47873,10.54687,7.61003,11.46946,9.27727,11.65707,9.32834,10.61386,11.79475,10.10935,12.02114,9.78342,12.47046,11.14807,9.84264,12.88375,13.49996,12.36929,12.54616,12.08888,11.6054,11.63773,10.88228,11.46187,7.20786,11.68104,8.71046,8.58981,10.73516,11.38958,9.84147,9.29244,11.33673,10.4775,10.52573,10.42646,11.83705,9.65453,11.06848,10.33183,10.14765,12.57863,10.59998,10.45621,6.65994,11.74026,6.1348,10.5512,9.57265,11.25674,8.39239,7.33123,11.07379,8.5,10.6879,8.61463,10.31125,9.76266,8.15046,10.28498,8.78437,10.07069,10.24362,9.80147,9.66572,9.21298,10.02225,10.01275,9.21837,10.36832,9.03892,9.06408,10.03129,9.6773,10.15349,7.70081,10.60573,9.45361,8.24421,10.19563,8.6992,10.09279,8.96532,9.03476,9.97296,9.3601,9.01319,9.32454,9.62468,9.41858,9.35681,8.84126,10.12028,9.1643,9.15803,10.95898,8.93556,10.55338,10.60358,6.58205,10.74631,9.01453,10.15647,9.46414,8.71373,10.38275,6.57827,10.11648,9.94253,7.58379,10.26171,9.04609,9.43902,9.37428,9.41292,9.24963,9.19717,9.95872,8.79152,9.13209,9.61,9.35433,9.26961,9.28835,9.55247,9.58009,9.28405,9.20817,9.02481
dcl,7.68062,11.87683,14.00851,12.86236,10.13377,12.50512,11.34071,12.04345,13.88809,13.15112,10.11148,11.66464,10.96633,6.84537,7.09192,7.12026,5.98245,7.92282,8.3695,8.35863,6.72491,6.43553,6.37929,7.04401,5.99894,5.77219,6.1654,6.95424,5.3862,4.14139,6.66761,5.5086,7.03753,7.50798,6.74992,6.20755,6.46547,6.71275,5.41551,6.35214,6.49021,3.66423,6.4038,5.62657,6.28351,6.87891,5.74733,7.25658,7.81122,6.55772,5.78577,2.91326,5.85411,4.35703,6.51251,6.14481,5.93253,7.35412,7.05323,3.40865,6.46611,5.22083,5.37673,6.6647,6.38987,3.85723,6.29288,6.44405,4.00591,5.4343,5.82208,6.14348,1.91977,2.9211,5.92348,3.93871,6.83811,7.72806,7.1181,5.80979,3.62274,6.47556,6.87274,5.15359,5.41466,6.221,6.15447,6.80312,8.09853,7.95097,6.80283,6.85216,6.56997,6.7795,5.13089,4.61403,5.82901,5.51742,6.78602,6.21622,5.00628,5.74154,4.97549,6.07121,6.38828,6.25679,6.61675,6.31705,4.66739,6.39941,4.71684,3.56968,4.21699,5.34644,6.98388,7.49048,6.58376,6.93635,5.8099,5.97558,4.37929,3.43716,6.3252,6.29434,5.74123,5.21032,4.43525,5.1545,6.43256,5.31408,5.00979,4.11121,3.8124,4.68393,4.71222,5.14875,6.35163,4.22303,3.97932,3.60838,5.57823,6.78204,5.59239,5.93026,5.17701,3.68642,7.01045,7.84481,7.8815,6.66615,0.46071,3.21571,2.95703,5.46779,5.95443,4.3651,4.38879,6.03649,5.61403,4.32563,5.40686,7.03705,7.06834,6.79218,6.97755,5.72388,5.58727,2.33059,5.71759,2.91291,3.87292,4.70199,2.47545,6.07802,5.73954,6.66183,4.32487,4.94366,5.49152,5.73852,3.78837,6.12084,6.89375,5.95105,5.05543,3.95151,5.54832,7.09905,6.79805,6.40754,6.01498,6.6256,6.27411,4.73759,5.42758,5.32145,4.16592,0.99601,5.32024,5.37916,5.63579,4.31591,5.19327,6.42825,4.9102,5.60794,5.40825,5.97351,6.80558,5.73897,6.57486,5.21536,4.60209,3.08532,3.89338,4.32717,6.97048,6.86874,5.83857,5.51533,5.93943,6.76577,6.48073,5.69269,6.11281,6.89572,6.53335,2.29786,4.16728,-0.22902,4.43373,6.1383,1.76198,7.22203,6.90876,4.34014,5.56586,5.76139,5.88685,5.88694,5.25191,2.07038,5.702,5.448,5.83781,5.15261,4.90797,3.72543,4.45212,6.33082,7.18813,7.23996,6.27126,5.45096,4.61812,6.64807
ao,11.0792,11.25607,17.30368,18.94659,17.07855,8.12642,18.37406,19.8908,18.02776,9.81564,18.40705,19.79476,17.85541,12.13899,19.96445,21.43041,19.35396,9.52739,21.18786,22.58625,20.73244,14.50717,19.24518,20.35812,18.2825,14.10296,19.35671,20.46866,17.85117,13.94007,18.66241,20.47017,19.12988,15.91253,19.70117,21.61975,21.45195,19.85731,18.55254,18.85836,17.27661,16.67347,17.42405,17.85581,15.23604,9.62839,14.95326,15.83776,13.79323,11.08274,15.73721,16.29683,13.35655,11.1677,14.49566,15.17772,11.99214,9.76421,14.99626,15.30609,11.42215,8.20476,14.42543,14.52728,12.3126,11.19432,14.86003,14.80137,12.39781,11.744,15.63163,15.47478,13.7165,12.57742,16.73209,16.45657,12.87729,14.61113,16.51134,15.86174,12.82668,9.63055,14.56897,14.24898,7.9345,11.96139,14.17149,13.51017,9.211,9.40843,13.95182,13.64924,6.33148,10.62049,13.85742,13.06741,10.40498,9.64669,14.25219,13.83459,10.86867,11.69506,14.75232,13.89586,10.83411,13.30636,15.91635,15.76286,10.43338,12.36502,15.54039,15.25341,13.03569,13.00176,14.82804,14.69216,11.62986,8.3404,12.75996,11.6514,8.52855,10.65295,12.44357,11.85448,9.40337,6.24726,10.30691,8.84807,8.56454,9.93433,10.95641,10.99274,7.76603,8.07674,5.41154,9.41818,10.82424,8.59292,6.36631,8.99385,7.52339,6.43173,5.21364,7.78848,6.87255,5.67206,7.23902,5.12349,7.15489,4.46364,7.13234,6.89776,7.03983,7.76851,6.5241,6.51303,4.70933,7.01309,5.3227,3.03552,6.70255,6.44797,3.98257,6.61376,5.69175,4.81101,6.9079,6.3997,6.11158,4.75005,8.23642,6.53475,4.0277,8.38378,5.53977,4.65366,6.54712,5.9572,5.35718,6.23731,7.14292,6.80182,3.6935,4.44083,6.34138,7.98024,6.38082,7.00723,5.40143,5.43341,6.64116,6.78604,1.67882,7.21296,6.01009,7.84229,4.91688,5.96977,5.23099,5.44155,6.62289,4.79782,5.86399,4.20868,7.12283,5.57999,6.63579,4.42678,7.48295,7.52812,7.41671,5.83227,5.26112,5.78526,6.88963,5.59909,5.50149,4.38234,7.59726,5.567,5.78529,7.73144,6.27893,5.62143,7.93633,6.89341,6.90282,5.98994,7.46927,5.73546,6.14075,6.12837,5.52752,7.25501,6.30033,7.95566,6.19431,7.03679,6.18442,3.94652,6.84203,5.58834,6.91123,6.89232,6.06002,7.17761,6.76691,6.47007,6.09004,5.91606,5.16601,4.64672,7.38902,6.80157,5.14606,7.67701
ao,9.82784,16.68607,18.40542,16.79082,17.66844,19.24514,17.46168,16.36221,17.89902,16.10676,18.44816,19.95516,18.0175,19.01613,20.69123,18.83562,20.2382,22.38882,21.25386,20.3202,21.67319,19.98936,19.04265,20.56224,19.27006,19.66105,20.52873,16.11673,19.43938,20.96035,20.13277,19.56065,21.56407,21.60169,19.07042,18.28851,14.44736,18.1339,18.48244,16.89376,15.62223,15.71158,13.27327,14.96454,15.97758,14.60815,12.81066,14.33647,12.60876,14.46898,15.38532,13.69767,12.41889,13.65843,11.93741,13.9326,14.7205,12.90659,10.73224,12.80331,10.81187,13.515,14.22419,12.37891,11.08341,12.17949,9.51217,13.27585,13.81444,11.29588,12.21986,12.4315,11.77305,14.57092,14.6552,13.99181,16.00692,15.60529,13.16638,15.13815,14.78844,11.73484,14.16771,14.37308,11.81276,13.61903,13.44954,7.91146,13.14896,13.50204,10.53486,12.92535,13.0903,7.71583,13.30612,13.50792,10.56445,12.84442,12.91645,8.06202,13.46103,13.92865,11.85953,12.80127,13.6117,8.54722,14.6977,15.39506,13.74553,12.52625,14.24556,13.51483,14.91673,14.72227,13.10663,12.54658,12.00872,11.89554,13.06878,12.45472,10.23944,11.33485,11.48743,9.24412,10.763,10.97944,8.5559,9.7525,9.74899,8.52247,10.41366,10.87963,11.0503,11.91453,11.779,9.17062,11.53805,11.69691,11.46322,12.30694,12.54094,11.85397,10.61877,11.75158,11.85806,11.38647,8.97079,8.43576,9.27278,10.63479,10.6241,10.36958,8.69395,7.3171,8.86425,7.92765,8.40088,8.72312,8.26456,4.99637,7.9734,7.58984,8.08668,6.98985,7.73346,4.55948,5.713,5.92157,5.25979,3.75485,3.52831,6.18522,7.12963,7.17394,7.58471,6.03603,7.04035,4.09756,4.42555,7.30765,6.23034,7.36939,6.40889,6.78747,7.72032,6.91014,6.53306,6.09324,5.64065,4.42133,5.46426,6.15032,4.9877,4.74863,6.59031,5.07532,5.52017,5.91181,4.73774,6.79394,5.47052,5.71931,6.3904,4.89555,6.53283,5.63868,5.55601,6.30579,6.93178,7.3526,7.18612,6.37306,6.94134,5.51185,6.04636,7.00614,7.30942,5.55315,7.54583,7.52254,7.23736,5.24428,6.64198,6.66028,4.95892,5.28773,7.36644,6.9694,7.61823,6.26258,4.48166,6.31831,6.86924,7.1589,7.28509,5.57548,5.87163,6.13562,6.61642,7.95104,7.92808,7.14136,7.95963,6.10146,4.76018,7.36036,7.93827,7.78989,7.31925,7.45174,7.58155,6.80631,5.48301,1.76004,7.23385,6.01687
iy,11.44523,11.90808,16.56035,18.91802,17.7118,12.8497,18.01395,20.77559,20.2265,14.75171,18.00278,21.32863,21.31017,17.17235,14.08341,18.23309,18.64427,14.53523,13.81686,17.49645,18.33584,14.95369,11.70471,16.09978,17.58311,15.36205,11.7393,15.16996,16.76535,14.41347,9.98691,13.82849,16.13589,15.00454,10.90999,13.73903,16.30999,15.46056,10.34536,13.10668,16.03095,15.76761,11.08772,13.97733,17.06855,17.20233,12.2296,15.09617,17.64948,17.99525,13.19366,17.14693,19.5271,19.73086,17.65556,18.33877,20.35434,20.56656,18.62938,16.76022,18.63166,18.82169,16.66693,16.02988,18.43817,19.05516,17.64763,14.44241,15.69058,17.20087,16.03058,13.39774,15.55712,17.37616,17.2384,15.78643,14.13901,16.67182,16.91814,16.33234,13.71718,16.67343,17.51591,16.81287,14.18743,16.01086,16.88135,16.06516,14.19377,16.20691,17.70196,17.20355,15.17748,16.16138,17.90926,17.46532,15.44973,16.04454,18.28912,17.80848,15.8879,15.44387,18.0756,17.62549,15.36896,13.24166,16.59238,16.11711,14.74298,12.49198,14.51689,14.99834,14.26113,11.49535,13.39227,13.76678,13.25988,12.43344,13.97655,15.2631,14.81017,12.88527,12.81185,13.08793,9.76279,9.42403,7.43371,10.51661,6.17586,9.81522,8.7107,9.43788,5.73246,8.88606,8.67518,8.97195,8.27304,8.15711,9.38905,5.23699,9.4031,7.08078,9.3683,7.96589,8.93335,8.01307,7.1798,8.94816,8.37084,7.8712,8.3169,8.54434,8.08573,9.23519,6.54744,9.1585,8.94877,7.30856,8.19718,8.05104,8.31078,7.26967,8.10931,8.23601,8.26739,7.05254,7.58841,8.57434,9.15158,6.57971,9.35886,6.16762,7.2113,9.00086,7.319,8.32789,7.92127,6.94195,8.77953,5.8287,8.04182,7.66205,8.67185,7.70674,7.98678,7.46625,7.20758,8.5751,8.01878,7.2364,6.56199,8.27223,7.4596,7.61687,7.75445,7.84366,6.07373,8.11848,8.57608,7.90464,7.33976,7.8829,7.63383,7.72787,7.44246,7.37804,8.09846,8.25703,6.47433,7.61288,8.59438,6.89014,7.41525,6.95863,8.40553,8.01103,7.4273,6.90113,8.21893,6.29606,8.12476,8.03718,7.26863,8.66479,8.1675,8.20085,7.8813,7.70994,6.85037,8.90298,7.7286,6.554,8.56627,7.93744,8.78217,8.15756,10.0175,10.54546,10.87536,11.00876,11.13034,8.5306,7.9319,8.68263,9.44012,7.33968,7.0381,9.13809,9.76135,6.98029,8.73701,7.83682,10.1482,9.72965,11.16375,11.39172
dcl,8.65708,8.44623,12.76911,15.89331,14.85397,12.19833,11.84104,14.82423,14.97917,10.95856,9.53004,14.07141,15.44157,13.09309,10.42299,12.49628,13.68084,12.09176,9.93365,9.34777,10.43278,9.10059,7.77092,8.86689,9.02849,10.59065,9.05369,8.64645,5.2667,8.96007,9.51986,5.58168,6.87579,7.77662,8.76575,6.34565,6.42889,7.6885,7.65309,8.12147,8.28082,10.27609,8.80478,8.5436,9.58331,10.34808,10.38125,9.02956,9.60596,9.13137,11.28461,10.94948,10.33468,9.25968,11.67848,11.75912,11.1205,10.54282,11.84267,11.96064,7.03184,9.48969,10.06635,9.11727,9.30843,4.7775,7.02429,10.11919,10.37037,9.46334,9.85205,10.76689,10.62431,10.92538,8.83722,10.95539,11.613,11.70915,6.59584,8.852,10.07502,8.14709,9.15959,8.13507,8.7756,9.29138,7.2249,7.77616,8.75257,8.83051,6.63355,6.2841,7.80863,9.78625,8.78638,6.10253,7.13418,9.73379,9.69159,9.26427,7.34808,8.8166,9.75998,9.23767,9.52906,9.37837,9.80831,8.42181,8.26867,8.5907,8.87695,4.71351,6.9814,7.99949,7.38712,5.02196,6.31351,6.5122,4.94978,7.84441,6.11698,6.83939,7.84376,5.06544,6.08914,4.51564,5.53172,5.37061,2.18217,7.28668,7.6472,7.40143,7.36798,4.86679,7.44581,7.04375,5.33498,6.79231,6.80321,7.33323,6.41057,6.68847,5.62842,5.64199,7.06272,4.56787,6.27329,5.11102,7.1981,6.91586,6.94403,6.01115,5.95081,3.67636,5.58947,6.96532,6.77465,5.8709,7.28779,6.36038,5.20509,5.84231,5.97288,5.6646,5.83814,6.82918,7.46264,7.39936,5.69948,5.65198,6.03521,6.47394,6.03578,6.38299,5.9674,7.17027,5.64278,6.09832,6.20001,5.74077,7.13603,5.57475,1.78823,6.35754,6.13205,5.69511,3.982,5.70215,5.16514,6.38715,6.45222,5.92444,5.23688,4.02965,6.17701,4.49309,2.59822,5.6641,6.76257,5.05124,5.80224,7.26853,7.77981,6.42874,5.95374,3.50642,7.26651,7.18304,4.07238,6.61046,6.41429,6.08611,5.01236,3.71583,5.90755,5.4475,4.88217,5.62076,6.27266,6.55796,6.97086,0.309,4.98164,6.39157,6.54144,6.2048,4.93264,2.46226,2.86542,5.91475,5.44555,5.65163,5.85477,5.0244,5.6939,4.10839,5.98513,1.83337,5.05341,4.90751,6.40397,4.75764,7.00239,5.54196,6.87534,5.28055,4.92222,6.00432,4.88427,3.89246,6.27866,6.89244,6.60615,4.6845,5.38672,-0.829
aa,13.10768,15.38937,18.28158,18.22553,10.31723,18.97902,20.09668,17.71181,18.22932,20.53422,19.76318,17.11873,22.23602,22.96997,20.42186,21.59096,24.15351,23.23251,19.21567,21.24589,20.81419,15.22805,19.69339,21.28852,19.49182,17.25791,19.99753,19.4584,16.00229,18.99882,19.72779,16.56474,17.84797,19.88429,18.65404,18.0838,20.75284,20.75313,18.10703,21.63386,22.50594,20.19838,18.59399,21.8756,21.15134,17.44476,19.16707,19.62863,17.28462,16.79104,18.5471,17.82135,15.74344,18.1702,18.73657,14.4153,17.8439,19.46581,17.37413,17.97525,20.32791,19.76245,16.58757,16.5968,18.52811,16.7726,14.28964,16.66994,16.09219,13.17858,14.95924,15.9259,13.57656,13.38974,15.53378,14.21644,13.20351,14.78659,15.06501,12.86316,13.43973,14.8674,13.15096,11.55765,14.4167,14.73763,12.18515,13.15297,14.32984,12.37327,13.87361,15.36953,14.75416,13.58601,15.61064,16.0881,14.26405,11.0968,15.54569,14.95392,14.22954,15.7411,16.16216,14.68179,15.06885,16.56555,15.2331,13.32096,13.7178,13.35367,12.46406,12.64377,14.49945,12.95906,11.33568,11.17678,10.86709,10.93217,12.43822,12.63235,10.54473,9.51975,9.63351,9.65279,10.4321,11.58062,11.91203,5.22822,8.99573,11.10072,9.24113,10.28352,10.11345,9.65764,10.32164,10.15723,10.91456,8.43023,10.57812,11.52751,10.75591,10.26293,11.15267,11.5824,10.7542,11.79009,13.64305,12.16449,11.93206,13.46901,13.78916,12.29629,12.81381,13.15723,10.16015,11.59616,12.38704,11.60438,10.02303,12.26009,12.55998,9.67594,11.50205,12.94969,11.32694,11.69481,13.64667,13.84303,12.80229,13.46979,14.84691,13.413,13.12739,13.92492,13.40585,8.34156,11.43134,12.23882,11.3996,10.15262,11.81713,10.52019,10.25768,10.64637,11.44301,10.74519,9.79673,10.42567,8.89876,10.29757,10.25954,10.65938,10.0354,10.16455,10.13349,10.5402,10.68738,11.16932,10.93707,10.86842,7.93147,10.1003,5.70018,7.65531,7.03463,6.42443,8.31419,6.34797,7.36216,5.93886,7.48588,6.5722,7.55397,7.89627,7.28909,7.10247,7.27702,8.96265,4.30399,7.27657,9.04861,9.56131,6.7367,8.24463,10.14622,8.82623,10.16734,10.10716,12.31711,10.61966,11.1742,11.35984,11.51752,8.7735,10.90277,11.63151,10.90245,11.1455,11.93729,10.89857,10.97948,10.76603,11.62183,10.59608,10.83746,11.34826,11.11784,9.93913,10.18715,9.89554,8.81002,9.16627,9.48546,7.5464,7.92639,8.89529
sh,12.52564,14.36388,14.72638,13.06922,13.77689,15.05375,15.33024,15.25425,10.95097,15.54637,15.66723,14.32807,14.76598,15.18682,13.98044,14.35002,12.13529,12.47965,13.64281,12.67438,14.77146,15.3832,15.03498,15.11225,15.74967,15.54741,13.25938,14.08272,14.23277,13.93241,13.41491,11.39482,13.26497,13.11329,13.37201,14.3828,13.61443,13.57206,12.50988,13.62728,12.58532,9.33349,8.81766,12.91003,13.18682,14.45405,14.72265,10.87618,13.0795,13.64508,13.35546,12.73991,11.44035,13.55262,13.31612,14.62203,13.43427,13.69421,14.41342,13.33476,14.22273,15.25586,15.8664,13.79933,15.42293,14.82588,14.39084,14.2556,15.87543,16.01831,15.55813,16.09109,15.40037,15.81671,15.8531,15.77503,16.30434,17.17233,15.93367,17.48289,17.72492,17.5442,18.45907,16.17828,16.93425,17.70672,18.50288,14.86332,15.64543,14.40373,16.41682,15.97764,15.25224,15.36104,15.54868,15.10598,13.56191,13.00502,14.62687,15.92122,15.79025,14.8473,15.53251,17.36082,18.53604,19.54811,20.0624,19.27294,18.4325,16.44204,12.21649,16.56044,14.55805,16.46223,15.90251,11.99855,15.26482,14.39616,14.29974,14.94181,16.93831,17.78116,18.2431,17.47148,17.20439,17.5353,17.23431,16.16113,15.70453,16.30635,17.4797,17.63494,17.24795,15.38001,15.48111,16.73332,16.56088,15.15479,15.79312,16.36594,16.368,16.60587,14.64716,13.34432,12.96988,15.66065,16.58925,15.57169,14.91382,14.90405,16.16823,15.28414,13.38222,15.64985,15.062,13.63187,12.25891,11.98359,13.77431,14.38859,14.5783,16.0679,15.61145,14.77878,14.28194,14.91542,13.79098,15.67637,14.68741,14.74293,14.01097,14.51459,14.66631,12.2732,13.08726,13.82092,11.34211,12.55228,11.65542,13.48371,13.60116,11.52114,11.97983,12.71408,12.54511,13.40649,14.49925,11.92343,13.80521,13.32115,14.63705,13.54994,13.55105,14.61413,14.29319,13.09102,12.73128,14.71004,12.15152,13.13318,13.14462,13.1887,14.20074,14.8304,14.84041,15.32626,14.97954,14.18293,13.74724,13.2766,14.013,14.791,13.82362,14.8325,15.14834,15.18594,14.70464,14.62903,13.2679,10.63147,11.53599,10.451,15.06569,15.55916,15.32466,15.39204,13.17497,13.49884,13.01697,12.72162,13.12636,11.61897,14.16179,15.06801,13.89518,13.32959,11.77649,11.19191,13.63516,14.08313,13.51054,13.58282,12.94179,13.61104,12.9319,13.20697,13.51436,12.87663,12.42934,13.73,14.14459,12.03795,12.3545,12.15641,14.30585,14.44183
iy,11.80574,10.6625,17.57912,19.21387,17.29511,13.88097,20.57135,21.90539,19.98876,15.16275,19.60726,20.68029,18.53824,13.76239,17.96848,18.88539,16.94873,14.02088,16.237,16.97605,14.61922,12.5945,16.8877,17.95453,15.68931,11.37755,15.4527,15.61397,13.73268,12.95004,15.16089,15.58923,12.87329,12.06225,14.39305,14.74252,11.15445,11.78399,15.42906,15.50458,13.87082,12.22127,15.0533,14.98042,11.75183,13.54566,15.4777,15.90696,13.7899,10.29097,16.31797,15.86403,13.88052,14.57917,17.42466,18.12387,16.27984,15.694,18.07192,19.72205,19.33444,19.40108,18.77649,20.37895,19.7214,18.73383,19.17316,18.93992,13.22833,18.93106,19.20298,19.30145,18.08477,16.8975,18.77371,18.65034,16.12038,18.46027,19.07242,18.06279,13.95981,16.8122,17.0583,14.89892,15.73596,16.93155,16.79088,15.9666,14.04052,16.22155,16.46508,13.92864,15.91657,16.90908,17.17363,16.17889,15.47715,16.99548,17.13143,14.24496,17.40234,18.08919,18.68618,17.66644,18.1945,18.98508,19.6729,18.27485,19.05845,19.32141,19.7454,18.6684,18.25154,18.89662,19.22941,17.67772,17.3634,17.57159,17.55151,16.21926,16.09596,16.78082,16.48719,14.77719,15.46256,15.58559,15.94663,14.58555,15.93665,16.51375,16.13486,13.14574,15.77346,14.71605,14.88841,12.95539,11.37961,11.75386,11.15018,10.45726,11.36529,10.98248,11.54434,8.45105,9.99532,9.8948,8.5686,8.01658,9.3657,9.074,9.15133,6.527,7.97769,7.03684,8.27818,7.20036,6.8071,9.08567,8.66746,7.09867,7.88103,3.42634,6.86977,7.45062,6.18845,8.42982,6.54767,5.9966,8.2254,8.03323,6.59183,9.00718,9.72629,10.38111,10.51429,10.45729,10.33277,9.73124,9.17605,10.22277,9.9096,9.38682,9.1678,9.22911,9.72088,7.67259,7.81047,9.81335,9.95963,9.02187,10.22016,11.22277,11.05131,9.62847,10.28477,11.99141,11.73252,9.95858,9.1333,10.66493,11.20321,9.939,6.0749,11.44895,11.14188,10.53563,9.79461,11.63134,10.70525,10.46901,9.16323,10.87841,10.63093,10.82827,9.72679,10.31097,10.28504,10.46657,9.31588,11.56289,11.5511,11.93855,11.76111,11.55432,8.81998,11.09383,11.33075,11.00646,9.57885,10.23801,9.901,9.81464,7.99098,7.33683,10.45236,10.70023,11.26872,10.55874,10.60109,10.91316,11.44342,11.57813,8.64976,11.86694,12.41286,11.33343,11.32997,13.01698,12.85952,12.40654,10.95864,12.09548,11.24273,12.30153,8.21626,10.92515
iy,10.63887,12.66238,17.71101,18.11981,14.87472,17.43074,20.18561,20.08087,17.81367,16.56624,19.32886,18.59791,15.29975,16.31126,16.7588,15.07402,15.01862,16.10018,16.16854,13.83152,15.169,15.3475,14.88399,14.07404,14.26386,14.30668,13.34917,12.7336,13.42267,13.15932,11.82442,13.96238,13.97962,13.15115,12.42606,13.80495,13.03886,9.81606,14.28507,14.80712,13.80775,11.28254,15.01683,14.63843,13.33657,15.23963,15.48466,12.70909,15.06507,16.17364,15.63475,15.18214,16.23355,16.52102,15.47029,15.28037,16.30108,16.16857,12.5209,14.9108,16.20983,16.60299,15.04489,12.52468,15.76064,16.23191,14.85666,14.37138,16.46096,16.23722,14.63228,12.71391,15.83591,15.24975,13.84844,14.04828,14.3497,13.02053,12.25505,12.63606,13.14056,12.63414,12.87499,12.78906,12.61082,12.05147,12.35218,12.48783,12.22466,12.75455,12.8045,12.65586,11.74739,12.90786,13.07668,12.64483,12.82632,13.70443,13.33486,12.74188,14.34405,14.95144,14.84701,15.03985,15.79349,15.28231,13.90972,14.03773,14.86577,14.51873,13.3754,14.0983,13.88365,12.5778,12.12058,13.96832,13.97789,13.12706,13.69052,14.1314,13.18172,12.60972,14.20551,14.69278,13.71693,12.34514,13.00468,12.24842,10.7232,9.30541,10.59036,8.75008,5.551,8.61247,7.94802,6.50718,5.4628,6.48852,7.19428,6.55731,7.7126,8.69772,8.70927,6.44856,6.26776,7.50983,4.90553,7.375,6.6389,4.70172,6.63702,6.86861,7.40394,5.50393,7.68267,8.01593,4.90255,5.08233,3.78031,6.10016,8.05002,7.51612,6.63978,6.04928,6.06094,7.10924,7.92257,6.32968,6.33907,6.44802,5.48628,4.84318,0.26102,7.65297,5.51101,5.16214,5.70492,6.70216,3.04492,5.1627,8.70667,7.68571,6.85116,7.41871,7.55525,8.09904,8.39958,7.32535,8.85215,8.09023,7.48749,7.67994,8.59383,6.58976,6.82116,8.22221,8.63663,7.41351,7.22688,8.87861,7.9067,8.40399,7.95063,8.97032,8.43417,7.45552,9.93018,10.32297,9.74807,8.14484,6.81842,5.92028,7.51128,8.11257,7.63338,6.77455,7.47133,8.17535,7.37899,7.18297,8.16581,6.64105,8.1207,2.60825,8.81484,8.21602,9.39245,7.45346,8.00832,9.14796,9.27524,9.25623,9.20289,10.4042,10.28621,8.10727,7.51,7.1077,8.46571,10.77914,11.02889,10.55813,8.97976,8.45153,6.45463,8.1102,9.14874,9.53475,9.13717,8.81016,10.13197,9.45358,9.19742,10.46423,10.17379,9.31934
ao,7.18237,14.07131,17.60578,17.46152,13.45171,18.02777,19.27619,17.28449,15.84434,18.75075,18.33573,14.28043,20.1501,21.08913,18.91667,20.11318,22.68224,21.68692,13.80048,21.36687,21.77835,19.16271,19.73143,21.99375,20.81111,14.57602,21.72152,21.88881,19.22802,17.24504,19.97993,17.99682,13.89573,18.09532,17.61915,14.95325,15.54898,16.78192,14.70143,11.24431,16.12169,15.20355,12.70446,14.80345,15.40592,13.45901,11.59998,15.04388,13.9903,10.6906,14.4685,14.64898,12.86961,12.43323,14.6413,13.56041,10.36223,14.43279,14.76421,12.59711,12.48918,15.48875,15.38479,12.98071,14.92891,16.3317,15.55917,14.05607,15.31402,14.20219,12.00093,14.49558,14.08442,11.99291,12.67636,13.70253,11.38767,10.44295,13.33829,12.17304,10.83892,12.6323,12.8097,10.87986,10.71706,12.98819,11.4451,10.30536,12.73732,12.59995,11.44927,11.6319,13.19904,11.66928,9.46332,13.59616,13.23153,12.1573,13.76333,14.64455,13.28684,13.79663,15.94248,15.47122,13.36467,14.46648,14.9173,12.96208,11.43716,14.1481,13.18768,11.32522,12.98164,13.43178,11.19581,10.89571,13.43822,12.01884,10.4608,12.77591,12.78019,10.095,12.12652,13.37712,11.87533,10.05003,13.36722,12.56915,9.44633,13.31504,13.68359,13.18309,10.2825,12.36631,11.91537,8.1939,10.12371,10.40629,8.86219,8.81821,8.59774,9.74379,6.82797,9.68284,10.32488,8.68755,8.36558,9.78378,8.73304,8.85896,7.06921,8.34681,7.1237,7.36803,8.36247,6.361,7.0881,7.32701,6.34822,6.80347,6.83866,8.11694,5.63975,6.79846,7.33999,6.68456,7.23567,7.71165,6.19133,6.11764,7.08502,8.5161,1.11332,7.03213,6.53195,7.43138,6.46158,6.48669,7.05919,6.93752,4.808,7.35709,8.20477,5.25899,7.45502,8.26638,7.82163,8.62907,8.53799,7.58837,9.59866,4.68623,4.60301,8.19626,6.82098,6.25734,8.20567,7.29094,7.16998,5.69135,7.96639,5.5019,6.50376,7.13435,8.04061,9.9751,10.05403,8.20574,10.37114,10.96417,10.47538,8.7434,9.28633,9.07469,8.26638,7.91172,8.57774,7.11224,6.85179,7.89231,4.97226,7.51139,6.52135,5.97348,6.88254,7.30043,7.30035,5.52446,8.0955,6.92768,6.67643,7.98738,7.47451,6.13329,6.90071,6.76412,7.33114,6.82946,7.37158,6.50131,6.30561,7.00639,7.09513,5.59247,8.13936,3.87375,6.84128,7.82949,7.83794,5.72815,4.98761,7.62627,6.96805,7.96338,7.11707,5.70022
aa,11.49087,14.71653,18.18549,17.29037,14.33988,19.36742,19.62382,16.27004,18.31959,19.57513,17.65632,18.39683,20.69582,19.79942,17.67337,21.93734,22.35322,19.0801,22.49586,23.92755,22.01998,20.67233,22.28262,21.09314,17.11696,21.37744,21.61654,17.34461,22.12054,23.28795,21.33001,20.26077,22.47008,22.16964,18.32679,20.42367,19.68129,16.54025,18.31348,18.45851,15.20074,16.00499,17.0824,15.16061,14.94581,16.75155,15.88029,12.44836,14.93588,15.89099,10.89685,14.86721,16.20679,12.83031,12.96015,15.27674,13.73157,12.80539,15.34651,15.05818,11.54186,14.6215,15.35127,11.85643,14.27756,15.9401,13.80348,14.45821,16.80472,16.47008,15.73341,17.21233,18.14819,15.86143,16.09539,16.78036,14.30693,14.04037,15.19606,14.41274,13.11666,14.80247,14.943,9.89722,13.40293,14.48806,11.28757,13.20612,14.66227,13.35877,12.27328,14.11797,13.79272,12.03054,13.79977,14.36163,10.0867,13.70722,15.39831,14.01677,14.13778,15.9809,16.35407,13.43228,15.38447,15.46458,11.76866,12.43147,13.8122,12.11991,12.07628,13.34009,12.93415,10.67085,11.95223,12.76908,10.37372,11.70864,13.14128,11.02636,9.40129,12.04996,10.75198,10.88663,12.01735,13.07689,10.94948,10.23467,11.46031,7.84835,9.97182,11.6687,11.3901,11.13103,11.20444,9.88672,8.78735,9.33547,9.74336,10.38789,10.11322,10.68881,9.41031,9.79529,11.26495,9.69893,9.82648,11.7092,10.24546,11.22002,12.46332,11.94807,10.48976,9.86404,11.77625,8.62694,10.06864,12.17343,11.23244,9.4574,11.56595,12.11891,10.08074,12.61395,13.57766,12.28758,11.74795,12.8325,11.7244,12.91205,13.05526,12.69054,10.52416,9.10054,10.48007,5.29237,9.84796,8.24385,9.12873,8.58736,8.91442,8.02315,9.48368,8.74727,6.653,10.38111,9.82339,10.33856,8.89883,9.37354,9.59876,9.30269,10.55784,11.38338,11.18202,10.20384,11.3574,11.07467,11.77796,10.82282,11.30904,10.49958,10.2262,12.2587,12.47979,11.89977,7.64053,11.73537,8.675,11.80076,12.72754,12.10983,8.1839,11.31567,11.83214,11.20139,12.12104,12.43597,10.71838,10.95299,12.03326,11.19632,10.43335,10.5485,11.37567,9.24665,9.07684,10.54048,7.44062,4.89817,9.99009,9.19744,8.42786,9.564,9.8137,7.1395,8.21643,9.39207,8.00372,9.22828,8.96402,7.49441,8.6579,9.8131,8.09246,9.62972,10.06514,9.62779,10.00032,6.64808,10.59585,9.8632,10.26066,10.47558,8.93168,9.38927
ao,11.9156,10.13305,18.12342,19.03148,16.67244,14.38288,18.93622,19.32879,16.21122,17.77571,21.08814,20.92745,16.45786,20.07936,22.99685,22.49537,18.20723,20.28605,22.12048,20.7284,14.04878,18.50824,19.75948,17.56125,15.06289,20.37275,21.07988,18.03119,17.43384,20.59686,21.28675,19.68972,18.20438,19.45039,19.0967,16.37351,15.06489,16.9417,16.06274,12.81785,12.51598,14.64341,12.72414,11.73321,13.56626,14.74913,12.56719,10.49907,13.30377,12.73884,10.57647,12.51892,13.84812,12.89851,8.45378,12.79697,13.93105,12.41234,7.50399,12.57016,14.34443,11.79952,11.513,14.67542,15.21545,12.48055,12.99756,16.28582,16.36899,13.68096,16.32769,18.3244,17.8517,13.65069,15.23477,16.49368,15.38125,12.99658,13.03475,14.84882,13.49711,11.45606,14.84335,15.36081,13.04556,10.63142,15.13831,15.28898,12.23581,13.50617,15.88077,15.52317,12.60552,10.835,13.19733,10.44628,10.8415,10.33869,11.16907,7.40735,11.45816,11.22,11.62682,9.72599,11.78423,12.40253,12.35471,10.7692,11.92779,12.96828,12.49839,10.13275,10.28,10.56522,8.89006,8.09238,7.67344,9.66819,6.92547,10.00603,11.83401,12.47835,11.7161,10.56877,11.74162,11.80642,10.44011,9.52334,10.49085,11.24276,9.63211,10.34153,12.76318,12.2077,8.67643,11.20349,11.67611,10.89721,8.86317,7.90405,8.10711,9.30473,8.64747,9.16303,5.55376,3.61342,7.73493,8.31711,6.1305,6.52021,8.16823,9.35338,8.35288,9.04919,8.04049,7.67504,8.86733,8.8359,9.44627,7.19807,8.62219,9.46918,7.33109,9.0849,8.78225,10.5285,7.41568,8.8398,9.39733,9.69707,9.83115,7.15698,10.69302,7.73046,10.51803,9.35354,7.99002,8.95346,10.22538,9.61028,9.27477,9.67428,10.66856,10.94334,9.46837,10.76112,10.75796,10.83924,11.25151,11.90048,10.469,9.73523,11.92054,12.01917,10.61115,10.82987,12.16768,11.82528,10.65789,8.82186,7.95664,6.99866,6.45725,8.44483,6.7093,8.62556,8.41289,8.83942,8.07481,8.3296,8.54591,6.69494,8.83634,8.99905,8.7415,8.31174,9.27843,9.99869,9.5617,8.77139,10.46087,9.74621,6.01636,9.87383,10.78349,10.73773,6.67963,9.66687,10.57102,8.58773,8.47114,8.34507,9.60847,8.70904,8.12218,7.77962,8.55242,9.39311,9.56204,8.16561,2.05364,8.21306,8.23462,9.26528,8.40027,6.81982,9.39238,8.62311,7.66039,10.01111,9.51475,9.14305,8.82322,8.87213,8.40421,5.9756
sh,12.02664,11.31156,10.70746,14.45233,14.3648,15.22519,15.92711,15.87948,15.24514,15.88572,16.39515,16.27371,14.84106,12.62806,14.11658,12.26581,13.80529,15.27393,15.62001,14.18858,14.40949,15.45388,15.11407,14.67444,13.82484,12.51611,12.29243,15.01724,15.60518,15.98997,15.84283,15.12438,13.28708,14.0692,15.65559,16.1659,17.16359,16.24381,15.4535,13.3173,13.44659,13.60295,14.76995,15.81359,13.60874,14.75559,15.23688,15.29779,15.22353,14.5338,13.89547,14.79541,13.98578,11.30122,13.52156,14.31808,13.86803,15.18172,14.53063,15.22353,15.22446,14.07584,14.3023,14.25947,14.04671,11.13011,11.92446,14.35388,8.46163,14.23895,13.01183,14.23298,15.3955,12.29569,15.20393,15.31874,13.99417,15.58638,15.83188,15.00195,14.84817,16.00595,17.4152,16.68812,16.86003,16.35723,16.10725,16.60231,16.66166,15.54686,12.88958,11.69171,14.56178,12.32101,13.67608,16.10835,15.14832,16.34831,15.7669,15.1259,15.29795,14.79702,15.97824,18.20381,18.47164,18.39605,19.02042,18.95004,19.56623,18.29725,16.90308,18.40069,20.09015,18.31436,18.49624,19.15687,17.47453,18.25543,13.0905,16.51334,15.57687,8.73546,15.99758,17.73375,15.80577,18.01189,16.82416,15.13492,15.92385,16.57834,16.95735,17.19678,17.44127,16.40803,18.63487,18.59978,18.49118,16.65079,16.16788,16.70015,18.88523,18.61875,16.7748,16.13787,17.81416,16.85229,16.61146,16.61314,17.05907,16.91932,15.29691,17.4639,18.131,17.30258,15.9714,15.92359,16.37247,15.34288,17.12303,13.52122,16.47132,17.6903,17.16603,15.83388,16.46285,15.93528,16.92114,16.37668,16.40001,15.64677,14.99567,15.36828,16.79021,15.38107,15.60965,13.62436,14.38266,15.29701,14.16369,16.66723,15.69365,15.01898,15.19092,15.37163,15.19902,16.37509,16.95934,16.29361,16.12965,15.50586,13.90521,16.98503,16.96212,16.3007,15.74057,15.52586,16.91458,18.19712,17.90317,17.76312,16.21609,14.37898,15.65249,15.00315,15.63224,15.99528,16.60388,14.9681,15.03647,15.79681,16.62902,17.22359,16.92406,15.40226,14.56347,16.32664,15.88441,16.99731,16.90698,16.33078,16.02336,15.49464,14.61593,14.20595,16.56151,16.66381,16.63935,16.65263,15.39252,16.72323,16.94213,16.42779,15.88089,15.94521,15.50143,15.26833,10.78479,15.85091,14.76133,14.1549,14.56196,15.96229,14.85561,14.73749,15.66958,13.65378,14.81803,16.04238,14.1425,12.7518,15.10293,14.81565,11.89306,15.24411,14.49237,14.89051
aa,11.95659,9.89689,16.5613,16.95898,14.19604,15.8136,19.05985,18.58198,13.85496,18.0225,19.8546,18.33874,14.10007,19.64569,20.39022,17.66943,19.25275,22.86144,22.85601,19.03132,21.79311,24.37668,23.56677,18.78512,22.24301,23.38146,20.74074,19.25073,23.45822,24.34574,22.18333,18.75145,22.14379,21.89356,18.99508,18.8809,20.29764,18.4244,15.27329,18.62437,18.802,15.45454,14.94235,17.288,16.2746,10.23535,15.8526,17.25439,15.00007,12.91095,16.46611,16.66336,12.42681,13.60726,16.13657,15.1094,8.72748,15.14248,16.80082,14.49739,12.33988,16.41584,16.72663,13.313,14.16184,17.10489,16.22977,11.98899,16.18212,17.70557,15.58092,14.46818,17.88032,17.84689,14.13023,15.94792,17.88448,16.78403,8.54215,16.07176,17.48263,15.49805,11.05875,16.12071,16.65569,13.42484,14.02133,16.87345,16.35201,11.34832,15.70538,17.52605,15.9484,11.99278,17.18342,17.87921,14.86761,15.95279,18.84189,18.35752,12.84379,18.42069,20.1706,18.71198,15.10957,18.33828,19.071,16.62664,14.2983,17.07735,16.98136,13.28412,13.15406,15.20358,14.11953,8.07031,13.05369,14.01357,11.96687,8.86666,12.0442,12.24116,9.57377,8.55496,11.43661,10.75856,6.14218,10.6798,11.35858,8.81375,8.37166,8.97447,8.32524,7.45895,5.7208,6.9088,5.22973,6.93752,8.53403,8.81797,6.82828,5.72607,10.2683,10.28731,6.71601,8.92992,10.33381,9.28866,8.18084,9.5435,11.04358,9.83191,7.49661,9.98364,10.02738,6.01054,8.18069,10.04858,9.84412,7.1839,6.83352,10.61472,10.21915,5.03693,9.72613,10.97308,9.34728,4.24684,9.74989,10.80614,8.50483,8.64946,10.00573,9.62037,7.2097,8.52549,8.42127,7.61604,6.03442,6.91847,7.9568,7.50761,6.53296,6.07956,6.89654,6.37692,6.23832,6.54213,5.20185,6.03687,6.45147,6.60778,5.37998,6.35352,7.14593,5.59583,5.52951,5.28282,3.69727,6.53504,6.86539,6.54577,3.76778,3.15383,4.3157,4.20497,6.30116,7.1011,7.29705,6.80089,6.23333,5.09734,6.2501,6.70227,8.12395,8.77046,9.8115,8.70418,7.77408,9.36176,10.07421,8.36874,8.96862,9.46469,8.92404,5.79948,9.49309,10.29465,8.6855,7.61177,9.51315,9.34796,6.18425,6.51824,8.00906,6.94067,8.26183,4.46099,4.91793,6.2322,5.47957,6.49325,5.92391,6.42937,3.84623,6.11633,6.95638,8.15564,7.20949,6.71821,6.46385,4.59881,7.7127,7.29672,5.77959,5.93072
sh,9.22147,9.8482,8.54417,11.89399,12.62115,11.3325,12.97481,13.87401,6.00033,14.77883,15.10822,15.14853,15.45145,15.8187,13.67023,14.45244,14.61542,13.57583,15.7403,15.56843,14.61342,14.98577,13.92659,14.4288,15.62635,15.29177,14.77112,15.46808,15.24856,13.70048,14.94026,15.33579,13.05509,15.83032,15.65999,10.94304,14.47338,14.01137,13.62876,13.41041,14.3861,13.90878,12.79235,11.90472,14.23207,15.48085,14.52778,14.31306,13.65118,12.14095,13.45741,14.86421,16.47923,16.71971,14.17283,15.60394,13.20516,15.62352,14.35631,16.38743,15.96684,13.96415,14.63752,16.60633,16.24422,15.49976,15.74784,16.85123,17.49274,17.23965,18.85606,17.60469,18.79024,18.56549,17.53175,19.15857,19.04048,17.09689,18.24361,16.32572,19.05227,19.70826,17.42098,15.79589,16.52544,17.74863,17.15257,16.33515,15.31708,14.62328,11.83837,13.57119,14.93235,13.49178,9.17494,14.80042,14.74839,13.72879,4.97771,16.45426,17.50807,13.5974,17.76067,17.18655,17.17005,15.77448,15.8423,18.85539,18.36055,18.19455,17.7517,18.98105,18.67137,17.73942,17.66161,17.40293,17.06849,16.05063,16.55286,16.8261,17.56951,16.61898,15.76926,17.39888,17.43804,15.55045,16.04238,15.43513,15.47865,15.89449,14.27129,15.83815,17.13474,15.58888,14.30828,14.8143,11.46361,12.65192,14.37072,14.40396,15.1123,15.55869,15.5456,14.99818,16.25879,13.85052,14.37584,15.10349,13.9525,15.15927,16.78084,15.99056,14.01322,15.84986,17.16661,15.81934,14.57174,15.69141,14.80783,15.22941,15.8762,16.58434,15.74127,13.87813,15.44894,16.41603,15.6752,14.79647,15.06614,14.0191,14.02566,14.9889,16.95087,16.68285,14.94301,16.83063,17.27013,15.97366,13.68899,15.48549,16.7407,14.69785,13.95171,14.77649,15.34557,14.10827,12.41661,12.54278,13.96215,15.38943,15.05337,12.90613,14.90468,13.43525,14.85278,15.15087,13.61029,14.63768,15.46085,16.34157,14.45024,12.36207,14.39499,12.74587,13.52643,13.23502,15.47904,15.79913,15.55591,14.79955,14.99147,13.10577,12.73814,14.18686,13.00587,11.88014,13.93212,13.4632,14.20524,14.48093,14.05293,14.51889,12.67278,14.34596,14.98775,13.30168,13.49279,14.0917,15.16564,14.28344,12.53323,10.18307,12.49043,13.71296,14.6189,15.90038,15.0554,14.90151,16.53813,12.74867,14.8281,14.20516,14.02656,11.88095,13.77002,13.47326,14.7558,13.82265,13.61402,15.01575,15.42797,14.79141,13.81669,13.35095,14.3632,14.08954
iy,10.69512,8.12428,16.23341,18.06649,16.46144,9.57019,19.23434,21.19961,19.75934,11.41538,17.82906,19.75758,18.16388,12.19054,16.44202,18.70225,17.50358,5.50398,14.36987,16.68775,15.61524,9.42483,13.54451,16.29865,15.23536,8.01357,13.82801,16.55816,15.94601,8.01981,12.50646,14.81944,13.95995,6.81733,11.99009,15.44688,14.78922,9.84051,12.2046,14.92263,14.53057,10.32755,11.9108,14.76678,14.48839,9.13597,10.93708,15.89711,15.93135,12.08729,12.47768,15.84887,15.67341,13.42459,12.24021,17.5208,18.9049,17.60661,16.92159,17.17132,19.61903,19.21323,17.30954,18.13098,20.62649,19.96375,16.4573,18.0491,19.30273,18.65077,17.43232,17.44404,17.86723,16.69156,14.63818,14.55015,16.21736,14.57393,13.55174,14.45882,14.89168,12.03601,12.50393,13.9878,14.74773,13.01063,11.40284,13.56288,14.46707,9.7452,12.21022,13.38111,14.80686,13.1936,9.32356,12.59781,13.62426,10.55489,11.19585,11.50694,13.64592,11.79874,10.70631,12.13898,12.91211,12.78443,11.10749,11.96983,14.52938,14.56042,11.71347,13.25302,10.283,14.39678,13.93405,13.15469,15.20979,15.20719,11.55058,12.85832,12.57832,13.58313,11.70249,12.83371,13.38016,13.50379,11.86592,12.30139,13.65624,13.64391,11.55447,11.78041,13.07084,13.99744,9.17068,11.85458,11.20608,12.69896,10.28044,9.66092,8.02802,10.26737,8.70449,8.0195,7.18825,5.79502,7.68846,7.1883,7.77938,7.94885,7.35446,7.26588,6.77834,6.20776,7.28543,8.43402,7.62644,7.84608,7.99687,7.12036,5.46671,5.52487,7.59459,6.91782,7.13664,6.85175,6.2223,7.1622,5.41739,6.81105,6.82266,6.1615,3.76982,5.90182,6.82878,7.5143,5.88002,6.90451,7.72855,6.86512,6.78236,7.06104,6.08142,6.86554,5.65888,6.37444,7.4391,7.77816,5.94241,6.21123,6.8087,2.50497,4.9681,4.89684,5.08674,6.73953,5.27152,5.18402,4.93947,5.01793,4.7839,6.36231,5.47734,5.636,5.85054,7.57962,7.50913,6.50811,7.97099,8.17044,4.87725,5.86257,6.42644,8.69551,7.45838,5.84803,8.34166,8.13933,2.46793,6.11753,8.27463,7.68245,7.64165,8.03159,9.11333,9.90105,5.73877,7.04157,9.89408,11.00896,9.76407,7.68382,7.52359,8.85856,7.41982,6.72407,8.00582,7.48376,4.73967,5.25338,6.50793,7.36421,6.82204,4.5531,3.61955,6.29506,7.15664,6.75954,6.33838,4.3294,6.09148,7.88088,7.31566,5.74165,5.48281,4.9593
aa,11.25686,11.5491,16.73195,17.54198,15.07903,14.20648,18.61991,18.7077,15.02963,15.96954,18.92073,18.28958,13.52304,18.17865,20.39123,19.0107,14.58388,20.61198,22.27627,20.53163,16.16521,21.534,22.27472,19.66256,16.41662,19.82015,19.38498,14.55521,18.016,20.45909,19.22765,11.90618,17.76905,19.72592,18.27706,14.66665,19.00632,20.98273,19.67668,15.50878,17.55196,17.64426,14.99098,13.21903,16.39768,15.92898,10.56449,13.66031,14.33128,13.16509,11.59226,12.41291,13.88056,10.68219,10.04479,13.22412,11.31154,10.3019,10.74593,11.66363,10.9356,10.40928,11.89846,12.79364,11.31953,9.01786,11.46324,9.64412,8.96356,8.8995,12.77594,12.1874,9.76904,11.45348,12.3078,9.70134,9.21058,12.66155,13.4294,12.17172,11.78356,14.029,12.19448,11.63903,13.40579,15.335,15.14899,14.60363,12.62722,14.65313,13.81079,10.2632,12.68443,13.14993,13.48249,11.67779,13.42798,14.1203,11.38878,12.06881,12.40289,12.26339,13.34144,11.39436,14.35539,13.78328,11.45206,12.91045,13.36725,14.79527,11.98053,14.28405,15.95193,14.37284,13.46421,14.60646,14.97393,14.60769,7.91848,13.90787,14.00554,11.63999,12.49505,13.56221,13.77041,11.94604,10.78767,13.16442,12.25221,10.24347,12.68914,13.38231,12.67683,10.94119,9.79078,11.41538,10.46119,10.26225,12.02236,11.88169,10.46953,10.32228,9.44124,10.17194,8.02147,11.06224,11.0203,11.18251,9.90786,10.0993,9.54799,9.2707,11.10215,11.78809,12.00199,10.90464,9.70339,9.12738,9.99134,8.79869,11.36352,11.484,12.14206,7.38579,9.62572,9.00859,9.27866,9.37763,9.08904,9.27562,10.10146,8.09759,8.2259,8.06397,6.34797,8.27038,7.10135,8.90888,8.29798,9.97257,8.84729,10.05553,7.57388,9.73439,11.35897,11.23503,9.40606,10.4639,10.10054,9.70854,9.57155,6.04577,9.93767,7.89525,7.8803,9.10892,9.24446,7.67987,8.48652,6.73165,5.33373,7.97574,5.8486,7.74521,7.5464,4.96437,6.66846,7.26058,6.75469,1.05464,6.02411,6.83959,6.78326,6.10204,3.3413,7.01014,6.55019,5.5189,5.7658,6.55323,6.88992,8.23683,8.43388,6.63181,6.97571,5.7335,9.04927,8.37062,8.56867,9.63648,8.54208,6.17971,8.15876,6.18524,7.51516,7.71665,7.87343,8.52675,6.13123,7.68372,4.37092,5.01084,6.05822,5.0012,7.299,2.45598,6.30676,6.51883,5.63347,2.30089,5.12801,8.60947,7.55452,7.00612,8.51378,7.68916
sh,12.8303,12.23055,9.34198,8.35685,10.74562,11.02638,12.2287,10.88145,13.96533,14.17514,13.57087,13.32691,13.10425,11.78105,14.07407,12.857,12.71699,13.99994,14.0472,13.69319,13.32766,11.28349,12.26856,13.13741,13.11878,11.96141,13.90507,13.6321,13.84872,13.4094,11.25512,12.42578,13.21359,12.48367,10.06009,10.73523,11.56606,13.38605,11.5308,12.48978,12.35015,12.54068,11.41152,9.86168,11.9512,14.90086,15.19751,13.06593,14.38155,15.60754,13.4213,15.98512,15.0523,15.12528,15.40302,16.05048,14.8019,17.92192,17.81526,15.98566,15.38075,15.28463,15.08415,13.43632,14.31547,15.1058,15.71129,14.75621,16.84274,16.05974,15.54882,16.04143,16.42481,17.97036,18.53031,16.7347,17.6685,18.92711,18.31197,17.62463,17.41922,16.1153,17.85108,17.64042,16.54379,15.26129,16.30724,14.58808,17.05749,16.83294,16.67652,16.31557,15.60935,17.22462,17.2512,17.24862,15.04563,15.69591,15.76398,16.37721,15.9798,16.92543,16.91783,15.73143,16.36603,14.52671,17.2558,17.76997,16.71695,15.85179,16.5716,16.53033,17.12629,13.75113,17.05629,15.53551,17.44859,17.92433,17.10509,17.33901,16.01475,14.5807,15.28075,16.12552,16.63689,18.32916,18.51835,17.35691,14.34215,16.48078,17.11024,16.76861,17.08551,17.63036,16.66385,14.06901,17.21112,17.30187,15.62977,15.78079,14.88053,15.17012,14.36048,14.51114,15.68961,15.26446,15.02145,16.33272,15.81609,16.14684,15.96021,16.30046,16.45929,15.14326,15.80675,15.50958,14.8101,13.5674,15.60679,15.34708,13.88317,14.66845,16.19197,15.5613,14.08897,15.05792,14.53847,15.73897,15.69505,13.96262,13.97991,14.04328,12.56969,14.02862,15.0723,14.56874,15.10523,14.22331,14.42901,13.63236,14.07237,14.17058,12.1521,13.91852,13.96841,14.04529,13.88642,14.53928,13.99921,14.39348,14.69496,13.9699,13.99876,13.76026,14.3482,14.216,13.09891,13.2472,12.10131,15.38184,15.80847,15.5791,14.60795,13.47397,12.86099,12.83909,13.96348,14.21833,13.18015,15.07955,13.98094,13.55556,11.59843,13.03602,14.23784,12.28782,15.21102,15.42625,12.64345,13.30455,15.11782,15.06573,13.587,14.40399,13.72564,15.47775,14.96599,13.71761,13.84252,13.55806,14.31641,14.16756,13.52557,14.60975,13.53603,12.82193,15.00086,14.75333,14.41209,14.81322,13.82406,13.56349,12.45747,12.95502,12.60646,12.66576,14.19024,14.3024,14.79043,11.8245,12.98445,12.94374,14.1264,15.15273,15.3324,15.4174
aa,13.97354,14.15212,18.08455,18.89422,16.02148,15.6051,20.05044,19.67045,16.44237,18.14349,20.20985,19.54758,13.54617,21.04224,22.52346,20.54979,19.50516,24.06655,24.37491,21.58239,20.63407,23.40015,22.9427,18.07468,20.45143,22.19758,21.10438,17.88739,19.92436,21.18049,19.24264,18.71758,21.75843,22.00115,19.97342,21.03231,23.05745,22.02721,19.90193,20.72645,21.31767,19.69092,14.8022,19.0135,19.47552,16.97185,15.72733,18.2423,18.59134,16.46954,15.12812,18.17377,17.42584,15.15172,17.11808,18.44869,17.483,14.61329,18.08499,18.92849,16.31643,17.99896,20.27989,19.9237,14.23786,20.48582,20.54842,19.59292,18.76678,18.93907,19.05842,17.54476,16.26506,18.40978,18.51594,17.14775,17.23627,18.80025,18.7803,16.95638,18.56918,19.41905,19.08887,16.21841,19.07795,19.42694,18.57077,16.70745,18.55566,18.12115,15.48522,16.23778,16.79828,16.52609,14.17015,16.15882,15.8154,14.68499,9.5533,13.1139,13.72607,12.80841,11.54621,13.09615,12.47709,11.16701,9.47205,11.47958,11.87512,10.06986,10.45081,10.77049,9.76367,8.89008,9.65971,11.05871,9.20986,8.27946,9.73821,7.01648,7.06451,9.89309,7.24519,9.6391,7.9666,7.8439,8.49361,9.42369,6.65233,6.89688,6.7127,7.07941,8.34272,7.32351,9.23881,7.48294,8.23772,9.17849,8.40385,7.17168,9.26732,10.36071,8.41783,9.51248,10.46282,10.30722,9.67567,6.84025,9.83472,10.76862,6.3084,10.68062,11.70627,11.62267,8.65153,9.67672,10.30248,9.38871,7.53285,8.64263,7.55601,7.96052,7.4319,7.06636,9.62841,7.76156,6.61693,6.95785,7.52096,6.09275,3.82578,5.87309,8.05045,3.20474,4.53375,7.61725,2.9288,6.13446,7.25877,5.58011,6.48797,5.30762,6.67058,6.75045,6.90777,6.13038,5.73896,7.43898,5.72751,7.98824,4.17476,7.10214,7.08719,7.24542,3.5497,6.3061,8.24353,6.36682,7.64775,6.76398,4.43855,8.37183,6.1644,5.68596,7.81974,7.94328,5.54576,7.93416,7.10698,7.44953,7.2017,6.72409,7.98912,8.35846,7.37872,5.98939,7.43119,7.17461,6.22971,8.87728,7.0368,4.76857,8.68954,8.6785,8.79333,7.1189,6.39574,9.07584,5.68016,6.27941,8.88306,8.2866,8.40131,8.25649,7.98997,8.55374,5.17193,7.61253,9.28694,6.89791,6.66828,10.3264,8.93461,6.92705,9.85667,10.47543,10.50419,7.51146,10.1152,11.44555,10.30033,6.34734,10.45141,10.27476,9.71823,7.95539
dcl,10.66781,9.45163,12.59927,11.98703,11.20655,13.89672,13.38215,9.69503,13.85859,14.15467,10.05441,11.00371,10.99872,9.32348,8.80081,10.04586,9.60522,8.04058,8.09571,7.36887,5.1314,6.89291,7.40053,5.31854,7.31901,8.04829,5.71233,6.63391,7.32011,5.64229,6.49842,7.16118,7.51211,7.4618,7.86473,6.74436,7.71618,6.27922,8.28023,9.17567,8.25508,8.47886,8.95196,8.40382,8.07307,9.19528,9.96837,9.00768,8.44429,8.47605,6.07858,5.91534,7.40049,7.2043,1.6811,5.84199,4.6495,4.72216,5.97928,6.51865,6.23938,6.95421,6.88075,5.64914,3.49815,5.89423,5.0752,6.09689,4.73775,5.52473,5.15805,7.0054,6.48401,5.06035,3.59215,5.184,4.98694,6.4592,4.61785,5.79978,3.4405,5.60072,6.60188,7.44257,7.35825,6.77378,6.00014,5.4594,5.41779,6.17419,5.51282,5.24592,3.70613,6.11474,4.51519,3.79546,4.32521,5.83304,6.23282,6.70756,7.24661,3.16952,7.36157,7.11329,2.09258,5.98873,4.91363,5.49894,5.00632,3.63168,4.83697,5.21002,5.50306,7.14976,6.98969,6.15051,6.70235,6.9606,4.57753,2.3192,4.27992,4.96036,3.90738,4.67092,5.77006,3.57042,1.74286,5.60529,5.5322,5.55212,4.93754,6.8564,7.32587,6.78439,5.9006,4.81058,4.77115,3.94517,4.29957,4.90453,0.54079,4.81617,6.42937,6.37063,4.32861,6.41292,4.47541,6.4924,6.31452,5.6707,4.30987,0.39666,6.13379,5.72068,3.68413,4.66224,5.6624,5.4615,6.83642,6.11818,5.16128,7.17221,5.99609,5.37889,6.20956,5.77139,5.63469,5.0982,3.52533,4.37229,4.6746,3.47018,3.68511,6.34961,5.46682,3.96713,5.75957,5.89914,5.2566,4.94886,4.41327,4.36122,5.31236,5.79831,5.96608,6.22807,3.71354,3.42916,6.62331,6.35296,5.9714,5.10967,5.38025,5.71171,6.44531,4.42293,5.30617,6.29802,5.67799,6.48651,5.97817,6.36772,6.90521,6.6468,5.19173,4.84226,5.54143,5.75786,6.18378,5.61919,6.00697,5.62527,4.15158,3.15745,5.77031,7.02643,6.75513,5.07149,4.69266,4.07252,4.57178,6.22573,5.75055,3.49802,5.3819,6.05854,6.2922,5.57658,6.91127,4.17665,3.86134,4.18833,4.67658,4.16635,4.64156,6.44301,6.79429,6.25246,6.12021,5.4209,5.49072,1.25006,5.72569,6.44149,6.60781,6.28383,5.78146,5.9082,6.70137,2.792,5.6995,4.38435,4.97212,4.98739,5.22236,1.74233
aa,11.84193,13.61661,18.0249,19.29584,17.19127,12.31259,19.48629,20.27308,17.93505,15.8557,19.86231,20.46997,17.33611,17.05019,21.84927,22.09891,18.78643,19.21446,22.84089,22.86347,19.46833,17.26231,19.75082,18.57567,16.53495,18.78894,21.18074,20.44705,16.91619,17.46449,20.21238,18.97262,14.02259,19.29603,20.8372,19.41341,16.24513,19.11774,20.43446,18.41281,16.04268,18.78443,19.39205,16.30292,13.86428,15.79004,16.44114,14.34275,13.6848,16.70221,16.77917,11.52823,12.96692,15.8623,15.86859,13.30288,14.03249,16.20056,15.70782,10.2391,14.31796,17.12189,16.44523,14.285,15.35383,18.00296,16.80072,13.08392,16.05425,17.38307,16.02194,13.22138,12.32948,15.23447,13.47785,8.5125,14.26227,15.07281,13.2155,9.29909,12.83102,13.95137,12.11055,10.74032,13.9577,13.78933,11.23015,10.69533,13.6199,13.55035,11.71003,11.70111,14.63307,14.19177,11.59454,11.75542,15.24292,15.16032,13.55454,13.21673,15.88782,15.35351,11.41694,15.40072,17.29678,16.24301,14.54019,11.64047,15.47208,14.31162,11.92099,14.48507,15.62549,14.2248,13.0107,13.1182,15.06221,13.32923,11.5736,13.6298,14.28401,11.94464,10.89237,13.05668,12.7637,11.18488,9.16575,11.63092,10.84225,10.12288,8.11035,10.45429,10.33031,9.15479,6.69577,9.74169,9.02036,9.2368,6.64331,10.04096,7.84755,8.08511,9.67712,9.11798,7.80041,9.60326,7.95568,9.72204,8.29748,9.18973,7.02177,8.03256,7.90578,8.10966,8.02813,9.12536,7.61036,7.99543,7.8635,8.35745,6.73701,7.74967,7.48312,9.4315,8.43387,6.44545,9.18881,7.14889,7.93703,8.998,9.43125,9.62531,7.38274,7.86,11.05079,10.25808,8.02106,11.22863,12.53037,12.34396,10.90565,12.44294,13.16298,12.04241,8.71147,10.43508,11.19417,8.04938,7.32412,9.98061,10.28773,7.74093,9.37368,11.16905,10.93576,7.65896,11.25571,13.16416,13.29825,11.76509,9.66487,14.16471,13.93643,10.88353,11.69515,14.34732,14.23475,12.54897,9.44438,12.61082,11.30558,11.64127,9.64509,12.38317,12.27561,10.88228,8.67437,11.25697,10.58651,10.25242,10.59514,11.35475,10.38071,7.01629,9.50955,10.96207,10.24791,9.86224,9.04488,10.63249,9.41222,8.58112,9.87067,9.47358,9.97251,6.55018,8.19092,9.15297,7.49981,7.46916,9.14302,9.11844,7.41381,8.91245,4.66255,7.49281,4.10817,8.28153,7.75823,7.75877,4.82058,6.28688,6.75958,8.84461,6.67923,2.49629
iy,11.21837,11.44451,15.5845,19.07995,18.71877,14.34478,15.09187,20.74668,21.56428,18.97337,12.93698,18.15374,20.52887,19.36065,13.98866,13.53562,18.26305,18.42714,15.26822,11.29678,15.06789,16.82629,15.11544,6.69111,13.17903,16.70585,16.12343,11.57309,9.48153,14.81256,15.57202,13.10853,8.17701,12.48658,14.67044,13.47379,8.63517,10.14128,14.25191,14.53739,11.51307,7.75347,12.46353,13.54224,11.47146,8.23273,11.21758,14.59502,14.44112,11.1908,8.90471,13.64445,14.29563,11.76356,9.91356,12.80024,15.55562,14.91601,10.3719,11.25088,15.50917,16.00776,13.03868,12.29467,14.87797,18.25504,18.29344,16.71454,15.88061,17.28126,18.10211,16.61602,13.22835,15.36791,16.83462,15.54827,12.40705,14.51309,16.91246,17.48032,15.91975,10.63968,14.77651,15.49187,12.66699,11.43598,13.31809,15.62026,15.08827,12.42057,10.82519,13.3883,13.04832,10.21504,10.56641,11.90335,14.20773,13.44224,10.86821,10.09324,13.51412,13.04643,11.63133,9.23444,13.14106,14.01212,12.68363,10.69465,12.77938,15.44061,14.98791,13.68156,11.3156,15.58443,16.73108,15.68976,13.90971,14.51414,16.14547,15.23074,10.30024,12.00672,14.25065,13.55699,9.47324,8.48579,9.77262,10.36496,7.54552,6.16594,7.79293,9.13415,7.73583,4.62196,8.5958,10.39986,10.21963,9.41351,8.0802,9.97259,10.4077,9.2793,8.40395,10.13652,11.58199,11.42483,10.57471,11.34635,12.1834,11.69599,8.27459,10.59787,11.04977,12.6996,12.11752,10.12099,10.69,11.39022,11.77335,10.37691,7.25331,8.66367,11.35784,10.57809,6.8137,9.40864,10.99365,11.31489,10.34477,8.81873,10.1103,11.70181,10.73482,7.32114,9.90985,12.7839,13.15113,11.20726,11.78711,12.97817,13.27121,10.74017,12.4925,9.98463,14.50553,14.22369,10.76773,10.73004,12.08977,11.06638,6.46365,10.41219,10.92639,12.88221,12.35757,8.64516,8.97337,11.73327,10.97076,9.27347,7.84872,12.21854,12.81324,12.31678,10.92335,12.60585,13.571,12.74057,10.59783,10.64116,12.11291,11.56459,10.71043,9.28397,9.24142,9.54682,8.80635,3.00496,8.92237,9.7133,9.03251,7.11503,8.33853,9.10133,9.32337,7.91741,8.11292,8.98034,9.34398,8.35724,8.60981,6.9833,7.9225,8.48278,7.58854,7.27578,7.27802,7.61502,7.36132,8.2489,7.67728,10.03597,9.95836,7.96545,8.27708,9.44576,10.21832,9.66673,8.57257,7.66352,9.65083,9.28761,9.31064,8.78364,8.6057,7.9188
iy,6.43622,11.87238,15.67106,16.1082,11.77254,16.45054,18.84057,17.83882,13.71883,17.81923,18.63924,16.13741,13.75543,16.57799,16.20657,12.12574,12.63365,13.64965,11.88833,10.57707,14.22108,14.14116,10.8536,10.59091,12.52926,10.81635,9.82994,12.456,12.81316,9.66062,9.79519,11.19486,10.20772,7.88667,11.3879,11.90353,9.10832,9.47541,10.57708,9.85436,7.20267,11.46743,11.81811,9.69527,9.52647,9.39199,10.03817,9.59977,9.58102,11.17514,12.36917,12.58066,13.95552,13.90027,13.18822,12.94789,13.67761,13.61505,12.97443,12.21726,13.90728,13.25347,11.7101,10.94129,12.33968,12.02139,7.37201,13.61847,13.68853,12.69242,12.3544,14.69713,14.64404,13.05139,14.17151,14.05553,12.20528,9.28212,9.85708,10.62085,11.29097,11.35264,11.71475,10.25313,9.30014,2.119,8.06819,9.44419,9.90744,9.94111,8.36327,7.34019,5.86267,7.05625,8.06725,10.02009,10.4564,8.61594,8.38244,9.08682,6.7088,8.95102,11.15091,11.43724,9.34288,10.00616,10.58966,9.5377,8.22741,12.25865,12.59161,11.23415,7.83278,12.23594,11.93852,11.29982,11.28718,12.83301,9.32816,10.63932,10.58683,9.32859,10.69435,9.81603,9.40359,7.14408,9.4466,9.38775,9.06134,9.41495,9.10066,6.88749,7.02844,6.62312,8.12035,6.87071,7.01933,8.89277,10.00064,8.63251,9.99858,9.7068,6.17522,5.57047,7.80239,5.26734,7.01855,5.16716,6.76095,6.37479,4.11625,5.37553,6.97773,6.92051,6.82066,6.21622,7.02766,2.88588,7.4807,6.73939,7.05232,5.35244,5.09794,6.81675,6.72827,5.11067,5.85082,6.37083,4.94047,5.17906,4.81495,5.69454,5.39451,1.1233,7.09773,6.82211,7.37871,8.00503,8.00948,5.91183,8.8883,9.18139,6.66743,7.98713,9.08232,9.65919,6.41882,8.72808,7.60139,7.27206,7.47846,7.21468,8.19518,6.03546,7.11819,7.02062,6.68498,5.49797,6.30362,5.96267,6.20596,7.45026,8.43769,6.37933,7.09521,6.59245,4.50523,6.11494,7.50395,5.61807,6.60345,6.65604,7.6235,7.68151,6.75645,5.79331,6.67181,6.6397,5.28837,4.61257,2.70501,5.44432,6.01729,6.83348,6.67518,3.42788,5.00644,3.21605,4.14541,4.18982,5.24691,4.6406,6.29211,5.93559,5.8045,6.62262,5.16297,5.72099,5.3587,6.78878,6.32498,7.29811,6.52135,5.62622,7.31245,7.53337,6.901,6.51919,7.14088,6.45383,4.4673,5.57663,8.38495,7.85804,6.63929,4.34349
dcl,10.1987,4.35343,9.90825,15.26573,16.63317,14.65105,9.28339,7.16393,15.98433,17.26894,15.15439,9.26612,9.34916,13.17773,13.78261,12.11558,9.23999,9.23068,10.76296,10.85726,9.17936,7.43172,7.63281,6.36198,8.17516,4.59305,6.57777,7.59381,8.19626,8.62903,6.61509,6.23349,8.30352,7.42402,7.38375,7.11535,7.41745,4.85682,6.35681,6.93078,7.33004,6.8731,6.19023,6.66364,7.15185,3.48081,7.38241,5.58003,5.70451,6.43775,8.11274,8.20546,8.18945,7.37216,8.38774,8.2258,8.63653,8.12201,7.73565,9.50198,8.90034,9.62439,10.00582,7.03785,8.1076,5.80655,8.7143,7.97031,7.45701,8.24936,7.64362,9.21469,7.51604,8.27396,8.24205,9.09721,9.14641,8.4316,8.7006,10.0887,10.75423,10.47416,9.50084,9.38818,9.49918,8.30091,8.09894,7.92344,7.4145,9.28043,7.29768,7.9485,8.39231,7.94592,9.55782,8.00683,8.7781,9.53335,8.92986,8.72554,9.03285,9.78497,9.59576,9.07741,9.54188,9.46025,10.66073,9.47169,10.21576,8.99983,10.06791,10.2292,9.75764,10.11333,9.92337,9.52597,7.68416,10.13282,7.87929,8.86269,8.39963,8.10541,9.07293,6.67979,8.43421,7.29771,5.53757,8.74106,7.5685,7.96573,8.02976,8.16771,4.78777,4.28657,6.12111,4.86323,7.35139,6.91394,5.40626,7.11403,6.02017,7.31223,5.36335,6.58128,6.74036,5.76127,7.08748,7.15599,7.75429,7.16829,6.74458,6.21425,5.37542,7.14212,2.22366,6.50091,7.60311,5.86994,5.44929,6.66079,7.50423,7.18021,6.42044,6.89413,5.47337,5.21804,5.30678,6.46974,4.51118,5.57833,6.87144,5.81403,5.89779,4.65345,6.9954,6.15243,7.21218,6.40995,6.30639,7.00321,5.34503,3.93618,4.34183,6.28871,7.58376,6.74111,6.67459,6.4579,5.95466,6.38568,7.05044,7.17723,5.33973,4.01673,6.70166,6.75935,6.15769,5.93207,7.3516,3.42778,4.18608,7.20333,7.4431,4.86739,7.24478,5.39441,7.35663,6.38671,7.71688,6.46386,8.2566,7.06836,6.07037,8.09148,3.92917,8.17166,7.08942,8.33912,6.50553,5.73983,8.56556,-1.32553,7.85175,7.39062,7.93422,7.51731,5.72868,7.43659,6.86689,7.00866,7.0487,6.38009,7.74445,6.57791,7.97611,6.80183,6.69151,6.92695,5.46231,8.24731,6.89535,7.93632,7.4326,7.405,7.6084,7.28673,7.13345,7.45108,6.5889,7.538,6.09859,6.85475,6.30143,5.81597,8.15786,5.43551
sh,11.66763,6.73976,9.2065,8.00153,11.15211,10.39128,8.51045,11.32266,13.01017,13.12723,13.55407,13.48467,13.32119,13.8139,13.85221,12.66298,13.14018,14.53204,13.3047,13.27995,12.78005,12.88854,13.22003,15.12697,15.85562,15.92148,13.27056,12.74605,11.66004,11.85968,13.31252,11.04223,12.30332,13.23866,11.45919,12.14891,13.00936,13.7299,15.02169,15.63201,16.52041,16.59425,15.44815,14.11247,16.08583,12.78447,15.1002,17.58283,16.90901,15.77795,16.35362,16.08454,16.97214,17.96257,17.7057,15.88587,12.79362,16.39318,16.80705,14.9932,14.63991,11.27585,14.97235,16.74417,16.20614,15.8662,16.58063,16.66203,15.35302,15.87323,14.48499,14.87425,16.38242,13.07796,14.37592,15.61101,14.91687,15.5126,15.46277,16.28124,15.72323,15.17311,13.24723,15.21634,15.20245,14.09922,13.85821,15.05967,12.55042,15.08889,14.86709,10.85408,13.9548,14.87275,15.26212,15.60371,15.47853,15.08987,16.31704,16.31106,16.91018,17.28471,16.42644,12.88006,15.49999,16.82384,16.88347,16.19965,14.75461,16.23264,16.64351,14.70909,16.18446,16.83054,16.60554,15.63543,14.63358,14.44804,12.75233,11.97025,13.2387,13.47094,14.44608,13.7,15.59464,16.17825,15.6132,12.79258,15.231,14.25598,14.33237,13.90988,14.33709,14.82016,14.82671,12.42584,13.43178,14.45466,14.03034,15.5961,14.07376,14.43352,15.58424,14.23557,12.43329,14.13438,14.30407,15.33583,15.62552,15.37029,14.77006,15.33468,16.04047,14.95971,14.25246,15.46034,14.75102,12.69241,12.37678,13.61482,13.45677,14.23076,15.17401,13.88008,14.07666,14.18471,11.53544,13.55301,14.23124,12.49265,13.24393,11.29423,13.8494,14.95057,15.00525,13.66064,13.60522,14.02334,13.08716,11.00823,14.6415,15.40086,14.70819,13.32354,13.56416,13.85982,11.85758,12.26832,12.40176,13.72259,12.45965,13.07036,12.92532,10.58887,12.39987,11.55316,11.30111,10.60648,12.0235,12.75576,15.207,13.33265,13.63847,12.02835,13.83486,14.16436,13.76417,14.4716,13.552,6.44105,11.11766,13.25353,13.38436,14.20873,13.23619,11.08262,12.67486,14.42439,14.07245,11.03967,13.2352,13.44789,14.98038,15.27185,15.44974,14.3423,14.46835,14.53598,14.33302,14.58736,13.21002,14.75506,15.22428,14.4713,10.2519,13.7874,13.02473,10.98637,12.82383,14.36899,14.07734,10.53392,13.01837,13.51421,13.77077,13.26823,12.0603,12.24873,12.12908,13.29853,14.07939,12.12333,12.07569,13.99752,13.74818,9.82752
sh,10.60646,12.17641,11.78196,13.11528,12.77662,13.48022,13.41395,13.70556,12.28075,14.01774,12.72941,14.50029,14.25657,13.64152,11.804,11.52751,10.84475,13.32999,14.07694,14.03003,13.97535,13.92231,12.09122,14.14757,13.43416,13.37576,13.01604,7.68635,11.9095,13.38651,10.87862,10.57781,12.49105,13.63362,13.85151,12.29651,10.21434,11.3825,12.89148,11.29592,11.37375,8.19497,11.49577,13.05486,13.36903,11.69262,13.38874,11.64186,10.42247,13.99013,14.88523,15.65453,14.59673,14.25157,13.5749,13.00662,13.5007,14.51931,15.23031,14.39009,15.11753,14.80226,13.78489,14.72412,13.87461,13.72828,13.90185,13.41906,14.31654,15.32988,15.32384,16.05952,16.72079,15.42548,15.79053,16.46746,16.00118,15.30365,16.34058,17.29823,15.67772,15.54428,16.07322,16.88566,17.67215,16.6269,18.25881,18.59049,16.52544,15.84521,17.01341,16.31123,18.98091,17.37682,14.40651,16.99862,18.05515,17.58238,18.54341,18.90873,16.726,19.03454,19.6129,19.17097,17.60934,17.80561,18.86754,19.60062,20.14875,19.43137,18.34572,18.01496,16.13999,17.6031,17.67311,15.96052,18.98726,18.57758,16.48664,8.64604,14.74632,17.25549,17.65851,14.85267,17.77044,17.06055,17.17786,16.00499,14.97969,15.22516,16.82899,15.73781,13.42913,16.05723,16.42809,17.0789,16.38748,16.75083,15.66877,16.71625,16.21075,16.36213,17.31014,15.75664,15.55425,14.97426,16.11119,17.12797,16.7599,16.60396,15.37065,15.0352,16.29752,18.02677,17.48137,16.82296,16.38163,16.46745,16.32471,15.56469,14.91902,14.13684,16.14904,15.8877,11.97555,11.86869,15.02966,14.28935,13.78311,15.79189,14.80158,15.71267,14.54468,14.92923,14.85402,16.59049,16.99319,15.45181,14.65024,16.47861,15.61541,11.7491,12.51304,15.21324,15.16093,15.03267,14.64381,15.47243,12.21451,12.56101,15.17051,15.71968,14.53809,15.94688,15.22282,16.05022,15.66365,15.01814,15.82202,16.42741,15.63363,14.02276,15.06896,14.61568,13.90857,12.6183,14.24162,12.28098,14.07042,15.32061,13.60053,15.04344,16.23704,15.99602,15.02603,13.9711,14.23571,14.7255,15.4429,14.74407,15.06649,14.99783,14.01783,15.06358,15.78789,15.04272,14.66648,15.12744,13.60964,14.54216,12.3384,10.27159,12.96414,14.89376,15.16482,13.92801,14.08432,14.53762,14.43381,11.29439,12.15387,11.76692,13.49288,13.96479,13.46302,14.66585,14.27131,12.82871,13.78345,14.08811,14.33966,10.59206,11.07689,12.03992,15.07359,16.56044
dcl,9.93797,13.36904,13.6596,13.45079,15.93769,14.64054,14.84431,15.43429,12.69374,12.84983,12.01519,11.16086,11.69465,9.8458,11.76907,10.42371,10.40858,7.14262,9.51989,9.8841,10.52943,9.98232,9.14365,8.25332,9.37053,9.70184,9.22193,8.79934,7.22273,8.74713,9.59654,8.66592,8.37925,7.02631,9.70642,10.11268,9.43497,8.91715,7.13351,8.89117,10.22877,10.66081,10.07881,8.57354,7.43644,5.51098,7.68227,9.71795,9.80503,9.41905,8.61743,7.72501,8.93174,9.02523,6.05541,7.13363,7.77083,8.08703,8.47458,8.12442,7.83827,7.7677,7.89983,7.95053,6.79796,7.41793,6.62716,6.44066,6.63226,6.73578,7.05493,8.81199,8.70685,7.74434,7.25213,7.16594,7.67274,8.8894,8.57789,6.44011,6.2494,6.58189,5.73205,6.85426,6.08698,5.49592,6.77848,7.37512,5.92232,7.58925,8.11326,7.7524,6.71096,6.97034,5.55952,6.54668,8.66297,8.27663,8.31477,6.5866,7.49521,8.5828,7.19786,5.25512,7.3993,7.0258,4.37772,5.32388,8.22777,8.78489,8.10447,7.64188,4.38572,7.5665,7.28866,5.70581,6.74426,6.08068,6.12317,3.27105,7.48263,7.29521,7.04478,7.7592,6.0313,6.75624,4.80549,6.62443,6.53112,8.33259,8.52432,7.84508,8.55365,7.69357,9.19466,8.48269,8.42779,6.44334,8.02491,5.72217,7.09172,2.69957,7.3919,6.93652,6.08071,6.99548,7.45133,5.98448,7.21057,5.83441,7.96111,8.26533,7.80648,6.12632,4.35632,4.30244,5.9869,4.99254,4.84164,5.87358,4.34905,6.235,7.09012,7.4023,6.88589,5.65005,4.97522,3.0597,5.1027,7.34924,7.06955,1.75467,4.74525,6.80561,7.6755,6.93282,5.52549,6.79138,7.68662,5.65888,7.34166,4.78511,7.05431,5.98221,5.87372,5.71589,6.2565,7.94865,8.2108,6.83878,5.15392,5.79356,7.27158,5.89757,6.32204,7.01224,6.30338,7.09498,7.40458,6.40232,6.67894,6.87791,6.52555,6.40267,6.17795,5.32069,7.51869,8.05824,7.57203,3.33442,4.73894,5.91358,6.05839,6.60146,2.1089,4.92037,6.30797,7.01374,6.65501,6.84635,6.68742,7.54644,7.73391,4.60953,6.28571,5.46908,5.4888,6.83911,6.80603,6.30388,4.7128,6.39458,7.44436,7.58806,7.74421,7.66367,7.21177,7.00747,3.69995,7.12409,7.72737,7.11252,7.14763,7.00908,3.4124,3.08553,5.65711,4.99791,5.3169,6.79512,7.11991,6.53286,6.56343,6.88618,7.15239,8.32256
iy,11.89058,16.12738,16.77581,15.9576,18.66942,18.04693,17.91718,18.96395,16.93968,20.32604,20.21137,14.82346,17.21432,16.29364,16.20464,17.08222,13.84449,16.3458,15.95501,12.92692,15.5903,13.763,15.04747,15.77923,12.47543,14.29488,13.60786,12.07783,14.37388,13.09221,11.71468,12.66247,10.70362,12.58382,12.73438,8.94836,11.9608,11.31627,11.56137,12.67337,8.65435,12.6019,12.69425,10.64774,12.10474,10.56567,12.4791,12.9959,11.14316,10.69921,9.52416,11.81125,12.99362,11.29368,12.87246,12.33858,12.0426,13.56434,12.76116,14.52986,15.35338,12.69015,15.36206,16.50867,14.21081,16.5583,15.1591,13.93402,14.61179,14.97479,16.68333,15.91278,12.19441,14.95483,14.98621,16.67586,17.76997,17.05709,16.32751,15.02977,15.40399,16.49579,15.87437,15.71278,15.10301,10.97136,14.25626,13.88799,14.3004,14.81334,12.24645,13.65592,12.74983,13.82266,15.33931,13.42831,14.31951,14.31234,11.76202,15.81718,15.73521,14.42699,15.24074,14.52077,13.53884,15.31771,15.15802,14.877,13.71551,11.98911,13.39406,13.87163,13.5511,13.92823,13.15169,11.23695,10.61265,11.96491,13.45808,13.14382,12.64004,13.84932,12.93883,10.78052,12.17259,11.0102,10.42341,9.41074,10.4214,8.99697,8.84326,10.34262,8.48231,9.13882,9.19201,10.01444,7.85622,7.38256,10.53505,7.28477,8.28196,8.48404,10.11758,9.70399,8.2055,8.08008,8.59866,8.7244,9.83936,4.72758,8.38454,8.0093,9.31059,8.97758,10.07552,10.38174,10.28715,6.4288,8.41541,6.83621,7.75134,7.77743,8.17221,8.85543,9.78301,8.41104,7.65849,8.42078,3.53974,9.39131,10.0602,8.18808,10.19584,9.20875,8.46623,9.53231,8.04286,9.23571,9.71462,8.48649,8.87152,7.14281,7.39781,8.52751,8.75277,8.03633,6.59252,8.43362,9.0654,5.66651,7.66503,8.98794,7.42606,7.47073,7.88844,9.04171,7.84488,7.42001,5.83772,7.27624,8.07846,9.42952,9.73967,9.48496,7.94745,8.47291,9.21378,8.8671,9.33999,10.13333,9.93463,7.18298,8.43058,9.084,8.65903,7.62098,6.68908,6.09267,4.67637,7.17497,9.32502,9.2526,6.5352,4.71962,7.34339,5.11856,8.62336,8.59309,8.58531,7.64391,5.74293,5.69977,7.72398,7.54551,8.70211,5.40985,7.10503,5.60132,7.81914,7.85698,8.14929,8.07665,7.71358,5.26308,7.09865,7.38121,7.68768,7.89603,7.35072,8.37745,6.1995,7.77275,7.68156,6.79956,7.63724,8.08682
iy,12.3441,13.45642,17.5525,18.8494,15.87757,15.74279,20.16588,20.50597,17.28909,17.85969,21.16468,20.78132,15.86175,16.5915,18.75395,18.12762,12.50045,16.28839,18.49424,17.07015,12.42312,16.53192,17.7274,16.01904,10.47365,15.06759,16.0043,13.49334,12.2644,15.1466,15.61565,12.28082,11.97454,14.9176,14.94698,10.24908,12.91702,15.28682,14.59069,9.5102,13.55573,15.57615,14.48091,9.72566,14.90377,16.07559,14.53013,12.82665,16.20662,17.16873,14.77361,14.43987,17.44345,18.14592,16.15174,16.70636,18.41803,18.55726,16.46704,14.07454,15.79146,16.08435,14.95988,15.72728,16.46025,15.79542,8.61963,14.95619,15.46394,14.83955,12.5456,14.62583,15.25776,14.47536,14.02916,14.33989,13.80673,12.2,12.58827,13.54845,13.47947,12.7931,13.62826,13.77816,12.86356,9.16253,13.32566,13.87676,12.78864,13.55674,14.76022,14.63661,13.14615,14.2879,16.43382,16.02861,13.99232,15.86066,16.18219,15.38441,13.88824,13.42703,14.15768,13.84273,13.13633,13.93599,13.88742,13.03725,11.70852,13.39477,13.98681,12.4351,13.11178,13.75581,13.59727,11.86553,12.30982,12.94647,12.20473,11.69244,10.92429,9.21922,9.68956,6.22891,8.68868,7.01846,7.68946,9.43625,9.91154,9.3636,9.35324,8.81155,9.01938,8.68257,6.14494,10.3364,9.32146,8.04104,8.87137,5.42043,6.36465,9.01618,7.66296,9.43773,8.86836,9.01322,5.60305,7.78115,8.08399,9.06117,9.54651,10.16596,9.66427,9.43628,7.71184,10.05113,11.81338,12.20472,12.46816,10.99835,11.15765,9.39444,7.17125,10.42113,11.11582,10.64012,10.87615,9.12361,11.47717,6.1232,9.61515,10.19849,11.01199,10.25186,8.09535,8.04287,7.16514,6.03052,6.87872,7.68405,6.27262,7.05568,6.90414,5.20282,5.5095,6.84925,2.36686,4.6665,6.52515,2.80158,2.71582,3.16257,6.69915,3.24489,4.53612,6.81741,4.35282,6.97967,5.22227,6.53432,3.58474,5.81278,6.92918,6.38216,5.64672,7.37861,6.73436,5.71466,6.50057,6.45333,7.21326,7.71862,7.0212,4.00597,5.74361,4.28063,7.02454,4.08627,5.31714,5.3429,6.53602,6.2623,5.97386,5.30229,4.9155,4.86653,5.12508,4.70637,6.39606,3.26734,5.86558,6.9479,5.7897,5.77132,6.4222,7.33178,6.6785,5.65471,5.60989,5.61074,6.42114,8.29326,7.4282,7.41656,7.89506,6.62504,6.77104,7.63998,8.29565,8.1657,6.53975,8.7519,7.15831,4.11785,6.97376,-8.17219
aa,13.55347,11.39835,18.44693,18.2123,15.4092,18.14015,20.26365,18.67254,15.42248,19.2913,18.93787,14.93431,18.8352,20.95303,19.5759,17.95527,21.76717,21.7625,17.81889,20.69943,22.86843,21.84085,13.01039,20.73985,20.49771,12.17704,18.4614,20.94711,20.01612,13.96999,20.1244,20.53571,17.02584,18.52006,21.29762,20.58221,17.76132,19.77942,21.6719,20.62692,17.80205,19.50578,17.86347,15.49713,17.2972,18.91816,16.97549,16.39787,18.31085,17.40258,14.3633,16.83228,17.52752,14.37534,15.1979,17.52787,16.8279,14.0357,17.01419,17.62561,13.31239,16.04144,18.48699,17.52523,17.36535,19.76141,19.51324,15.87475,15.91198,17.80515,16.8055,12.58579,16.33569,17.08141,14.47293,10.67095,16.10274,15.30516,11.90895,15.08656,16.15845,13.80003,12.41455,16.06359,15.44209,13.0022,15.84529,17.17552,15.41626,12.93502,18.3662,18.28444,15.63289,16.32208,16.73949,14.89019,12.1088,15.7215,14.9997,9.99875,13.39654,14.6889,12.81347,9.24483,14.55936,14.04428,9.03146,12.90924,14.43941,12.81725,11.48641,15.04457,15.35428,12.79288,12.69855,15.09925,13.92776,11.30112,12.89784,12.28587,10.22124,12.11544,13.06737,12.20515,11.81426,8.72202,12.33879,12.69538,12.74405,13.01015,11.99083,10.37757,10.15176,12.21174,10.46417,9.91403,13.53586,13.30515,6.38621,11.90201,13.74851,12.73942,11.23221,12.95769,10.92326,9.29346,11.13085,12.45714,10.41866,10.99612,12.85766,10.37624,10.69309,13.19714,13.85297,11.97646,13.51531,14.74658,13.62202,10.22545,10.92713,10.46206,5.68416,9.17871,8.73714,9.46431,7.26678,9.30534,9.34349,7.03623,9.0487,8.54144,8.49186,7.59782,9.16907,8.27078,8.57408,7.63358,9.37508,8.69144,7.61536,8.83403,8.48663,7.81643,8.3785,8.83993,7.93264,8.32256,8.27423,8.51866,7.34443,8.14706,8.06969,9.27935,8.18302,7.47476,9.49655,7.61889,8.20227,10.27818,9.98175,7.58511,10.08338,9.65131,6.82651,8.68901,9.83556,7.35469,8.40056,9.5505,6.04041,8.45211,7.31564,8.62393,7.83791,8.55587,8.3664,5.9509,9.15244,7.77448,6.94856,8.82844,7.66367,7.3267,9.6023,7.21485,7.72774,7.51266,9.5352,8.54318,2.77581,9.22982,8.70562,8.03634,8.89669,10.3596,7.9958,8.00247,9.47205,6.61835,8.65109,9.44009,9.72543,5.71407,6.34789,10.26596,7.11663,7.54692,9.9759,10.68863,7.48954,9.91024,11.08939,9.51623,10.19592,11.63863
dcl,9.78524,8.93447,14.01021,15.66007,13.91454,9.33721,15.48899,16.99715,15.1976,10.42211,13.364,14.52852,12.41222,6.97304,12.5116,13.92398,12.41324,9.34219,10.78968,10.82966,7.84613,8.47693,9.28935,9.07482,7.73273,6.43733,8.88162,8.54444,6.19487,7.74989,9.01385,9.06438,5.20279,8.72151,9.37196,11.45119,12.19416,11.54879,11.65132,10.57294,6.1552,8.33293,8.52643,6.10886,7.66075,9.39436,9.77329,8.50088,6.47603,9.2115,10.15237,10.26056,9.51601,7.70244,9.65991,10.24976,10.70303,9.93957,8.99228,8.07332,8.32473,8.04287,5.55112,8.60473,8.81022,8.06465,4.53412,2.91616,5.70591,6.11767,8.09723,9.17905,9.19985,5.68124,9.29914,9.77022,8.29377,8.5685,8.40589,8.43258,6.80037,8.56588,7.99894,6.48377,7.10083,5.8864,8.40689,5.17491,8.53824,7.5865,4.94635,6.31892,2.29645,4.42972,4.02286,5.5876,7.23682,6.38586,6.76629,7.80457,6.86251,7.1724,7.31053,7.6952,7.91564,8.51716,7.69424,6.23053,7.0588,8.11147,7.80253,6.50661,6.15308,7.68676,8.75535,8.06513,7.714,8.5122,8.01131,6.8872,6.92216,3.13127,6.54474,6.20136,3.26941,6.77911,6.84377,7.67674,7.37828,6.87493,6.64528,8.00315,7.11807,6.35916,6.16242,7.22447,7.90641,7.3001,6.16127,4.61726,6.39031,7.01633,7.38124,7.63067,8.80185,7.2347,6.19053,7.05085,6.96632,6.93667,5.11696,7.17599,6.36367,6.12193,6.83653,6.30714,6.65732,6.46265,5.10491,5.40646,2.4521,4.68103,5.02471,6.41596,6.92534,5.96421,5.35049,2.73464,3.74988,5.01996,7.35612,5.80611,6.85725,6.65008,7.88343,8.32781,5.56421,5.24487,6.15887,5.49742,4.91239,5.47052,3.64973,3.97991,4.62529,6.28412,4.86093,5.95397,6.48055,5.61319,4.95551,6.97676,6.55883,4.92405,6.13454,7.40624,5.66414,5.47232,6.3977,7.337,7.5248,6.14114,6.95781,6.77874,3.80683,6.14923,6.25872,5.75471,5.8856,6.64617,6.02944,4.84684,5.12047,6.25486,6.78332,6.43804,4.00542,6.89197,6.98479,6.92768,6.93432,7.0712,6.90629,6.79797,4.27313,5.97021,6.6649,6.44782,1.85425,6.02343,6.68851,6.90421,7.42221,7.19821,6.67233,4.77814,2.45178,6.24327,6.47547,5.42091,5.7816,6.33512,6.12223,6.31936,7.0991,6.58999,0.19513,4.86254,6.81792,7.20757,5.80231,5.46046,2.70701,4.6939,6.22005,2.66138
aa,10.69707,14.88358,17.88734,17.666,16.12159,18.41728,18.90563,17.11877,17.95966,19.50872,18.99717,19.304,20.24201,19.86937,20.50488,21.47977,20.76409,23.11244,23.24085,22.68992,21.7435,22.90101,21.12341,20.98367,21.75145,21.2351,20.41143,21.25111,19.65833,19.93234,22.29749,22.79901,20.91487,15.53142,21.13637,20.42475,18.9833,18.84152,17.85516,15.54309,16.71754,17.08963,16.82089,16.63527,16.40822,15.56949,11.9393,14.96806,14.75813,16.17055,14.73144,15.27629,15.25006,13.13977,11.98345,15.38461,14.50457,13.73761,14.75722,15.60738,13.41781,14.1683,16.21732,14.26228,12.48163,16.48134,15.73554,14.9858,15.54819,15.4296,14.08181,12.29934,13.74865,12.47896,12.84303,12.81784,13.43411,13.51005,10.80338,7.93494,11.88908,12.19894,11.74066,12.55579,11.80026,10.11331,8.58177,12.56946,7.75359,10.20741,11.18632,11.74527,10.13772,11.93458,10.66472,10.96244,4.88914,12.30753,9.62018,10.35314,10.98725,11.95436,11.91104,10.76143,9.38691,9.40572,10.61606,11.63495,12.09501,11.40797,10.97661,12.78477,14.04264,11.47759,12.03791,14.37819,12.69026,11.44692,14.18788,14.05402,10.95582,11.48971,12.53357,12.60564,10.53657,13.80383,13.31365,11.82029,10.92523,11.11838,13.66999,11.63561,12.28439,13.01553,11.48134,11.89483,10.97759,12.18723,10.50636,11.29289,11.65703,10.62608,9.79495,11.24433,12.18191,7.57057,11.56839,10.08406,7.57182,9.08259,11.05183,10.31725,9.18751,9.05264,9.56494,9.3944,9.87004,9.66925,8.6896,9.65076,10.19826,9.93343,8.10405,9.72283,7.94363,10.29428,9.66821,9.55188,9.94726,10.90487,8.72755,11.7278,10.43088,10.37139,11.05348,11.9506,8.80774,10.38731,11.91039,9.72879,6.8476,9.32894,10.27696,9.47066,10.20625,7.88697,9.28312,11.00134,10.25271,9.69965,6.86332,8.01383,9.81239,10.16194,5.45078,9.91905,9.75588,10.85745,7.53926,9.06546,8.83292,8.12454,7.69375,10.73816,7.81419,8.43382,10.1633,9.54181,10.12532,10.20968,10.81673,8.39455,10.53681,10.04767,10.51784,8.96953,10.95718,9.43039,9.67442,7.6451,10.48482,10.08594,10.27388,9.44489,8.35656,9.78105,9.7556,9.68384,8.42253,9.90301,8.87976,10.31039,6.8646,8.90633,8.14839,9.99497,7.53027,7.9928,9.68298,7.27506,9.56494,7.46304,8.78239,9.1614,8.67448,6.24451,9.00296,8.42784,9.40825,7.99424,7.26054,8.2431,8.75277,8.76501,9.10674,6.54793
dcl,10.62762,10.61264,9.53893,12.17456,14.24865,14.69495,13.28779,11.75201,12.27103,11.33435,9.63092,9.81367,9.73125,9.78294,8.03402,8.13112,9.11842,8.08485,7.67169,5.74899,8.74317,8.57956,8.50389,6.8725,7.42376,7.61556,6.23404,7.69371,7.14126,6.32244,5.31776,6.39241,6.22268,6.74944,5.48828,6.38188,3.72236,6.55849,3.13472,6.11596,6.8498,6.2635,6.52437,7.11113,7.36015,3.33722,5.52826,5.91784,6.94058,6.70601,5.23053,5.13422,6.52155,6.40188,4.70445,5.21495,5.40377,5.52026,5.88313,5.65516,6.67527,6.63853,5.1478,6.68835,7.54723,4.20392,6.9321,5.47598,6.84716,6.66519,6.56162,5.19376,4.46934,5.09269,5.0306,5.01441,5.99994,5.74347,4.94486,6.70534,7.25424,6.97967,6.449,6.26216,5.1004,6.38533,3.81309,6.30895,4.80629,4.56921,5.30633,4.84442,6.3246,5.98591,4.62745,4.58906,6.07951,5.89924,5.29032,3.78317,4.54813,2.8686,5.09311,5.724,7.10795,6.85872,3.33641,6.36765,5.86471,5.59676,5.69075,4.28379,5.78904,5.35777,6.14179,6.84402,5.91941,2.21419,3.86921,5.24888,5.20415,5.14758,5.13256,3.74334,4.67688,4.93962,5.8996,6.13871,6.76364,4.87264,6.99449,6.50233,3.93157,1.79484,2.18331,5.4711,6.02349,5.1801,4.34286,4.13604,4.40512,6.56195,7.37232,7.2636,5.59197,4.36666,1.39217,2.6251,4.36254,4.11704,5.92414,6.37432,6.06487,4.92927,5.14557,6.1216,4.88144,5.19149,4.89453,5.36814,-0.41532,6.4012,5.9193,3.96985,4.37594,6.20387,4.17343,4.60849,4.66527,3.93018,5.67721,5.76231,6.39581,5.34092,3.13599,4.08714,6.94132,6.60123,5.56919,4.56406,5.854,4.33518,2.1124,5.65475,5.69577,5.89648,5.95156,5.44409,4.82313,6.28683,5.6009,5.28698,5.57585,5.90247,6.03537,5.64788,5.59407,6.5088,5.15135,3.07212,3.8505,3.98748,6.07205,6.23986,5.37873,6.47587,6.80532,6.14428,5.55664,7.36675,6.37077,6.35104,5.50818,7.40363,8.21555,8.1029,6.00614,6.48689,5.33715,5.72572,6.01556,6.28661,4.27168,6.58982,7.68468,6.43253,4.35246,5.47202,6.97524,7.28251,7.75228,7.02156,4.44969,4.93673,5.29172,3.82847,2.66616,5.58562,5.31114,6.08726,7.08196,6.42848,5.08264,6.00668,5.49072,6.72395,6.71268,7.35506,7.6284,5.58018,7.85913,7.43016,5.90045,5.5309,8.00496,8.54562
iy,11.97762,10.57908,14.71925,18.76466,18.6851,14.93961,14.32515,20.40524,22.23738,20.83045,15.7452,16.74146,19.92815,20.05215,16.39094,13.12406,18.1952,19.48034,18.03477,14.16717,14.2532,15.92467,15.07549,12.75431,13.02614,15.67123,16.88494,14.65726,11.10018,13.94219,14.93108,14.66749,11.78898,11.9359,14.91136,15.24043,14.05814,10.11199,13.09681,14.83725,13.5291,12.02318,12.9383,14.33121,15.07291,13.31337,9.38923,14.11947,14.6788,13.90472,10.44296,13.50951,15.5043,15.76331,14.82717,12.64414,15.40263,16.21788,15.36665,12.3502,16.07023,17.58849,18.14071,17.56526,16.94059,18.54303,19.98931,19.79723,17.79475,18.48143,19.17044,18.80365,17.67452,15.75565,18.12162,18.14604,17.47382,14.5826,17.75022,18.75032,18.99164,18.41975,17.69893,19.43789,19.99507,19.7,15.11362,19.18608,19.67496,19.3768,18.66666,16.34636,18.62885,18.53345,18.01927,13.99277,18.08736,18.48549,18.42513,17.54003,16.87742,18.52025,18.4938,18.27828,14.66683,18.66901,19.10743,19.19599,18.29323,17.56911,19.11269,18.9192,18.49592,16.29271,18.49858,18.7248,18.53395,17.43031,16.74671,17.79615,17.20269,16.53369,16.41363,16.63862,16.51447,16.45091,15.11116,14.66625,15.04545,14.04977,12.69884,14.18839,13.22793,12.30751,12.9938,12.49814,10.61631,10.59713,11.65178,10.72107,13.54335,12.77231,11.71192,13.35306,11.93362,7.70431,10.09688,9.98511,8.73029,12.04107,11.18119,10.89409,10.49178,10.56315,10.31105,10.29179,9.60599,8.92818,9.62394,10.30689,8.13896,6.79099,9.89994,10.42417,11.80276,8.84922,6.62802,6.32432,8.03362,8.05119,8.02481,5.81223,8.32757,7.7671,5.96373,8.9,4.69164,7.52614,8.81577,6.20583,7.64016,7.02461,7.7864,8.26763,7.14261,6.08343,9.1777,7.74199,8.76524,7.45514,8.67137,8.41591,8.7387,8.72221,8.56825,8.50053,7.78274,6.38459,9.72347,9.26973,10.02403,8.3428,8.79051,10.53013,9.34184,10.60037,11.45026,11.50216,11.85548,11.38656,11.12634,9.99552,7.84916,9.18722,9.52898,7.87448,10.4161,10.21034,9.82846,11.00754,8.83953,10.30259,10.36824,9.99661,7.51896,11.96788,12.25448,13.51766,13.21886,11.09127,12.08872,10.79081,11.97297,10.96526,11.86925,12.8447,14.0534,13.787,12.15715,9.92162,11.55043,12.18638,11.6646,11.42431,11.85455,12.34695,12.5189,11.53033,9.03665,11.70875,12.13382,11.72581,11.33315,11.17554,11.52843,12.74112
ao,12.38789,13.43828,16.84267,17.86295,14.64615,15.3992,18.40444,18.52192,14.57762,16.72441,18.70531,17.92596,16.058,19.83088,21.31483,19.66022,18.55909,22.61879,23.24932,20.9136,19.40155,22.19398,21.83179,17.46941,20.92128,23.0502,22.21629,18.94975,21.03244,21.6607,19.59155,16.53918,20.10283,20.51011,18.1708,15.08019,17.61362,16.29933,14.18682,14.2233,16.76749,15.19919,12.84576,13.92302,15.05437,12.53611,10.63638,13.91038,14.19817,11.99633,10.69945,13.69823,11.58198,12.04222,10.6431,13.39722,10.57628,11.37941,11.49632,12.81922,11.77703,10.63099,12.0793,12.22977,11.67012,10.72968,12.47738,11.3458,12.21831,11.77769,13.01669,11.45024,12.27146,12.62396,12.95266,12.56473,12.44967,13.59724,13.40326,13.36198,13.13987,14.26458,13.31635,13.84062,14.90135,15.99939,15.9594,15.50079,16.90745,17.41369,17.11877,16.14945,17.39001,16.94873,16.28263,15.55366,16.40808,15.00874,14.54704,15.24942,15.8103,14.82585,14.09118,15.21052,15.47258,14.95972,14.37197,14.73352,14.20951,12.95256,14.04482,14.15624,13.93001,13.91863,13.38633,13.79548,13.8921,14.60634,14.45664,13.28124,12.27386,7.72739,12.4027,12.54272,12.90248,11.6788,9.36173,9.54446,11.32653,11.46472,11.72096,11.75175,11.36524,10.21184,8.9858,10.22216,11.76354,10.97139,11.7146,11.4737,10.77685,11.34421,10.3532,10.67919,11.47045,11.12514,10.85049,10.46897,13.02616,12.80775,12.31331,13.68319,13.52252,13.4215,13.28389,13.16429,14.30753,13.09663,12.5625,13.62505,13.5444,12.71439,11.84121,12.73258,13.03961,12.53963,12.62868,13.52672,12.68691,12.30154,11.0156,11.73389,11.04965,9.45667,9.25966,10.54959,9.28175,9.22256,9.05982,8.09355,8.83806,6.58466,4.77921,8.06399,7.88717,7.54129,7.6202,6.38421,7.08518,5.64861,7.64016,4.33049,7.86489,2.86611,7.7802,6.5649,8.33481,6.66052,6.41842,6.53018,7.82566,3.80034,6.15721,5.78466,6.84149,6.89331,7.50398,7.15871,7.43024,5.71178,6.92044,6.55109,8.98652,8.01185,8.26082,7.45726,7.58863,9.37983,6.03639,8.41618,10.06857,7.61397,9.44742,11.27308,12.13058,11.12222,4.33524,10.27089,11.32777,9.84929,9.38305,11.09991,10.6423,8.85331,8.42797,9.99324,10.5223,6.13044,7.09064,9.23342,7.31157,7.93238,9.76016,10.20242,9.64284,5.6438,6.65515,8.71544,5.61934,7.53751,8.84956,8.83092,8.01635,6.65265,6.48106,-2.89502
iy,11.19559,11.49675,15.36009,19.017,18.91274,15.5534,16.46143,17.71587,18.9496,17.61365,16.94544,17.70136,19.88509,19.92925,18.00714,17.19402,16.85554,17.28984,15.31243,13.66695,14.94096,15.29838,15.32953,14.42451,14.52388,13.54586,13.32481,13.69571,13.00843,13.31751,11.90173,12.01154,12.3776,12.8956,12.35693,10.79954,10.71047,11.82965,11.76059,10.40656,10.49048,12.38893,11.71297,10.96473,10.20624,11.96447,11.76843,11.20161,8.38084,10.3645,11.01455,11.83456,11.85833,9.50967,9.68523,11.29639,11.01908,11.233,10.51378,11.16174,11.75728,10.18356,11.30698,9.8869,11.79522,12.67587,9.83524,12.0906,8.70108,11.50767,13.05911,14.32066,11.56322,14.7522,13.14714,15.74623,15.92091,13.92969,15.57536,14.55899,16.39169,16.25032,14.47223,14.89064,15.03853,16.03045,15.59812,14.92226,14.25404,14.46576,15.07502,7.54732,13.1314,12.77749,13.8333,13.67949,12.39258,11.79857,12.79169,12.71125,11.2129,11.55188,11.80035,12.36577,11.20548,11.16969,12.64863,13.28798,13.1205,9.96055,13.86931,15.0393,14.90503,13.63988,13.77926,14.73819,14.79741,14.25792,12.24983,12.63664,11.37899,12.24834,12.13191,10.1002,10.7161,11.99314,11.65206,7.66625,11.6382,12.40113,12.59386,11.99592,12.73387,13.33872,13.16815,12.71751,12.86295,12.40075,8.01537,10.95334,12.10148,12.18836,11.40673,12.80684,12.52513,12.73247,13.96257,12.8348,12.51442,10.60594,10.83564,10.95262,11.31461,10.53587,8.02558,9.26523,9.29828,9.73802,8.89094,8.73067,7.91202,8.99801,9.0441,8.62395,8.43019,6.74495,7.32001,6.45552,7.23365,7.56394,6.26933,8.06912,2.42677,8.90439,7.13074,9.0215,6.93007,8.71252,7.26601,4.46313,8.45823,7.5104,7.9584,7.78313,6.4614,7.33806,6.17495,6.28534,7.68459,5.85658,7.56451,6.97923,8.54203,8.14675,4.86389,6.62604,5.50764,7.08088,7.67159,6.78095,7.45912,4.89884,6.49292,7.50508,5.98279,7.75457,7.64044,8.49233,7.52161,8.28758,7.8052,1.75346,7.36961,5.9298,6.80745,6.85085,6.48958,4.80102,5.52416,8.72262,7.93883,7.58165,7.94346,8.33465,8.44822,10.0312,9.18811,5.53718,7.68521,9.23588,9.06511,8.58916,10.03061,10.1052,7.15519,5.26095,8.4057,5.23538,5.80153,6.46655,5.42969,4.26715,6.45632,7.51512,9.25706,9.36783,8.76746,7.14566,7.71094,8.59584,8.08196,8.67368,4.23636,9.73215,9.84341,10.17001
